ISO3,Country_Name,Year,Production_tonnes,FAO_Flag,Export_Value_1000USD,Export_Qty_tonnes,Import_Value_1000USD,Import_Qty_tonnes,Avg_Temp_C,Temp_Source,Rain_mm,Rain_Source,Population,Brent_Avg
AGO,Angola,1995,3300.0,X,4710.835999999999,1573.431,18.325,2.487,22.9,Berkeley Earth,964.2,ERA5-Land (Open-Meteo),13699778.0,17.03
AGO,Angola,1996,2820.0,X,6967.37,3132.637,120.042,66.722,22.53,Berkeley Earth,1074.2,ERA5-Land (Open-Meteo),14170973.0,20.64
AGO,Angola,1997,3840.0,X,6171.448,2980.873,269.389,123.643,22.45,Berkeley Earth,984.2,ERA5-Land (Open-Meteo),14660413.0,19.15
AGO,Angola,1998,5100.0,X,6076.847,2872.51,17.475,2.437,23.27,Berkeley Earth,1278.6,ERA5-Land (Open-Meteo),15159370.0,12.79
AGO,Angola,1999,3300.0,X,5637.214,3304.8,213.242,107.811,22.62,Berkeley Earth,1120.8,ERA5-Land (Open-Meteo),15667235.0,17.85
AGO,Angola,2000,4260.0,X,2729.834,1973.246,43.122,10.308,22.63,Berkeley Earth,1018.3,ERA5-Land (Open-Meteo),16194869.0,28.57
AGO,Angola,2001,3300.0,X,955.581,963.235,76.05,27.508,22.81,Berkeley Earth,1231.9,ERA5-Land (Open-Meteo),16747208.0,24.49
AGO,Angola,2002,1260.0,X,418.362,542.86,264.825,211.088,22.9,Berkeley Earth,1104.3,ERA5-Land (Open-Meteo),17327699.0,25.0
AGO,Angola,2003,2040.0,X,815.587,845.919,254.279,94.477,23.06,Berkeley Earth,1321.9,ERA5-Land (Open-Meteo),17943712.0,28.88
AGO,Angola,2004,1980.0,X,661.73,698.287,122.271,84.258,22.66,Berkeley Earth,1187.7,ERA5-Land (Open-Meteo),18600423.0,38.23
AGO,Angola,2005,3500.0,E,468.65,424.878,102.21,40.07299999999999,23.18,Berkeley Earth,1056.0,ERA5-Land (Open-Meteo),19291161.0,54.49
AGO,Angola,2006,5000.0,E,533.296,394.695,221.192,39.643,22.66,Berkeley Earth,1079.5,ERA5-Land (Open-Meteo),20015279.0,65.18
AGO,Angola,2007,11523.0,A,503.244,56579.342,182.081,38.658,23.12,Berkeley Earth,1167.3,ERA5-Land (Open-Meteo),20778561.0,72.58
AGO,Angola,2008,4000.0,A,843.993,330.056,603.504,171.831,22.74,Berkeley Earth,1000.0,ERA5-Land (Open-Meteo),21578655.0,97.02
AGO,Angola,2009,11982.0,A,981.654,34601.71,504.43,81.002,22.84,Berkeley Earth,1190.3,ERA5-Land (Open-Meteo),22414773.0,61.56
AGO,Angola,2010,9951.0,A,528.62,12890.063,224.314,361.814,23.07,Berkeley Earth,1343.7,ERA5-Land (Open-Meteo),23294825.0,79.45
AGO,Angola,2011,10192.0,A,861.607,8100.822999999999,277.623,53.401,22.31,Berkeley Earth,1309.1,ERA5-Land (Open-Meteo),24218352.0,111.18
AGO,Angola,2012,11740.03,I,1118.478,6988.492,195.055,58.747,22.32,Berkeley Earth,1133.2,ERA5-Land (Open-Meteo),25177394.0,111.61
AGO,Angola,2013,12550.0,A,501.18000000000006,6639.578,366.473,108.594,22.98,Berkeley Earth,1106.4,ERA5-Land (Open-Meteo),26165620.0,108.62
AGO,Angola,2014,15009.0,A,736.173,2606.124,585.427,147.988,22.76,Berkeley Earth,1197.4,ERA5-Land (Open-Meteo),27160769.0,98.97
AGO,Angola,2015,15000.0,A,1780.472,894.5569999999999,674.3,159.007,23.22,Berkeley Earth,1068.3,ERA5-Land (Open-Meteo),28157798.0,52.38
AGO,Angola,2016,14679.61,I,997.175,505.215,301.05600000000004,132.263,23.41,Berkeley Earth,1020.5,ERA5-Land (Open-Meteo),29183070.0,43.63
AGO,Angola,2017,13542.99,I,1218.538,529.986,169.314,47.405,20.19,ERA5 (Open-Meteo),1025.8,ERA5-Land (Open-Meteo),30234839.0,54.22
AGO,Angola,2018,13228.18,I,1322.866,650.694,226.459,46.229,20.25,ERA5 (Open-Meteo),1207.9,ERA5-Land (Open-Meteo),31297155.0,71.12
AGO,Angola,2019,13256.51,I,1625.919,982.561,286.088,48.881,20.16,ERA5 (Open-Meteo),934.6,ERA5-Land (Open-Meteo),32375632.0,64.38
AGO,Angola,2020,11652.14,I,2157.711,1312.803,274.932,18.434,19.83,ERA5 (Open-Meteo),1197.9,ERA5-Land (Open-Meteo),33451132.0,41.89
AGO,Angola,2021,10304.0,A,1657.634,962.801,144.06099999999998,29.939,19.76,ERA5 (Open-Meteo),825.6,ERA5-Land (Open-Meteo),34532429.0,70.68
AGO,Angola,2022,5206.0,A,1640.582,754.783,184.319,43.63,19.69,ERA5 (Open-Meteo),1015.7,ERA5-Land (Open-Meteo),35635029.0,100.98
AGO,Angola,2023,6229.0,A,2652.108,1049.584,161.419,25.539,20.25,ERA5 (Open-Meteo),1009.2,ERA5-Land (Open-Meteo),36749906.0,82.5
AGO,Angola,2024,7584.0,A,4877.724999999999,1640.076,164.328,35.337,20.5,ERA5 (Open-Meteo),1034.0,ERA5-Land (Open-Meteo),37885849.0,80.55
BLZ,Belize,1998,93.0,A,33.421,8.437000000000001,2.26,3.891,26.3,Berkeley Earth,1396.8,ERA5-Land (Open-Meteo),225173.0,12.79
BLZ,Belize,1999,70.0,A,,,5.7330000000000005,22.624,25.4,Berkeley Earth,1309.5,ERA5-Land (Open-Meteo),233059.0,17.85
BLZ,Belize,2000,165.0,E,109.99,64.594,26.804,17.822,25.24,Berkeley Earth,1203.9,ERA5-Land (Open-Meteo),240799.0,28.57
BLZ,Belize,2001,229.0,A,214.31500000000003,146.108,42.281,38.252,25.58,Berkeley Earth,1086.8,ERA5-Land (Open-Meteo),248379.0,24.49
BLZ,Belize,2002,227.0,A,66.209,35.38,3.95,3.404,25.82,Berkeley Earth,985.1,ERA5-Land (Open-Meteo),256009.0,25.0
BLZ,Belize,2003,229.0,A,16.62,8.999,52.057,41.52,25.86,Berkeley Earth,1001.0,ERA5-Land (Open-Meteo),263780.0,28.88
BLZ,Belize,2004,231.0,A,60.437000000000005,50.498,23.985,15.233999999999998,25.63,Berkeley Earth,989.9,ERA5-Land (Open-Meteo),271688.0,38.23
BLZ,Belize,2005,54.0,A,52.18,19.361,15.951,6.001,25.9,Berkeley Earth,1201.1,ERA5-Land (Open-Meteo),279731.0,54.49
BLZ,Belize,2006,95.0,A,93.733,19.365,38.028,31.228,25.51,Berkeley Earth,1445.0,ERA5-Land (Open-Meteo),287878.0,65.18
BLZ,Belize,2007,45.0,A,131.669,34.45,43.788,15.211,25.87,Berkeley Earth,1303.1,ERA5-Land (Open-Meteo),296100.0,72.58
BLZ,Belize,2008,90.0,E,15.241,2.994,24.963,8.665000000000001,25.57,Berkeley Earth,1375.1,ERA5-Land (Open-Meteo),304361.0,97.02
BLZ,Belize,2009,105.19,I,229.288,88.16900000000001,7.931,3.69,25.81,Berkeley Earth,881.5,ERA5-Land (Open-Meteo),312614.0,61.56
BLZ,Belize,2010,90.46,I,223.819,80.451,5.462,3.423,25.52,Berkeley Earth,1259.7,ERA5-Land (Open-Meteo),320245.0,79.45
BLZ,Belize,2011,90.68,I,347.949,60.54,9.891,5.992999999999999,25.85,Berkeley Earth,1266.1,ERA5-Land (Open-Meteo),327298.0,111.18
BLZ,Belize,2012,88.98,I,280.799,81.982,10.353,5.065,25.78,Berkeley Earth,1233.9,ERA5-Land (Open-Meteo),334414.0,111.61
BLZ,Belize,2013,87.27,I,58.407,22.329,16.752000000000002,9.04,25.92,Berkeley Earth,1586.1,ERA5-Land (Open-Meteo),341627.0,108.62
BLZ,Belize,2014,87.54,I,345.205,100.619,151.677,46.182,25.74,Berkeley Earth,1435.3,ERA5-Land (Open-Meteo),348923.0,98.97
BLZ,Belize,2015,91.22,I,199.346,61.059,67.268,27.321,26.37,Berkeley Earth,1306.6,ERA5-Land (Open-Meteo),356333.0,52.38
BLZ,Belize,2016,89.13,I,56.976,26.875,651.508,230.215,26.28,Berkeley Earth,1222.2,ERA5-Land (Open-Meteo),364705.0,43.63
BLZ,Belize,2017,89.3,E,494.772,165.737,338.761,91.144,25.03,ERA5 (Open-Meteo),1932.5,ERA5-Land (Open-Meteo),373202.0,54.22
BLZ,Belize,2018,89.88,E,917.327,339.505,117.655,21.302,24.72,ERA5 (Open-Meteo),1843.3,ERA5-Land (Open-Meteo),380226.0,71.12
BLZ,Belize,2019,89.44,E,275.654,106.102,619.065,263.271,25.92,ERA5 (Open-Meteo),1275.2,ERA5-Land (Open-Meteo),385829.0,64.38
BLZ,Belize,2020,89.54,E,359.083,165.228,210.128,61.919,25.85,ERA5 (Open-Meteo),1935.2,ERA5-Land (Open-Meteo),390812.0,41.89
BLZ,Belize,2021,89.62,E,653.875,240.735,386.911,105.153,25.46,ERA5 (Open-Meteo),1423.5,ERA5-Land (Open-Meteo),395346.0,70.68
BLZ,Belize,2022,89.53,E,1151.691,237.55,232.6,45.67,25.07,ERA5 (Open-Meteo),2145.5,ERA5-Land (Open-Meteo),402733.0,100.98
BLZ,Belize,2023,89.56,E,12.274,2.377,391.966,129.275,26.03,ERA5 (Open-Meteo),1707.9,ERA5-Land (Open-Meteo),411106.0,82.5
BLZ,Belize,2024,89.57,E,962.948,230.011,300.107,67.074,26.21,ERA5 (Open-Meteo),1996.8,ERA5-Land (Open-Meteo),417072.0,80.55
BEN,Benin,1995,174.67,I,424.679,169.385,51.089,17.039,27.83,Berkeley Earth,1199.8,ERA5-Land (Open-Meteo),6226773.0,17.03
BEN,Benin,1996,165.26,I,36.36,34.378,34.641,7.245,27.93,Berkeley Earth,1218.5,ERA5-Land (Open-Meteo),6391858.0,20.64
BEN,Benin,1997,160.65,I,22.302,19.093,,,27.79,Berkeley Earth,1205.6,ERA5-Land (Open-Meteo),6583365.0,19.15
BEN,Benin,1998,153.89,I,99.162,70.134,14.858,7.0,28.28,Berkeley Earth,1262.3,ERA5-Land (Open-Meteo),6789489.0,12.79
BEN,Benin,1999,150.68,I,23.117,20.527,16.381,29.312,27.8,Berkeley Earth,1507.7,ERA5-Land (Open-Meteo),7002818.0,17.85
BEN,Benin,2000,142.51,I,0.057,0.116,2.205,0.354,27.71,Berkeley Earth,1138.6,ERA5-Land (Open-Meteo),7221619.0,28.57
BEN,Benin,2001,150.0,E,6.532,5.726,1.667,0.791,27.87,Berkeley Earth,1019.5,ERA5-Land (Open-Meteo),7445596.0,24.49
BEN,Benin,2002,100.0,E,,,8.522,2.185,27.98,Berkeley Earth,1335.0,ERA5-Land (Open-Meteo),7675426.0,25.0
BEN,Benin,2003,60.0,X,,,0.979,0.625,28.23,Berkeley Earth,1127.3,ERA5-Land (Open-Meteo),7913070.0,28.88
BEN,Benin,2004,85.77,I,,,6.218,1.0,28.14,Berkeley Earth,949.7,ERA5-Land (Open-Meteo),8159094.0,38.23
BEN,Benin,2005,82.25,I,661.953,129.6,5.53,5.273,28.43,Berkeley Earth,993.5,ERA5-Land (Open-Meteo),8426144.0,54.49
BEN,Benin,2006,60.0,X,,,2.393,3.523,28.32,Berkeley Earth,1086.1,ERA5-Land (Open-Meteo),8693242.0,65.18
BEN,Benin,2007,60.0,X,,,17.213,9.099,28.23,Berkeley Earth,934.7,ERA5-Land (Open-Meteo),8953969.0,72.58
BEN,Benin,2008,70.43,I,,,13.919,25.814,27.89,Berkeley Earth,1169.2,ERA5-Land (Open-Meteo),9228466.0,97.02
BEN,Benin,2009,67.34,I,,,49.17100000000001,22.99,28.13,Berkeley Earth,1105.2,ERA5-Land (Open-Meteo),9509423.0,61.56
BEN,Benin,2010,60.0,E,,,78.691,97.024,28.33,Berkeley Earth,1140.3,ERA5-Land (Open-Meteo),9797484.0,79.45
BEN,Benin,2011,65.0,E,,,15.182,31.454,28.13,Berkeley Earth,822.1,ERA5-Land (Open-Meteo),10093623.0,111.18
BEN,Benin,2012,68.0,E,,,36.559,55.65,27.91,Berkeley Earth,1223.0,ERA5-Land (Open-Meteo),10397657.0,111.61
BEN,Benin,2013,70.0,E,0.189,0.137,110.194,141.893,28.06,Berkeley Earth,1015.0,ERA5-Land (Open-Meteo),10708834.0,108.62
BEN,Benin,2014,57.3,I,0.215,0.202,128.619,143.48,28.15,Berkeley Earth,1178.9,ERA5-Land (Open-Meteo),11030004.0,98.97
BEN,Benin,2015,48.76,I,0.115,0.011,95.012,111.621,28.18,Berkeley Earth,1048.1,ERA5-Land (Open-Meteo),11360681.0,52.38
BEN,Benin,2016,58.69,E,0.495,4.812,235.257,274.994,28.38,Berkeley Earth,1217.0,ERA5-Land (Open-Meteo),11697842.0,43.63
BEN,Benin,2017,54.91,E,0.455,0.475,254.673,262.426,26.89,ERA5 (Open-Meteo),1089.7,ERA5-Land (Open-Meteo),12039780.0,54.22
BEN,Benin,2018,54.12,E,,,181.166,184.932,26.32,ERA5 (Open-Meteo),1252.3,ERA5-Land (Open-Meteo),12383347.0,71.12
BEN,Benin,2019,55.91,E,,,38.401,11.658,26.52,ERA5 (Open-Meteo),1185.0,ERA5-Land (Open-Meteo),12726755.0,64.38
BEN,Benin,2020,54.98,E,,,0.795,1.854,26.54,ERA5 (Open-Meteo),906.1,ERA5-Land (Open-Meteo),13070169.0,41.89
BEN,Benin,2021,55.0,E,,,117.345,63.119,26.68,ERA5 (Open-Meteo),887.3,ERA5-Land (Open-Meteo),13413417.0,70.68
BEN,Benin,2022,55.3,E,0.13,0.045,37.699,8.23,26.06,ERA5 (Open-Meteo),1025.2,ERA5-Land (Open-Meteo),13759501.0,100.98
BEN,Benin,2023,55.09,E,81.14699999999999,20.165,92.425,41.429,26.68,ERA5 (Open-Meteo),832.8,ERA5-Land (Open-Meteo),14111034.0,82.5
BEN,Benin,2024,55.13,E,0.009,0.007,8.433,1.602,27.02,ERA5 (Open-Meteo),1004.0,ERA5-Land (Open-Meteo),14462724.0,80.55
BOL,Bolivia (Plurinational State of),1995,20323.0,A,19588.206,6521.073,,,21.54,Berkeley Earth,3198.1,ERA5-Land (Open-Meteo),7874676.0,17.03
BOL,Bolivia (Plurinational State of),1996,22015.0,A,21427.524,9213.76,,,21.02,Berkeley Earth,3132.1,ERA5-Land (Open-Meteo),8021736.0,20.64
BOL,Bolivia (Plurinational State of),1997,22608.0,A,31811.965,8258.518,,,21.65,Berkeley Earth,3688.4,ERA5-Land (Open-Meteo),8167900.0,19.15
BOL,Bolivia (Plurinational State of),1998,22532.0,A,20776.117,7622.672,4.297,0.066,21.45,Berkeley Earth,3202.1,ERA5-Land (Open-Meteo),8313394.0,12.79
BOL,Bolivia (Plurinational State of),1999,26931.0,A,17184.849000000002,8929.264000000001,,,20.88,Berkeley Earth,2254.9,ERA5-Land (Open-Meteo),8459806.0,17.85
BOL,Bolivia (Plurinational State of),2000,27696.0,A,14189.468,8235.304,66.463,58.914,20.88,Berkeley Earth,2966.8,ERA5-Land (Open-Meteo),8606326.0,28.57
BOL,Bolivia (Plurinational State of),2001,24086.0,A,9365.486,6442.816,62.59,103.585,21.07,Berkeley Earth,2691.9,ERA5-Land (Open-Meteo),8752736.0,24.49
BOL,Bolivia (Plurinational State of),2002,24513.0,A,6969.877,5105.223,9.443,19.459,21.51,Berkeley Earth,2790.4,ERA5-Land (Open-Meteo),8900355.0,25.0
BOL,Bolivia (Plurinational State of),2003,24700.0,A,7396.85,4835.502,264.687,276.562,21.17,Berkeley Earth,2669.7,ERA5-Land (Open-Meteo),9050700.0,28.88
BOL,Bolivia (Plurinational State of),2004,24546.0,A,9570.062,5509.757,4.593,2.308,21.29,Berkeley Earth,2480.3,ERA5-Land (Open-Meteo),9204287.0,38.23
BOL,Bolivia (Plurinational State of),2005,24976.0,A,11948.346,5189.743,232.571,107.028,21.32,Berkeley Earth,2614.8,ERA5-Land (Open-Meteo),9360754.0,54.49
BOL,Bolivia (Plurinational State of),2006,25272.0,A,14262.63,5560.532,176.852,73.006,21.4,Berkeley Earth,3126.7,ERA5-Land (Open-Meteo),9521689.0,65.18
BOL,Bolivia (Plurinational State of),2007,27012.0,A,15585.267999999998,5522.648,18.969,6.2250000000000005,21.02,Berkeley Earth,3321.2,ERA5-Land (Open-Meteo),9685960.0,72.58
BOL,Bolivia (Plurinational State of),2008,27305.0,A,16143.999,4739.971,35.912,7.954,20.95,Berkeley Earth,2596.0,ERA5-Land (Open-Meteo),9850858.0,97.02
BOL,Bolivia (Plurinational State of),2009,28270.0,A,17670.003,5218.214,0.475,0.158,21.26,Berkeley Earth,3106.9,ERA5-Land (Open-Meteo),10016275.0,61.56
BOL,Bolivia (Plurinational State of),2010,27327.02,A,15959.437,4678.52,0.206,0.27,21.38,Berkeley Earth,2340.5,ERA5-Land (Open-Meteo),10182345.0,79.45
BOL,Bolivia (Plurinational State of),2011,27596.4,A,26886.338,4805.66,0.589,0.443,21.65,Berkeley Earth,2181.2,ERA5-Land (Open-Meteo),10348929.0,111.18
BOL,Bolivia (Plurinational State of),2012,28136.86,A,21362.328,4372.102,5.683,0.7300000000000001,21.49,Berkeley Earth,3352.4,ERA5-Land (Open-Meteo),10515807.0,111.61
BOL,Bolivia (Plurinational State of),2013,29455.13,A,16204.14,3733.812,121.37399999999998,41.235,21.19,Berkeley Earth,2572.5,ERA5-Land (Open-Meteo),10682608.0,108.62
BOL,Bolivia (Plurinational State of),2014,20496.0,A,17157.769,3747.875,,,21.61,Berkeley Earth,3952.1,ERA5-Land (Open-Meteo),10848888.0,98.97
BOL,Bolivia (Plurinational State of),2015,20954.0,A,11345.314,2116.243,5.007,0.645,22.09,Berkeley Earth,3097.1,ERA5-Land (Open-Meteo),11014705.0,52.38
BOL,Bolivia (Plurinational State of),2016,21427.0,A,8291.065999999999,1499.629,24.105,4.640000000000001,21.5,Berkeley Earth,2923.4,ERA5-Land (Open-Meteo),11180020.0,43.63
BOL,Bolivia (Plurinational State of),2017,21181.0,A,9865.422,1527.597,15.338,8.588000000000001,11.84,ERA5 (Open-Meteo),3417.9,ERA5-Land (Open-Meteo),11344587.0,54.22
BOL,Bolivia (Plurinational State of),2018,22120.99,A,10364.511,1725.11,1.598,0.784,11.37,ERA5 (Open-Meteo),3921.9,ERA5-Land (Open-Meteo),11508368.0,71.12
BOL,Bolivia (Plurinational State of),2019,24841.0,A,8998.301,1322.827,2.292,1.218,11.87,ERA5 (Open-Meteo),4063.6,ERA5-Land (Open-Meteo),11671386.0,64.38
BOL,Bolivia (Plurinational State of),2020,23401.0,A,8796.537,1350.741,3.791,1.432,12.38,ERA5 (Open-Meteo),3467.8,ERA5-Land (Open-Meteo),11816299.0,41.89
BOL,Bolivia (Plurinational State of),2021,23451.98,A,10107.955,1705.005,21.106,4.952,11.66,ERA5 (Open-Meteo),3979.0,ERA5-Land (Open-Meteo),11937360.0,70.68
BOL,Bolivia (Plurinational State of),2022,23238.78,A,13947.45,2510.628,41.069,7.267,11.63,ERA5 (Open-Meteo),3181.1,ERA5-Land (Open-Meteo),12077154.0,100.98
BOL,Bolivia (Plurinational State of),2023,23579.45,A,12629.751,1925.125,32.256,5.598999999999999,12.48,ERA5 (Open-Meteo),3811.5,ERA5-Land (Open-Meteo),12244159.0,82.5
BOL,Bolivia (Plurinational State of),2024,23063.65,A,15402.878,2459.456,28.164,6.091,12.29,ERA5 (Open-Meteo),3371.7,ERA5-Land (Open-Meteo),12413315.0,80.55
BRA,Brazil,1995,930135.0,A,2329396.435,736269.004,5383.328,1526.466,25.68,Berkeley Earth,1556.2,ERA5-Land (Open-Meteo),161735073.0,17.03
BRA,Brazil,1996,1369196.0,A,1793437.895,743100.742,2160.029,1098.413,25.45,Berkeley Earth,1731.5,ERA5-Land (Open-Meteo),164202549.0,20.64
BRA,Brazil,1997,1228513.0,A,2821097.339,898454.9709999999,2008.547,717.511,25.68,Berkeley Earth,1553.5,ERA5-Land (Open-Meteo),166661659.0,19.15
BRA,Brazil,1998,1689366.0,A,2578815.471,983623.914,97.305,71.92099999999999,26.11,Berkeley Earth,1397.2,ERA5-Land (Open-Meteo),169159655.0,12.79
BRA,Brazil,1999,1631852.0,A,2324621.017,1280344.42,703.581,445.571,25.42,Berkeley Earth,1683.2,ERA5-Land (Open-Meteo),171641543.0,17.85
BRA,Brazil,2000,1903562.0,A,1753835.35,964450.558,302.196,217.691,25.33,Berkeley Earth,1589.5,ERA5-Land (Open-Meteo),174018282.0,28.57
BRA,Brazil,2001,1819569.0,A,1447699.508,1205630.044,301.729,264.205,25.57,Berkeley Earth,1463.4,ERA5-Land (Open-Meteo),176301203.0,24.49
BRA,Brazil,2002,2610524.0,A,1346067.525,1484625.825,132.258,171.401,25.94,Berkeley Earth,1219.2,ERA5-Land (Open-Meteo),178503484.0,25.0
BRA,Brazil,2003,1987074.0,A,1453903.482,1369064.315,243.008,129.551,25.81,Berkeley Earth,1566.7,ERA5-Land (Open-Meteo),180622688.0,28.88
BRA,Brazil,2004,2465710.0,A,1917460.547,1406752.541,67.62100000000001,104.866,25.6,Berkeley Earth,1592.1,ERA5-Land (Open-Meteo),182675143.0,38.23
BRA,Brazil,2005,2140169.0,A,2692912.51,1395529.948,162.844,113.522,25.92,Berkeley Earth,1852.9,ERA5-Land (Open-Meteo),184688101.0,54.49
BRA,Brazil,2006,2573368.0,A,3093725.972,1494150.923,241.288,149.78300000000002,25.7,Berkeley Earth,1464.1,ERA5-Land (Open-Meteo),186653106.0,65.18
BRA,Brazil,2007,2249011.0,A,3535537.9050000003,1532082.367,713.971,195.663,25.79,Berkeley Earth,1422.6,ERA5-Land (Open-Meteo),188552320.0,72.58
BRA,Brazil,2008,2796927.0,A,4197550.835,1576307.082,115.839,47.064,25.53,Berkeley Earth,1724.6,ERA5-Land (Open-Meteo),190367302.0,97.02
BRA,Brazil,2009,2440056.0,A,4050847.164,1708423.257,341.899,117.771,25.8,Berkeley Earth,1796.7,ERA5-Land (Open-Meteo),192079951.0,61.56
BRA,Brazil,2010,2907265.0,A,5330344.676,1805671.262,36.65,4.665,26.0,Berkeley Earth,1577.1,ERA5-Land (Open-Meteo),193701929.0,79.45
BRA,Brazil,2011,2700540.0,A,8248624.269,1840020.706,550.204,117.825,25.65,Berkeley Earth,1660.9,ERA5-Land (Open-Meteo),195284734.0,111.18
BRA,Brazil,2012,3037534.0,A,6199944.828000001,1558613.502,2565.807,829.008,25.92,Berkeley Earth,1614.8,ERA5-Land (Open-Meteo),196876111.0,111.61
BRA,Brazil,2013,2964538.0,A,5241897.021,1752541.59,434.99,132.70399999999998,25.75,Berkeley Earth,2017.4,ERA5-Land (Open-Meteo),198478299.0,108.62
BRA,Brazil,2014,2804070.0,A,6298726.899,2003063.869,1693.632,650.408,25.91,Berkeley Earth,1626.4,ERA5-Land (Open-Meteo),200085127.0,98.97
BRA,Brazil,2015,2647504.0,A,6016180.375,2046073.617,909.332,456.138,26.39,Berkeley Earth,1357.6,ERA5-Land (Open-Meteo),201675532.0,52.38
BRA,Brazil,2016,3024466.0,A,5191980.355,1892485.112,1301.772,378.895,26.28,Berkeley Earth,1640.7,ERA5-Land (Open-Meteo),203218114.0,43.63
BRA,Brazil,2017,2684508.0,A,5060431.450999999,1723396.74,918.25,402.287,25.37,ERA5 (Open-Meteo),1708.4,ERA5-Land (Open-Meteo),204703445.0,54.22
BRA,Brazil,2018,3552729.0,A,4762255.715,1858338.062,2216.262,965.813,24.92,ERA5 (Open-Meteo),1862.1,ERA5-Land (Open-Meteo),206107261.0,71.12
BRA,Brazil,2019,3011745.0,A,4986848.286,2269857.171,3282.184,1557.223,25.21,ERA5 (Open-Meteo),1538.7,ERA5-Land (Open-Meteo),207455459.0,64.38
BRA,Brazil,2020,3705719.0,A,5158441.677,2342562.952,7038.496,3017.148,25.29,ERA5 (Open-Meteo),1728.9,ERA5-Land (Open-Meteo),208660842.0,41.89
BRA,Brazil,2021,2985581.0,A,6116363.759,2345528.451,4501.615,2542.456,24.98,ERA5 (Open-Meteo),2234.5,ERA5-Land (Open-Meteo),209550294.0,70.68
BRA,Brazil,2022,3179341.0,A,9141481.314,2221462.007,13024.357,5401.977,25.31,ERA5 (Open-Meteo),1698.0,ERA5-Land (Open-Meteo),210306415.0,100.98
BRA,Brazil,2023,3348510.0,A,7891404.654,2170195.878,13884.359,6938.986999999999,25.5,ERA5 (Open-Meteo),1553.8,ERA5-Land (Open-Meteo),211140729.0,82.5
BRA,Brazil,2024,3387724.0,A,11200593.703,2790450.358,5668.565,2244.429,25.53,ERA5 (Open-Meteo),1896.0,ERA5-Land (Open-Meteo),211998573.0,80.55
BDI,Burundi,1995,25516.0,A,146656.909,40268.799,131.742,52.847,20.88,Berkeley Earth,777.5,ERA5-Land (Open-Meteo),6066316.0,17.03
BDI,Burundi,1996,26875.0,A,57502.271,22895.3,,,20.49,Berkeley Earth,660.9,ERA5-Land (Open-Meteo),6070506.0,20.64
BDI,Burundi,1997,19991.0,A,78778.983,21695.872,,,21.05,Berkeley Earth,1009.1,ERA5-Land (Open-Meteo),6070042.0,19.15
BDI,Burundi,1998,16937.0,A,67919.931,23149.555,,,21.0,Berkeley Earth,752.9,ERA5-Land (Open-Meteo),6187108.0,12.79
BDI,Burundi,1999,29130.0,A,48401.841,22473.401,181.565,90.0,20.24,Berkeley Earth,574.5,ERA5-Land (Open-Meteo),6337155.0,17.85
BDI,Burundi,2000,67439.0,A,45187.107,24489.319,48.037,28.391,20.84,Berkeley Earth,526.8,ERA5-Land (Open-Meteo),6470194.0,28.57
BDI,Burundi,2001,70980.0,A,26019.582,17603.38,25.364,21.416,20.55,Berkeley Earth,670.6,ERA5-Land (Open-Meteo),6634365.0,24.49
BDI,Burundi,2002,182182.0,A,18901.134,14815.977,17.051,18.13,20.95,Berkeley Earth,695.5,ERA5-Land (Open-Meteo),6824132.0,25.0
BDI,Burundi,2003,35682.0,A,32080.354,23906.869,28.769,37.2,20.99,Berkeley Earth,445.5,ERA5-Land (Open-Meteo),7043154.0,28.88
BDI,Burundi,2004,204509.0,A,27207.563,15312.031,134.28,94.73,21.01,Berkeley Earth,636.0,ERA5-Land (Open-Meteo),7310656.0,38.23
BDI,Burundi,2005,34828.0,A,74494.945,35686.641,199.721,104.34,21.87,Berkeley Earth,645.9,ERA5-Land (Open-Meteo),7587299.0,54.49
BDI,Burundi,2006,149460.0,A,38394.468,18630.255,108.927,44.524,21.37,Berkeley Earth,797.9,ERA5-Land (Open-Meteo),7865547.0,65.18
BDI,Burundi,2007,31964.0,A,59365.511,24728.726,,,20.99,Berkeley Earth,640.3,ERA5-Land (Open-Meteo),8161874.0,72.58
BDI,Burundi,2008,100475.0,A,35803.605,13319.447,556.876,980.0,20.92,Berkeley Earth,639.8,ERA5-Land (Open-Meteo),8505637.0,97.02
BDI,Burundi,2009,20517.0,A,75304.669,26436.25,70.76899999999999,45.916,21.05,Berkeley Earth,642.4,ERA5-Land (Open-Meteo),8947646.0,61.56
BDI,Burundi,2010,89960.0,A,69610.48300000001,20389.979,530.4670000000001,97.8,21.52,Berkeley Earth,851.1,ERA5-Land (Open-Meteo),9376444.0,79.45
BDI,Burundi,2011,41960.0,A,100968.193,21633.589,0.196,0.35,20.85,Berkeley Earth,982.9,ERA5-Land (Open-Meteo),9717978.0,111.18
BDI,Burundi,2012,26340.0,A,66361.437,16605.516,0.776,0.3,20.93,Berkeley Earth,744.9,ERA5-Land (Open-Meteo),10071028.0,111.61
BDI,Burundi,2013,22625.0,A,38543.747,11862.522,15.927,4.069999999999999,20.99,Berkeley Earth,696.7,ERA5-Land (Open-Meteo),10439341.0,108.62
BDI,Burundi,2014,10405.0,A,32407.49,9421.227,1.225,0.68,21.07,Berkeley Earth,752.3,ERA5-Land (Open-Meteo),10799785.0,98.97
BDI,Burundi,2015,18367.0,A,40596.763,10823.737,0.0849999999999999,0.04,21.19,Berkeley Earth,689.4,ERA5-Land (Open-Meteo),11047580.0,52.38
BDI,Burundi,2016,13624.46,A,43238.851,13389.86,0.538,0.619,21.43,Berkeley Earth,665.1,ERA5-Land (Open-Meteo),11239451.0,43.63
BDI,Burundi,2017,16340.0,A,38112.776,11465.49,3.263,0.722,19.46,ERA5 (Open-Meteo),779.5,ERA5-Land (Open-Meteo),11506762.0,54.22
BDI,Burundi,2018,14216.0,A,45490.968,16830.47,0.6799999999999999,0.484,18.67,ERA5 (Open-Meteo),1070.9,ERA5-Land (Open-Meteo),11859446.0,71.12
BDI,Burundi,2019,14059.0,A,50629.118,17886.432,0.842,0.392,19.12,ERA5 (Open-Meteo),1215.0,ERA5-Land (Open-Meteo),12255336.0,64.38
BDI,Burundi,2020,7111.0,A,44773.229,37129.944,1.516,1.267,19.21,ERA5 (Open-Meteo),1100.6,ERA5-Land (Open-Meteo),12617036.0,41.89
BDI,Burundi,2021,13800.0,X,41835.866,13130.578,3.683,2.103,18.82,ERA5 (Open-Meteo),1111.0,ERA5-Land (Open-Meteo),12965481.0,70.68
BDI,Burundi,2022,10500.0,X,35867.425,8632.201000000001,25.847,1.221,18.8,ERA5 (Open-Meteo),1142.8,ERA5-Land (Open-Meteo),13321097.0,100.98
BDI,Burundi,2023,8400.0,X,43596.74,10511.961,28.099000000000004,7.742999999999999,19.17,ERA5 (Open-Meteo),1303.0,ERA5-Land (Open-Meteo),13689450.0,82.5
BDI,Burundi,2024,6900.0,X,30268.434,6484.452,0.313,0.013,19.54,ERA5 (Open-Meteo),1220.6,ERA5-Land (Open-Meteo),14047786.0,80.55
CPV,Cabo Verde,2011,62.0,A,0.101,0.02,1863.696,516.8149999999999,25.32,Berkeley Earth,228.0,Climatological Mean (World Bank / FAO),511447.0,111.18
CPV,Cabo Verde,2012,88.0,A,113.811,23.3,2117.659,620.8629999999999,25.11,Berkeley Earth,228.0,Climatological Mean (World Bank / FAO),511955.0,111.61
CPV,Cabo Verde,2013,62.0,A,179.26100000000002,56.923,1667.678,564.491,25.23,Berkeley Earth,228.0,Climatological Mean (World Bank / FAO),512225.0,108.62
CPV,Cabo Verde,2014,52.0,A,133.965,43.685,1578.87,555.386,25.0,Berkeley Earth,228.0,Climatological Mean (World Bank / FAO),512326.0,98.97
CPV,Cabo Verde,2015,52.34,A,235.761,19.171,1388.429,553.509,25.14,Berkeley Earth,228.0,Climatological Mean (World Bank / FAO),512394.0,52.38
CPV,Cabo Verde,2016,68.09,A,110.076,9.521,1426.534,583.058,25.58,Berkeley Earth,228.0,Climatological Mean (World Bank / FAO),512554.0,43.63
CPV,Cabo Verde,2017,46.89,A,2.972,0.179,1873.778,654.285,23.71,ERA5 (Open-Meteo),228.0,Climatological Mean (World Bank / FAO),512893.0,54.22
CPV,Cabo Verde,2018,46.0,A,190.525,11.644,2179.644,771.601,22.72,ERA5 (Open-Meteo),228.0,Climatological Mean (World Bank / FAO),513415.0,71.12
CPV,Cabo Verde,2019,40.0,A,184.705,14.655,1736.952,713.53,23.2,ERA5 (Open-Meteo),228.0,Climatological Mean (World Bank / FAO),514104.0,64.38
CPV,Cabo Verde,2020,48.0,A,81.435,18.975,949.55,515.269,23.84,ERA5 (Open-Meteo),228.0,Climatological Mean (World Bank / FAO),514679.0,41.89
CPV,Cabo Verde,2021,40.73,A,4.599,0.7,1118.445,544.519,23.49,ERA5 (Open-Meteo),228.0,Climatological Mean (World Bank / FAO),516649.0,70.68
CPV,Cabo Verde,2022,47.0,A,6.518,0.591,1839.367,605.707,23.8,ERA5 (Open-Meteo),228.0,Climatological Mean (World Bank / FAO),519741.0,100.98
CPV,Cabo Verde,2023,17.17,A,28.214,3.236,1713.531,537.8589999999999,24.6,ERA5 (Open-Meteo),228.0,Climatological Mean (World Bank / FAO),522331.0,82.5
CPV,Cabo Verde,2024,14.0,A,96.045,18.975,2979.643,698.09,24.45,ERA5 (Open-Meteo),228.0,Climatological Mean (World Bank / FAO),524877.0,80.55
KHM,Cambodia,1995,200.0,X,89.681,23.699,4.098,0.0,27.28,Berkeley Earth,1904.0,Climatological Mean (World Bank / FAO),10018497.0,17.03
KHM,Cambodia,1996,250.0,A,,,,,27.04,Berkeley Earth,1904.0,Climatological Mean (World Bank / FAO),10801270.0,20.64
KHM,Cambodia,1997,280.0,E,5.692,3.687,46.768,17.0,27.27,Berkeley Earth,1904.0,Climatological Mean (World Bank / FAO),11570982.0,19.15
KHM,Cambodia,1998,290.0,E,,,,,28.15,Berkeley Earth,1904.0,Climatological Mean (World Bank / FAO),12058173.0,12.79
KHM,Cambodia,1999,300.0,A,51.238,20.968,,,27.04,Berkeley Earth,1904.0,Climatological Mean (World Bank / FAO),12265731.0,17.85
KHM,Cambodia,2000,300.0,A,0.03,0.007,43.681,41.196000000000005,27.21,Berkeley Earth,1904.0,Climatological Mean (World Bank / FAO),12462336.0,28.57
KHM,Cambodia,2001,300.0,A,,,8.244,9.002,27.45,Berkeley Earth,1904.0,Climatological Mean (World Bank / FAO),12658484.0,24.49
KHM,Cambodia,2002,300.17,I,35.998000000000005,41.681,58.484,90.97,27.69,Berkeley Earth,1904.0,Climatological Mean (World Bank / FAO),12855241.0,25.0
KHM,Cambodia,2003,305.02,I,2.033,1.944,10.13,10.039,27.37,Berkeley Earth,1904.0,Climatological Mean (World Bank / FAO),13050968.0,28.88
KHM,Cambodia,2004,310.0,E,7.557,10.64,12.328,3.505,27.32,Berkeley Earth,1904.0,Climatological Mean (World Bank / FAO),13244731.0,38.23
KHM,Cambodia,2005,319.57,I,11.927,10.03,92.314,23.927,27.63,Berkeley Earth,1904.0,Climatological Mean (World Bank / FAO),13439202.0,54.49
KHM,Cambodia,2006,300.0,E,10.844,7.673999999999999,219.05400000000003,193.94000000000003,27.61,Berkeley Earth,1904.0,Climatological Mean (World Bank / FAO),13639028.0,65.18
KHM,Cambodia,2007,320.0,E,21.95,18.169,37.709,13.508,27.46,Berkeley Earth,1904.0,Climatological Mean (World Bank / FAO),13841770.0,72.58
KHM,Cambodia,2008,330.0,E,,,51.374,27.175,27.08,Berkeley Earth,1904.0,Climatological Mean (World Bank / FAO),14053479.0,97.02
KHM,Cambodia,2009,350.0,E,92.805,33.341,68.598,29.255000000000003,27.39,Berkeley Earth,1904.0,Climatological Mean (World Bank / FAO),14276810.0,61.56
KHM,Cambodia,2010,362.29,I,88.246,19.231,28.553,17.785,28.03,Berkeley Earth,1904.0,Climatological Mean (World Bank / FAO),14500726.0,79.45
KHM,Cambodia,2011,348.8,I,13.651,1.1989999999999998,524.731,1504.317,27.18,Berkeley Earth,1904.0,Climatological Mean (World Bank / FAO),14722584.0,111.18
KHM,Cambodia,2012,350.04,I,9.76,0.768,1752.639,4963.9490000000005,27.92,Berkeley Earth,1904.0,Climatological Mean (World Bank / FAO),14945085.0,111.61
KHM,Cambodia,2013,353.12,I,0.069,0.033,766.622,1782.373,27.58,Berkeley Earth,1904.0,Climatological Mean (World Bank / FAO),15170208.0,108.62
KHM,Cambodia,2014,356.58,I,0.033,0.009,110.078,71.257,27.57,Berkeley Earth,1904.0,Climatological Mean (World Bank / FAO),15396772.0,98.97
KHM,Cambodia,2015,369.69,I,7.103,2.448,347.613,304.442,28.02,Berkeley Earth,1904.0,Climatological Mean (World Bank / FAO),15623251.0,52.38
KHM,Cambodia,2016,359.8,E,20.461,5.408,1259.0800000000002,795.25,28.21,Berkeley Earth,1904.0,Climatological Mean (World Bank / FAO),15852803.0,43.63
KHM,Cambodia,2017,356.64,I,12.234,3.145,1143.308,313.014,27.28,ERA5 (Open-Meteo),1904.0,Climatological Mean (World Bank / FAO),16073372.0,54.22
KHM,Cambodia,2018,356.82,I,99.597,29.64,1408.848,346.221,27.34,ERA5 (Open-Meteo),1904.0,Climatological Mean (World Bank / FAO),16274522.0,71.12
KHM,Cambodia,2019,357.51,I,10.742,2.039,3650.925,1749.201,28.15,ERA5 (Open-Meteo),1904.0,Climatological Mean (World Bank / FAO),16481304.0,64.38
KHM,Cambodia,2020,358.97,I,13.323,0.665,5082.7080000000005,2890.093,28.16,ERA5 (Open-Meteo),1904.0,Climatological Mean (World Bank / FAO),16725474.0,41.89
KHM,Cambodia,2021,362.38,I,31.493,5.561,2018.648,865.458,27.54,ERA5 (Open-Meteo),1904.0,Climatological Mean (World Bank / FAO),16974305.0,70.68
KHM,Cambodia,2022,361.76,I,13.171,1.869,3151.948,872.5360000000001,27.1,ERA5 (Open-Meteo),1904.0,Climatological Mean (World Bank / FAO),17201724.0,100.98
KHM,Cambodia,2023,362.22,I,16.091,1.449,3060.287,1112.948,27.24,ERA5 (Open-Meteo),1904.0,Climatological Mean (World Bank / FAO),17423880.0,82.5
KHM,Cambodia,2024,362.68,I,19.129,1.724,3800.622,1240.626,27.96,ERA5 (Open-Meteo),1904.0,Climatological Mean (World Bank / FAO),17638801.0,80.55
CMR,Cameroon,1995,74000.0,A,211853.254,70597.449,131.364,293.25,24.92,Berkeley Earth,2387.2,ERA5-Land (Open-Meteo),13058516.0,17.03
CMR,Cameroon,1996,104121.0,A,161862.99300000002,79730.006,47.721,205.199,24.79,Berkeley Earth,2255.5,ERA5-Land (Open-Meteo),13414757.0,20.64
CMR,Cameroon,1997,63600.0,A,173718.577,85612.21399999999,191.505,0.0,25.01,Berkeley Earth,2095.1,ERA5-Land (Open-Meteo),13775214.0,19.15
CMR,Cameroon,1998,112532.0,A,115113.79,59910.24799999999,149.123,36.021,25.58,Berkeley Earth,1867.2,ERA5-Land (Open-Meteo),14144860.0,12.79
CMR,Cameroon,1999,98000.0,A,99170.611,62103.967,2304.2870000000003,2.091,25.0,Berkeley Earth,2167.9,ERA5-Land (Open-Meteo),14525140.0,17.85
CMR,Cameroon,2000,86200.0,A,99856.379,88342.699,362.511,521.896,24.88,Berkeley Earth,2173.8,ERA5-Land (Open-Meteo),14912631.0,28.57
CMR,Cameroon,2001,70500.0,A,58781.305,72132.60900000001,51.739,73.25099999999999,24.94,Berkeley Earth,1846.1,ERA5-Land (Open-Meteo),15309490.0,24.49
CMR,Cameroon,2002,41000.0,X,35851.053,49299.396,97.739,515.724,25.31,Berkeley Earth,1777.9,ERA5-Land (Open-Meteo),15725528.0,25.0
CMR,Cameroon,2003,48000.0,X,45635.646,51057.295,0.8009999999999999,0.808,25.42,Berkeley Earth,1677.8,ERA5-Land (Open-Meteo),16160340.0,28.88
CMR,Cameroon,2004,54000.0,X,53897.281,57305.731,676.04,457.234,25.44,Berkeley Earth,1933.8,ERA5-Land (Open-Meteo),16610487.0,38.23
CMR,Cameroon,2005,60000.0,A,54720.628,47165.674,13.199,5.552,25.63,Berkeley Earth,1604.0,Climatological Mean (World Bank / FAO),17074594.0,54.49
CMR,Cameroon,2006,62300.0,X,67105.77,47693.043,63.512,38.383,25.5,Berkeley Earth,1604.0,Climatological Mean (World Bank / FAO),17550407.0,65.18
CMR,Cameroon,2007,47792.0,A,86309.454,46440.024,657.92,1072.283,25.4,Berkeley Earth,1604.0,Climatological Mean (World Bank / FAO),18049896.0,72.58
CMR,Cameroon,2008,50687.0,A,81370.888,34874.801,75.381,81.123,25.36,Berkeley Earth,1604.0,Climatological Mean (World Bank / FAO),18574056.0,97.02
CMR,Cameroon,2009,48123.0,X,60260.926,32364.275,213.686,216.785,25.59,Berkeley Earth,1604.0,Climatological Mean (World Bank / FAO),19113974.0,61.56
CMR,Cameroon,2010,66584.0,A,90523.164,49573.212,29.225,57.665,25.55,Berkeley Earth,1604.0,Climatological Mean (World Bank / FAO),19668066.0,79.45
CMR,Cameroon,2011,26322.0,A,113533.0,42102.267,88.177,87.865,25.09,Berkeley Earth,1604.0,Climatological Mean (World Bank / FAO),20232304.0,111.18
CMR,Cameroon,2012,38127.0,A,96880.74,39204.39,30.333,13.662,25.02,Berkeley Earth,1604.0,Climatological Mean (World Bank / FAO),20809529.0,111.61
CMR,Cameroon,2013,41800.0,A,57799.718,24338.537,22.409,4.76,25.25,Berkeley Earth,1604.0,Climatological Mean (World Bank / FAO),21402376.0,108.62
CMR,Cameroon,2014,41143.17,I,52278.014,23766.142,10.192,4.164,25.27,Berkeley Earth,1604.0,Climatological Mean (World Bank / FAO),22059893.0,98.97
CMR,Cameroon,2015,39702.17,I,78764.468,33190.049,146.69,24.791,25.4,Berkeley Earth,1604.0,Climatological Mean (World Bank / FAO),22763414.0,52.38
CMR,Cameroon,2016,38411.7,A,71406.188,32455.803,10.957,22.323000000000004,25.66,Berkeley Earth,1604.0,Climatological Mean (World Bank / FAO),23454161.0,43.63
CMR,Cameroon,2017,41916.8,A,74466.796,30215.316,98.276,44.359,23.72,ERA5 (Open-Meteo),1604.0,Climatological Mean (World Bank / FAO),24128601.0,54.22
CMR,Cameroon,2018,41184.5,A,43614.813,19082.394,18.673,14.415,23.21,ERA5 (Open-Meteo),1604.0,Climatological Mean (World Bank / FAO),24806383.0,71.12
CMR,Cameroon,2019,40907.3,A,40957.865,20851.222,33.806,13.912,23.63,ERA5 (Open-Meteo),1604.0,Climatological Mean (World Bank / FAO),25506095.0,64.38
CMR,Cameroon,2020,36359.9,A,37375.386,23493.331,38.611,34.873999999999995,23.66,ERA5 (Open-Meteo),1604.0,Climatological Mean (World Bank / FAO),26210558.0,41.89
CMR,Cameroon,2021,32487.61,I,35131.128,19667.929,81.909,77.338,23.4,ERA5 (Open-Meteo),1604.0,Climatological Mean (World Bank / FAO),26915758.0,70.68
CMR,Cameroon,2022,32255.27,I,28447.49,11286.982,35.566,33.318,23.14,ERA5 (Open-Meteo),1604.0,Climatological Mean (World Bank / FAO),27632771.0,100.98
CMR,Cameroon,2023,31009.61,I,39999.521,15339.566,178.78199999999998,136.10399999999998,23.54,ERA5 (Open-Meteo),1604.0,Climatological Mean (World Bank / FAO),28372687.0,82.5
CMR,Cameroon,2024,29774.37,I,29274.562,8028.376999999999,0.636,0.05,23.88,ERA5 (Open-Meteo),1604.0,Climatological Mean (World Bank / FAO),29123744.0,80.55
CHN,"China, mainland",1995,3196.0,A,2504.045,900.815,6111.828,2108.931,7.28,Berkeley Earth,536.2,ERA5-Land (Open-Meteo),1204855000.0,17.03
CHN,"China, mainland",1996,3023.0,A,1497.467,690.947,17347.926,12476.503,7.01,Berkeley Earth,635.7,ERA5-Land (Open-Meteo),1217550000.0,20.64
CHN,"China, mainland",1997,3573.0,A,18482.2,11138.633,5584.477,2447.229,7.41,Berkeley Earth,470.9,ERA5-Land (Open-Meteo),1230075000.0,19.15
CHN,"China, mainland",1998,6237.0,A,8981.357,3352.527,9124.737,3931.356,8.13,Berkeley Earth,608.1,ERA5-Land (Open-Meteo),1241935000.0,12.79
CHN,"China, mainland",1999,8743.0,A,10607.702,5573.916,13976.123,4831.289,7.91,Berkeley Earth,644.9,ERA5-Land (Open-Meteo),1252735000.0,17.85
CHN,"China, mainland",2000,11568.0,A,8662.369999999999,5306.772,5247.217,5449.9,7.27,Berkeley Earth,598.7,ERA5-Land (Open-Meteo),1262645000.0,28.57
CHN,"China, mainland",2001,17202.0,A,11319.779,10004.998,5921.589,7987.508,7.66,Berkeley Earth,580.5,ERA5-Land (Open-Meteo),1271850000.0,24.49
CHN,"China, mainland",2002,19456.0,A,12410.156,11367.523,6244.799000000001,9794.665,7.87,Berkeley Earth,527.9,ERA5-Land (Open-Meteo),1280400000.0,25.0
CHN,"China, mainland",2003,23144.0,A,19086.56,16027.204000000002,11120.446,12377.129,7.6,Berkeley Earth,661.0,ERA5-Land (Open-Meteo),1288400000.0,28.88
CHN,"China, mainland",2004,21659.0,A,22953.815,16646.262000000002,11260.293,11880.231000000002,7.82,Berkeley Earth,546.8,ERA5-Land (Open-Meteo),1296075000.0,38.23
CHN,"China, mainland",2005,21919.0,A,26252.116,12514.682,15782.816,14503.399,7.57,Berkeley Earth,620.3,ERA5-Land (Open-Meteo),1303720000.0,54.49
CHN,"China, mainland",2006,25655.0,A,33164.269,15617.918,23426.712000000003,17474.072,8.07,Berkeley Earth,593.9,ERA5-Land (Open-Meteo),1311020000.0,65.18
CHN,"China, mainland",2007,26000.0,E,50281.203,20715.855,31683.773,18421.762,8.28,Berkeley Earth,691.9,ERA5-Land (Open-Meteo),1317885000.0,72.58
CHN,"China, mainland",2008,33278.0,A,62896.275,21825.599,42412.174,19610.986,7.72,Berkeley Earth,470.3,ERA5-Land (Open-Meteo),1324655000.0,97.02
CHN,"China, mainland",2009,70405.0,A,75967.553,30477.173,36069.348,21315.16,7.94,Berkeley Earth,494.1,ERA5-Land (Open-Meteo),1331260000.0,61.56
CHN,"China, mainland",2010,49596.0,A,109651.425,36578.201,51218.312,30253.987,7.7,Berkeley Earth,552.6,ERA5-Land (Open-Meteo),1337705000.0,79.45
CHN,"China, mainland",2011,65384.0,A,132274.767,31230.79,97522.672,38597.655,7.49,Berkeley Earth,560.9,ERA5-Land (Open-Meteo),1345035000.0,111.18
CHN,"China, mainland",2012,92064.0,A,209185.385,56421.726,134488.112,57055.41099999999,7.24,Berkeley Earth,501.2,ERA5-Land (Open-Meteo),1354190000.0,111.61
CHN,"China, mainland",2013,116826.0,A,158666.42,58658.72,98887.656,44749.064,7.92,Berkeley Earth,668.9,ERA5-Land (Open-Meteo),1363240000.0,108.62
CHN,"China, mainland",2014,127585.93,I,151509.848,45785.262,123156.763,56661.166,7.8,Berkeley Earth,549.0,ERA5-Land (Open-Meteo),1371860000.0,98.97
CHN,"China, mainland",2015,115139.76,I,138971.425,46891.793,111126.527,47986.12,8.16,Berkeley Earth,518.0,ERA5-Land (Open-Meteo),1379860000.0,52.38
CHN,"China, mainland",2016,113345.44,I,160480.18600000002,64736.133,112941.442,41568.686,8.2,Berkeley Earth,488.7,ERA5-Land (Open-Meteo),1387790000.0,43.63
CHN,"China, mainland",2017,114163.14,I,153774.108,53397.238,126820.797,48145.039,7.12,ERA5 (Open-Meteo),696.7,ERA5-Land (Open-Meteo),1396215000.0,54.22
CHN,"China, mainland",2018,115500.0,X,187845.221,72554.032,133238.321,48339.111,6.52,ERA5 (Open-Meteo),803.5,ERA5-Land (Open-Meteo),1402760000.0,71.12
CHN,"China, mainland",2019,120000.0,X,151793.215,63977.898,130012.418,52846.311,6.8,ERA5 (Open-Meteo),698.7,ERA5-Land (Open-Meteo),1407745000.0,64.38
CHN,"China, mainland",2020,114000.0,X,121286.127,45390.176,155505.078,59424.484,6.95,ERA5 (Open-Meteo),852.7,ERA5-Land (Open-Meteo),1411100000.0,41.89
CHN,"China, mainland",2021,108000.0,X,84739.341,24062.699,324342.496,102723.469,7.6,ERA5 (Open-Meteo),618.2,ERA5-Land (Open-Meteo),1412360000.0,70.68
CHN,"China, mainland",2022,108000.0,X,196728.829,41448.774,464446.261,99620.224,7.53,ERA5 (Open-Meteo),540.1,ERA5-Land (Open-Meteo),1412175000.0,100.98
CHN,"China, mainland",2023,108000.0,X,83934.283,19950.097,670216.051,161219.078,7.7,ERA5 (Open-Meteo),708.8,ERA5-Land (Open-Meteo),1410710000.0,82.5
CHN,"China, mainland",2024,114000.0,X,164520.597,38134.147,722316.866,157435.49599999998,8.14,ERA5 (Open-Meteo),621.0,ERA5-Land (Open-Meteo),1408975000.0,80.55
TWN,"China, Taiwan Province of",2015,757.0,A,,,,,,,,,,52.38
TWN,"China, Taiwan Province of",2016,841.0,A,,,,,,,,,,43.63
TWN,"China, Taiwan Province of",2017,947.0,A,,,,,,,,,,54.22
TWN,"China, Taiwan Province of",2018,1019.0,A,,,,,,,,,,71.12
TWN,"China, Taiwan Province of",2019,1012.0,A,,,,,,,,,,64.38
TWN,"China, Taiwan Province of",2020,970.0,A,,,,,,,,,,41.89
TWN,"China, Taiwan Province of",2021,906.0,A,,,,,,,,,,70.68
TWN,"China, Taiwan Province of",2022,980.0,A,,,,,,,,,,100.98
TWN,"China, Taiwan Province of",2023,956.0,A,,,,,,,,,,82.5
TWN,"China, Taiwan Province of",2024,951.29,I,,,,,,,,,,80.55
COL,Colombia,1995,821820.0,A,1966787.663,576778.462,1625.561,423.251,25.4,Berkeley Earth,3240.0,Climatological Mean (World Bank / FAO),35804662.0,17.03
COL,Colombia,1996,671401.0,A,1699268.132,617083.811,325.693,59.129000000000005,25.04,Berkeley Earth,3240.0,Climatological Mean (World Bank / FAO),36462745.0,20.64
COL,Colombia,1997,642239.0,A,2273322.525,617375.5769999999,356.87,102.321,25.49,Berkeley Earth,3240.0,Climatological Mean (World Bank / FAO),37121149.0,19.15
COL,Colombia,1998,766980.0,A,2015431.318,650607.893,1156.699,144.199,25.77,Berkeley Earth,3240.0,Climatological Mean (World Bank / FAO),37792165.0,12.79
COL,Colombia,1999,546720.0,A,1394292.112,577157.613,926.687,511.276,24.9,Berkeley Earth,3240.0,Climatological Mean (World Bank / FAO),38454863.0,17.85
COL,Colombia,2000,637140.0,A,1140407.812,531001.3809999999,431.987,213.259,24.99,Berkeley Earth,3240.0,Climatological Mean (World Bank / FAO),39089934.0,28.57
COL,Colombia,2001,656160.0,A,822267.368,568677.675,1406.934,1208.597,25.36,Berkeley Earth,3240.0,Climatological Mean (World Bank / FAO),39709262.0,24.49
COL,Colombia,2002,696840.0,A,855431.583,594414.411,23.157,37.91,25.59,Berkeley Earth,3240.0,Climatological Mean (World Bank / FAO),40324680.0,25.0
COL,Colombia,2003,694080.0,A,885378.362,599098.62,52.52,116.22,25.6,Berkeley Earth,3240.0,Climatological Mean (World Bank / FAO),40937429.0,28.88
COL,Colombia,2004,674400.0,A,1023761.194,595754.473,3429.0820000000003,5189.189,25.52,Berkeley Earth,3240.0,Climatological Mean (World Bank / FAO),41543171.0,38.23
COL,Colombia,2005,667140.0,A,1555324.813,655836.198,21182.613,21462.943,25.62,Berkeley Earth,3240.0,Climatological Mean (World Bank / FAO),42128977.0,54.49
COL,Colombia,2006,724740.0,A,1575222.943,622761.485,23296.356,18434.294,25.46,Berkeley Earth,3240.0,Climatological Mean (World Bank / FAO),42691084.0,65.18
COL,Colombia,2007,757080.0,A,1838768.981,657802.875,8881.539,5530.131,25.49,Berkeley Earth,3240.0,Climatological Mean (World Bank / FAO),43235374.0,72.58
COL,Colombia,2008,688680.0,A,2032826.463,643051.917,16094.345,9543.453,25.23,Berkeley Earth,3240.0,Climatological Mean (World Bank / FAO),43758808.0,97.02
COL,Colombia,2009,468720.0,A,1646705.948,482886.686,75922.611,42808.435,25.68,Berkeley Earth,3240.0,Climatological Mean (World Bank / FAO),44271541.0,61.56
COL,Colombia,2010,535380.0,A,1953724.858,429406.692,72910.601,32253.029,25.75,Berkeley Earth,3240.0,Climatological Mean (World Bank / FAO),44777319.0,79.45
COL,Colombia,2011,468540.0,A,2779230.307,457926.722,161331.91700000002,54928.172,25.33,Berkeley Earth,3240.0,Climatological Mean (World Bank / FAO),45259614.0,111.18
COL,Colombia,2012,462000.0,A,2041385.834,416130.839,168610.239,61212.773,25.39,Berkeley Earth,3240.0,Climatological Mean (World Bank / FAO),45715810.0,111.61
COL,Colombia,2013,653160.0,A,1993409.462,561728.419,48037.204,24464.303,25.52,Berkeley Earth,3240.0,Climatological Mean (World Bank / FAO),46151584.0,108.62
COL,Colombia,2014,728400.0,A,2600767.104,645589.492,33266.458,17406.622,25.57,Berkeley Earth,3240.0,Climatological Mean (World Bank / FAO),46565429.0,98.97
COL,Colombia,2015,827750.0,A,2686464.216,735382.364,13790.547,6252.302,25.9,Berkeley Earth,3240.0,Climatological Mean (World Bank / FAO),46969940.0,52.38
COL,Colombia,2016,818243.0,A,2549637.019,750109.054,14363.075,11484.28,25.81,Berkeley Earth,3240.0,Climatological Mean (World Bank / FAO),47437512.0,43.63
COL,Colombia,2017,851640.0,A,2677103.323,740780.8690000001,27514.021,21341.971,25.96,ERA5 (Open-Meteo),3240.0,Climatological Mean (World Bank / FAO),48131078.0,54.22
COL,Colombia,2018,813420.0,A,2414685.191,734460.484,95699.569,61467.994,25.85,ERA5 (Open-Meteo),3240.0,Climatological Mean (World Bank / FAO),49024465.0,71.12
COL,Colombia,2019,885120.0,A,2439371.817,777485.219,68079.44099999999,42316.04,26.38,ERA5 (Open-Meteo),3240.0,Climatological Mean (World Bank / FAO),49907985.0,64.38
COL,Colombia,2020,833400.0,A,2549858.948,720343.388,98464.011,63948.601,26.68,ERA5 (Open-Meteo),3240.0,Climatological Mean (World Bank / FAO),50629997.0,41.89
COL,Colombia,2021,560340.0,A,3168034.018,715443.476,200378.337,102717.801,25.98,ERA5 (Open-Meteo),3240.0,Climatological Mean (World Bank / FAO),51188173.0,70.68
COL,Colombia,2022,665015.95,A,4164039.486,664882.876,476611.84,141541.334,25.82,ERA5 (Open-Meteo),3240.0,Climatological Mean (World Bank / FAO),51737944.0,100.98
COL,Colombia,2023,680857.67,A,3057241.307,610098.127,249997.34,90041.14700000001,26.29,ERA5 (Open-Meteo),3240.0,Climatological Mean (World Bank / FAO),52321152.0,82.5
COL,Colombia,2024,839846.69,A,3565961.034,688139.412,109421.443,38296.657,26.88,ERA5 (Open-Meteo),3240.0,Climatological Mean (World Bank / FAO),52886363.0,80.55
COM,Comoros,1995,93.68,I,12.353,11.135,9.078,1.022,26.43,Berkeley Earth,900.0,Climatological Mean (World Bank / FAO),490586.0,17.03
COM,Comoros,1996,94.0,E,464.033,167.601,2.72,1.582,26.2,Berkeley Earth,900.0,Climatological Mean (World Bank / FAO),499107.0,20.64
COM,Comoros,1997,95.44,I,13.385,3.0,2.253,0.597,26.58,Berkeley Earth,900.0,Climatological Mean (World Bank / FAO),507777.0,19.15
COM,Comoros,1998,96.0,E,13.584,3.0,735.79,261.241,26.87,Berkeley Earth,900.0,Climatological Mean (World Bank / FAO),516597.0,12.79
COM,Comoros,1999,98.07,I,66.0,24.39,12.172,3.722,26.32,Berkeley Earth,900.0,Climatological Mean (World Bank / FAO),525886.0,17.85
COM,Comoros,2000,98.0,E,13.083,7.628,0.047,0.198,26.36,Berkeley Earth,900.0,Climatological Mean (World Bank / FAO),536080.0,28.57
COM,Comoros,2001,100.99,I,1.0,0.3,6.431000000000001,1.294,26.58,Berkeley Earth,900.0,Climatological Mean (World Bank / FAO),547220.0,24.49
COM,Comoros,2002,102.67,I,,,15.004,67.13,26.7,Berkeley Earth,900.0,Climatological Mean (World Bank / FAO),558923.0,25.0
COM,Comoros,2003,100.0,E,,,4.709,0.525,26.67,Berkeley Earth,900.0,Climatological Mean (World Bank / FAO),569798.0,28.88
COM,Comoros,2004,110.1,I,0.312,0.06,1.885,0.996,26.48,Berkeley Earth,900.0,Climatological Mean (World Bank / FAO),580704.0,38.23
COM,Comoros,2005,120.0,E,38.879,20.4,7.508999999999999,2.922,26.76,Berkeley Earth,900.0,Climatological Mean (World Bank / FAO),592677.0,54.49
COM,Comoros,2006,119.09,I,2.513,5.803,8.184999999999999,4.425,26.53,Berkeley Earth,900.0,Climatological Mean (World Bank / FAO),604753.0,65.18
COM,Comoros,2007,120.8,I,,,24.67,5.696000000000001,26.68,Berkeley Earth,900.0,Climatological Mean (World Bank / FAO),616927.0,72.58
COM,Comoros,2008,122.62,I,38.148,26.29,5.048,1.283,26.28,Berkeley Earth,900.0,Climatological Mean (World Bank / FAO),629307.0,97.02
COM,Comoros,2009,124.24,I,,,33.117,12.03,26.66,Berkeley Earth,900.0,Climatological Mean (World Bank / FAO),641947.0,61.56
COM,Comoros,2010,125.78,I,,,77.367,20.434,26.87,Berkeley Earth,900.0,Climatological Mean (World Bank / FAO),654836.0,79.45
COM,Comoros,2011,127.35,I,2.999,46.335,35.448,25.226,26.57,Berkeley Earth,900.0,Climatological Mean (World Bank / FAO),668056.0,111.18
COM,Comoros,2012,130.0,E,,,30.811,26.742,26.45,Berkeley Earth,900.0,Climatological Mean (World Bank / FAO),681630.0,111.61
COM,Comoros,2013,132.0,E,300.485,57.75,99.656,53.198,26.47,Berkeley Earth,900.0,Climatological Mean (World Bank / FAO),696192.0,108.62
COM,Comoros,2014,133.48,I,132.771,43.389,45.077,23.129,26.49,Berkeley Earth,900.0,Climatological Mean (World Bank / FAO),711503.0,98.97
COM,Comoros,2015,135.35,I,,,15.733,12.69,26.8,Berkeley Earth,900.0,Climatological Mean (World Bank / FAO),726682.0,52.38
COM,Comoros,2016,136.26,I,0.001,0.0,81.838,49.356,26.68,Berkeley Earth,900.0,Climatological Mean (World Bank / FAO),741741.0,43.63
COM,Comoros,2017,137.12,I,,,27.937,14.992,26.62,ERA5 (Open-Meteo),900.0,Climatological Mean (World Bank / FAO),756669.0,54.22
COM,Comoros,2018,138.18,I,0.001,0.0,47.833,50.036,26.44,ERA5 (Open-Meteo),900.0,Climatological Mean (World Bank / FAO),771590.0,71.12
COM,Comoros,2019,139.35,I,59.378,19.97,48.864,31.52,26.85,ERA5 (Open-Meteo),900.0,Climatological Mean (World Bank / FAO),786578.0,64.38
COM,Comoros,2020,140.59,I,,,56.709,38.373000000000005,26.63,ERA5 (Open-Meteo),900.0,Climatological Mean (World Bank / FAO),802163.0,41.89
COM,Comoros,2021,143.45,I,,,56.444,48.251,26.4,ERA5 (Open-Meteo),900.0,Climatological Mean (World Bank / FAO),818174.0,70.68
COM,Comoros,2022,141.13,E,0.105,0.003,275.704,90.377,26.16,ERA5 (Open-Meteo),900.0,Climatological Mean (World Bank / FAO),834188.0,100.98
COM,Comoros,2023,141.73,E,6.739,0.121,32.859,27.944000000000003,26.88,ERA5 (Open-Meteo),900.0,Climatological Mean (World Bank / FAO),850387.0,82.5
COM,Comoros,2024,142.1,E,,,3.395,0.791,27.12,ERA5 (Open-Meteo),900.0,Climatological Mean (World Bank / FAO),866628.0,80.55
COG,Congo,1995,1606.0,A,2175.813,1258.796,39.626,20.492,25.19,Berkeley Earth,1646.0,Climatological Mean (World Bank / FAO),2749461.0,17.03
COG,Congo,1996,1600.0,X,694.4839999999999,391.322,3.517,0.5,24.74,Berkeley Earth,1646.0,Climatological Mean (World Bank / FAO),2826785.0,20.64
COG,Congo,1997,1338.0,A,3598.264,1469.146,3.258,1.125,25.15,Berkeley Earth,1646.0,Climatological Mean (World Bank / FAO),2887862.0,19.15
COG,Congo,1998,850.0,A,16441.186,7947.763,3300.283,85.3,25.62,Berkeley Earth,1646.0,Climatological Mean (World Bank / FAO),2952061.0,12.79
COG,Congo,1999,1490.0,A,13315.52,7337.502,6811.945,0.0,24.9,Berkeley Earth,1646.0,Climatological Mean (World Bank / FAO),3032874.0,17.85
COG,Congo,2000,1550.0,A,10302.757,7921.434,39.081,46.408,24.84,Berkeley Earth,1646.0,Climatological Mean (World Bank / FAO),3151345.0,28.57
COG,Congo,2001,1612.0,A,7633.083,6883.001,10.083,21.726,24.8,Berkeley Earth,1646.0,Climatological Mean (World Bank / FAO),3272537.0,24.49
COG,Congo,2002,1687.0,A,7040.198,7153.252,115.021,86.031,25.06,Berkeley Earth,1646.0,Climatological Mean (World Bank / FAO),3350771.0,25.0
COG,Congo,2003,2000.0,X,8772.251,7995.428,246.43,199.237,25.12,Berkeley Earth,1646.0,Climatological Mean (World Bank / FAO),3445753.0,28.88
COG,Congo,2004,2800.0,E,7135.033,7039.443,165.972,120.982,25.21,Berkeley Earth,1646.0,Climatological Mean (World Bank / FAO),3565554.0,38.23
COG,Congo,2005,3300.0,E,6660.763,4256.413,29.597,20.799,25.31,Berkeley Earth,1646.0,Climatological Mean (World Bank / FAO),3696393.0,54.49
COG,Congo,2006,3000.0,E,7284.085,4033.291,133.98600000000002,42.56,25.32,Berkeley Earth,1646.0,Climatological Mean (World Bank / FAO),3837409.0,65.18
COG,Congo,2007,3000.0,E,19016.037,8788.003999999999,1.567,1.452,25.22,Berkeley Earth,1646.0,Climatological Mean (World Bank / FAO),3980430.0,72.58
COG,Congo,2008,2400.0,A,19657.695,7968.065,26.74,3.585,25.3,Berkeley Earth,1646.0,Climatological Mean (World Bank / FAO),4113517.0,97.02
COG,Congo,2009,2700.0,E,12309.404,5437.578,31.416,0.784,25.44,Berkeley Earth,1646.0,Climatological Mean (World Bank / FAO),4281219.0,61.56
COG,Congo,2010,2826.61,I,11621.356,4412.616,51.375,2.181,25.67,Berkeley Earth,1646.0,Climatological Mean (World Bank / FAO),4462290.0,79.45
COG,Congo,2011,2900.7,I,12672.686,3370.65,61.08,23.1,25.02,Berkeley Earth,1646.0,Climatological Mean (World Bank / FAO),4609724.0,111.18
COG,Congo,2012,2934.58,I,15294.715,4764.427,329.16299999999995,126.736,25.05,Berkeley Earth,1646.0,Climatological Mean (World Bank / FAO),4740450.0,111.61
COG,Congo,2013,2987.03,I,12334.103,4528.273,18.336,13.076,25.23,Berkeley Earth,1646.0,Climatological Mean (World Bank / FAO),4857099.0,108.62
COG,Congo,2014,3005.38,I,14871.246,5083.084,33.620999999999995,6.393000000000001,25.17,Berkeley Earth,1646.0,Climatological Mean (World Bank / FAO),4975880.0,98.97
COG,Congo,2015,3038.73,I,9820.42,3442.916,44.996,5.225,25.31,Berkeley Earth,1646.0,Climatological Mean (World Bank / FAO),5097581.0,52.38
COG,Congo,2016,3062.07,I,12320.224,4630.091,67.232,38.049,25.82,Berkeley Earth,1646.0,Climatological Mean (World Bank / FAO),5222536.0,43.63
COG,Congo,2017,3108.09,I,12398.767,4475.215999999999,84.728,37.399,24.74,ERA5 (Open-Meteo),1646.0,Climatological Mean (World Bank / FAO),5351011.0,54.22
COG,Congo,2018,3151.08,I,15905.013,6267.719999999999,123.149,44.005,24.67,ERA5 (Open-Meteo),1646.0,Climatological Mean (World Bank / FAO),5483118.0,71.12
COG,Congo,2019,3173.44,I,10799.841,4711.639999999999,205.121,93.617,24.72,ERA5 (Open-Meteo),1646.0,Climatological Mean (World Bank / FAO),5616661.0,64.38
COG,Congo,2020,3191.72,I,10110.642,4442.234,218.015,33.695,24.66,ERA5 (Open-Meteo),1646.0,Climatological Mean (World Bank / FAO),5752791.0,41.89
COG,Congo,2021,3172.08,E,13686.791,4592.263999999999,14.877,34.673,24.44,ERA5 (Open-Meteo),1646.0,Climatological Mean (World Bank / FAO),5892183.0,70.68
COG,Congo,2022,3179.08,E,13169.276,3217.957,62.178,19.953,24.18,ERA5 (Open-Meteo),1646.0,Climatological Mean (World Bank / FAO),6035104.0,100.98
COG,Congo,2023,3180.96,E,11727.208,3211.337,58.835,9.204,24.28,ERA5 (Open-Meteo),1646.0,Climatological Mean (World Bank / FAO),6182885.0,82.5
COG,Congo,2024,3177.37,E,26038.524,5217.427,275.862,64.516,24.99,ERA5 (Open-Meteo),1646.0,Climatological Mean (World Bank / FAO),6332961.0,80.55
COK,Cook Islands,1995,15.0,A,,,,,25.75,Berkeley Earth (proxy: fiji),2880.0,Climatological Mean (proxy),18867.0,17.03
COK,Cook Islands,1996,20.0,A,,,,,25.85,Berkeley Earth (proxy: fiji),2880.0,Climatological Mean (proxy),18772.0,20.64
COK,Cook Islands,1997,15.0,E,,,,,25.43,Berkeley Earth (proxy: fiji),2880.0,Climatological Mean (proxy),18678.0,19.15
COK,Cook Islands,1998,10.0,E,,,,,25.96,Berkeley Earth (proxy: fiji),2880.0,Climatological Mean (proxy),18585.0,12.79
COK,Cook Islands,1999,5.0,A,,,3.497,0.839,25.76,Berkeley Earth (proxy: fiji),2880.0,Climatological Mean (proxy),18492.0,17.85
COK,Cook Islands,2000,6.5,I,,,9.051,2.367,25.88,Berkeley Earth (proxy: fiji),2880.0,Climatological Mean (proxy),18400.0,28.57
COK,Cook Islands,2001,6.62,I,,,7.365,0.657,25.88,Berkeley Earth (proxy: fiji),2880.0,Climatological Mean (proxy),18308.0,24.49
COK,Cook Islands,2002,6.78,I,,,7.954,0.8069999999999999,25.9,Berkeley Earth (proxy: fiji),2880.0,Climatological Mean (proxy),18216.0,25.0
COK,Cook Islands,2003,3.0,A,,,24.924,3.696,25.65,Berkeley Earth (proxy: fiji),2880.0,Climatological Mean (proxy),18125.0,28.88
COK,Cook Islands,2005,0.14,I,,,15.138,7.018000000000001,25.77,Berkeley Earth (proxy: fiji),2880.0,Climatological Mean (proxy),17944.0,54.49
COK,Cook Islands,2008,0.12,I,,,26.977,3.27,25.83,Berkeley Earth (proxy: fiji),2880.0,Climatological Mean (proxy),17676.0,97.02
COK,Cook Islands,2009,0.37,I,,,50.54,5.023000000000001,25.34,Berkeley Earth (proxy: fiji),2880.0,Climatological Mean (proxy),17588.0,61.56
COK,Cook Islands,2010,0.35,I,,,40.255,4.7490000000000006,26.07,Berkeley Earth (proxy: fiji),2880.0,Climatological Mean (proxy),17500.0,79.45
COK,Cook Islands,2011,0.33,I,,,31.879,4.404,25.94,Berkeley Earth (proxy: fiji),2880.0,Climatological Mean (proxy),17412.0,111.18
COK,Cook Islands,2012,0.32,I,96.72,19.0,125.15,6.085,25.65,Berkeley Earth (proxy: fiji),2880.0,Climatological Mean (proxy),17325.0,111.61
COK,Cook Islands,2013,0.3,I,,,135.095,8.022,26.03,Berkeley Earth (proxy: fiji),2880.0,Climatological Mean (proxy),17239.0,108.62
COK,Cook Islands,2014,0.3,I,0.084,0.006,22.982,2.157,25.82,Berkeley Earth (proxy: fiji),2880.0,Climatological Mean (proxy),17153.0,98.97
COK,Cook Islands,2015,0.4,I,0.007,0.001,67.594,2.377,25.7,Berkeley Earth (proxy: fiji),2880.0,Climatological Mean (proxy),17067.0,52.38
COK,Cook Islands,2016,0.34,E,,,27.439,3.9,26.15,Berkeley Earth (proxy: fiji),2880.0,Climatological Mean (proxy),16982.0,43.63
COK,Cook Islands,2017,0.3,I,,,56.631,8.16,24.7,ERA5 (Open-Meteo),2880.0,Climatological Mean (proxy),16897.0,54.22
COK,Cook Islands,2018,0.27,I,0.106,0.0,37.761,4.258,24.49,ERA5 (Open-Meteo),2880.0,Climatological Mean (proxy),16812.0,71.12
COK,Cook Islands,2019,0.26,I,,,17.429,0.605,24.52,ERA5 (Open-Meteo),2880.0,Climatological Mean (proxy),16728.0,64.38
COK,Cook Islands,2020,0.25,I,5.524,0.352,74.57799999999999,1.943,24.64,ERA5 (Open-Meteo),2880.0,Climatological Mean (proxy),16644.0,41.89
COK,Cook Islands,2021,0.34,I,,,57.955,2.352,24.76,ERA5 (Open-Meteo),2880.0,Climatological Mean (proxy),16561.0,70.68
COK,Cook Islands,2022,0.36,I,,,62.241,2.466,24.68,ERA5 (Open-Meteo),2880.0,Climatological Mean (proxy),16478.0,100.98
COK,Cook Islands,2023,0.36,I,,,5.898,0.573,24.25,ERA5 (Open-Meteo),2880.0,Climatological Mean (proxy),16396.0,82.5
COK,Cook Islands,2024,0.37,I,,,18.55,0.7939999999999999,24.53,ERA5 (Open-Meteo),2880.0,Climatological Mean (proxy),16314.0,80.55
CRI,Costa Rica,1995,150061.0,A,435262.866,129180.272,1459.846,382.109,26.3,Berkeley Earth,2926.0,Climatological Mean (World Bank / FAO),3535176.0,17.03
CRI,Costa Rica,1996,154131.0,A,436422.16,160244.279,145.709,50.624,25.9,Berkeley Earth,2926.0,Climatological Mean (World Bank / FAO),3619013.0,20.64
CRI,Costa Rica,1997,132015.0,A,443426.175,129709.184,165.858,36.875,26.8,Berkeley Earth,2926.0,Climatological Mean (World Bank / FAO),3701711.0,19.15
CRI,Costa Rica,1998,152385.0,A,470856.975,141375.61000000002,1345.36,104.617,26.95,Berkeley Earth,2926.0,Climatological Mean (World Bank / FAO),3782838.0,12.79
CRI,Costa Rica,1999,147868.0,A,312117.97000000003,130358.109,134.546,104.284,25.85,Berkeley Earth,2926.0,Climatological Mean (World Bank / FAO),3862101.0,17.85
CRI,Costa Rica,2000,161395.0,A,309363.22,141883.164,157.312,114.772,25.94,Berkeley Earth,2926.0,Climatological Mean (World Bank / FAO),3937739.0,28.57
CRI,Costa Rica,2001,150289.0,A,216320.894,140315.38199999998,165.905,345.909,26.24,Berkeley Earth,2926.0,Climatological Mean (World Bank / FAO),4008947.0,24.49
CRI,Costa Rica,2002,140874.0,A,213005.182,135520.241,741.166,542.9010000000001,26.5,Berkeley Earth,2926.0,Climatological Mean (World Bank / FAO),4075705.0,25.0
CRI,Costa Rica,2003,132259.0,A,231837.716,139320.244,281.535,220.272,26.59,Berkeley Earth,2926.0,Climatological Mean (World Bank / FAO),4138784.0,28.88
CRI,Costa Rica,2004,126000.0,X,245623.315,128007.402,146.201,172.026,26.53,Berkeley Earth,2926.0,Climatological Mean (World Bank / FAO),4200078.0,38.23
CRI,Costa Rica,2005,125669.0,A,292182.667,129842.861,696.643,306.534,26.39,Berkeley Earth,2926.0,Climatological Mean (World Bank / FAO),4261240.0,54.49
CRI,Costa Rica,2006,101038.0,A,268523.11600000004,93426.741,358.825,196.961,26.28,Berkeley Earth,2926.0,Climatological Mean (World Bank / FAO),4321340.0,65.18
CRI,Costa Rica,2007,121058.0,A,298224.939,97407.734,418.966,374.364,26.42,Berkeley Earth,2926.0,Climatological Mean (World Bank / FAO),4380248.0,72.58
CRI,Costa Rica,2008,111959.0,A,378642.087,119773.637,1270.999,544.119,26.0,Berkeley Earth,2926.0,Climatological Mean (World Bank / FAO),4440056.0,97.02
CRI,Costa Rica,2009,91403.0,A,271182.855,79379.154,6148.101,2176.455,26.54,Berkeley Earth,2926.0,Climatological Mean (World Bank / FAO),4499791.0,61.56
CRI,Costa Rica,2010,91620.0,A,300816.722,80888.002,19365.165,7791.19,26.18,Berkeley Earth,2926.0,Climatological Mean (World Bank / FAO),4555962.0,79.45
CRI,Costa Rica,2011,95038.0,A,452503.636,83388.11499999999,31891.948,10801.731,26.05,Berkeley Earth,2926.0,Climatological Mean (World Bank / FAO),4609833.0,111.18
CRI,Costa Rica,2012,117873.0,A,465398.75,92886.143,7652.766,3065.5930000000003,26.34,Berkeley Earth,2926.0,Climatological Mean (World Bank / FAO),4663934.0,111.61
CRI,Costa Rica,2013,71381.0,A,356986.13,90319.871,3777.456,1791.454,26.49,Berkeley Earth,2926.0,Climatological Mean (World Bank / FAO),4716147.0,108.62
CRI,Costa Rica,2014,96735.0,A,348361.364,82854.567,25308.719,9957.625,26.7,Berkeley Earth,2926.0,Climatological Mean (World Bank / FAO),4767119.0,98.97
CRI,Costa Rica,2015,83846.0,A,361629.297,78215.647,13145.957,6114.400000000001,27.09,Berkeley Earth,2926.0,Climatological Mean (World Bank / FAO),4818038.0,52.38
CRI,Costa Rica,2016,93720.0,A,353582.042,83838.795,16021.9,8353.536,26.8,Berkeley Earth,2926.0,Climatological Mean (World Bank / FAO),4866998.0,43.63
CRI,Costa Rica,2017,90419.0,A,346496.722,77769.657,9543.8,4683.381,18.25,ERA5 (Open-Meteo),2926.0,Climatological Mean (World Bank / FAO),4913177.0,54.22
CRI,Costa Rica,2018,92016.0,A,358501.481,85466.72,7909.187000000001,4803.188,17.92,ERA5 (Open-Meteo),2926.0,Climatological Mean (World Bank / FAO),4957818.0,71.12
CRI,Costa Rica,2019,76385.0,A,323055.205,74809.31,21916.376,13913.985,18.29,ERA5 (Open-Meteo),2926.0,Climatological Mean (World Bank / FAO),4999553.0,64.38
CRI,Costa Rica,2020,86791.0,A,364022.409,79474.86,18545.146,10979.283,18.32,ERA5 (Open-Meteo),2926.0,Climatological Mean (World Bank / FAO),5034320.0,41.89
CRI,Costa Rica,2021,95322.0,A,371586.333,79823.084,19208.145,9658.893,18.0,ERA5 (Open-Meteo),2926.0,Climatological Mean (World Bank / FAO),5059988.0,70.68
CRI,Costa Rica,2022,74620.26,A,442725.787,73879.438,31405.784,11381.655,17.89,ERA5 (Open-Meteo),2926.0,Climatological Mean (World Bank / FAO),5081765.0,100.98
CRI,Costa Rica,2023,80270.33,A,445149.315,72522.285,35810.401,13472.23,18.54,ERA5 (Open-Meteo),2926.0,Climatological Mean (World Bank / FAO),5105525.0,82.5
CRI,Costa Rica,2024,62153.98,A,410285.338,75257.069,17889.595999999998,7009.372,18.83,ERA5 (Open-Meteo),2926.0,Climatological Mean (World Bank / FAO),5129910.0,80.55
CIV,Côte d'Ivoire,1995,194968.0,A,396707.624,133412.21,206.229,47.156000000000006,27.52,Berkeley Earth (proxy: ghana),1420.9,ERA5-Land (Open-Meteo),14855565.0,17.03
CIV,Côte d'Ivoire,1996,167786.0,A,271084.177,144139.63999999998,124.063,36.982,27.41,Berkeley Earth (proxy: ghana),1198.2,ERA5-Land (Open-Meteo),15442312.0,20.64
CIV,Côte d'Ivoire,1997,279219.0,A,314102.622,207657.889,632.876,143.645,27.37,Berkeley Earth (proxy: ghana),1163.9,ERA5-Land (Open-Meteo),16047170.0,19.15
CIV,Côte d'Ivoire,1998,311000.0,A,420868.027,234965.472,110.685,60.548,28.01,Berkeley Earth (proxy: ghana),1258.3,ERA5-Land (Open-Meteo),16663948.0,12.79
CIV,Côte d'Ivoire,1999,307331.0,A,208866.43,126790.32,938.34,587.146,27.34,Berkeley Earth (proxy: ghana),1375.3,ERA5-Land (Open-Meteo),17215935.0,17.85
CIV,Côte d'Ivoire,2000,380000.0,A,209778.328,259989.866,281.552,158.744,27.31,Berkeley Earth (proxy: ghana),1348.0,Climatological Mean (World Bank / FAO),17699004.0,28.57
CIV,Côte d'Ivoire,2001,301127.0,A,125932.924,209894.176,11.605,18.741,27.5,Berkeley Earth (proxy: ghana),1348.0,Climatological Mean (World Bank / FAO),18178913.0,24.49
CIV,Côte d'Ivoire,2002,182001.0,A,93974.755,163483.932,113.215,97.081,27.62,Berkeley Earth (proxy: ghana),1348.0,Climatological Mean (World Bank / FAO),18654771.0,25.0
CIV,Côte d'Ivoire,2003,140027.0,A,100192.919,128257.174,25.506,25.128,27.82,Berkeley Earth (proxy: ghana),1348.0,Climatological Mean (World Bank / FAO),19125542.0,28.88
CIV,Côte d'Ivoire,2004,154081.0,A,112909.986,149385.957,24.209,130.15,27.74,Berkeley Earth (proxy: ghana),1348.0,Climatological Mean (World Bank / FAO),19595000.0,38.23
CIV,Côte d'Ivoire,2005,230000.0,A,110839.456,111790.882,38.187,20.782,27.92,Berkeley Earth (proxy: ghana),1348.0,Climatological Mean (World Bank / FAO),20068458.0,54.49
CIV,Côte d'Ivoire,2006,187000.0,A,125017.918,96619.13,11.57,4.38,27.89,Berkeley Earth (proxy: ghana),1348.0,Climatological Mean (World Bank / FAO),20546802.0,65.18
CIV,Côte d'Ivoire,2007,170849.0,A,208529.785,118880.065,87.369,38.756,27.77,Berkeley Earth (proxy: ghana),1425.9,ERA5-Land (Open-Meteo),21030558.0,72.58
CIV,Côte d'Ivoire,2008,173118.0,A,184603.313,78668.89,277.417,134.90099999999998,27.57,Berkeley Earth (proxy: ghana),1125.2,ERA5-Land (Open-Meteo),21514439.0,97.02
CIV,Côte d'Ivoire,2009,142945.0,A,138869.26,76854.247,25.103,5.086,27.68,Berkeley Earth (proxy: ghana),1233.7,ERA5-Land (Open-Meteo),21997940.0,61.56
CIV,Côte d'Ivoire,2010,94372.0,A,157228.886,99280.15,11.201,1.911,28.0,Berkeley Earth (proxy: ghana),1155.1,ERA5-Land (Open-Meteo),22488065.0,79.45
CIV,Côte d'Ivoire,2011,32291.0,A,150860.794,49251.256,27.322,124.275,27.64,Berkeley Earth (proxy: ghana),1140.6,ERA5-Land (Open-Meteo),22982000.0,111.18
CIV,Côte d'Ivoire,2012,121426.0,A,186066.52,83095.457,92.002,52.859,27.42,Berkeley Earth (proxy: ghana),1107.7,ERA5-Land (Open-Meteo),23467078.0,111.61
CIV,Côte d'Ivoire,2013,103743.0,A,192224.077,86679.992,16.905,20.322,27.55,Berkeley Earth (proxy: ghana),950.0,ERA5-Land (Open-Meteo),23939775.0,108.62
CIV,Côte d'Ivoire,2014,109913.47,I,152405.47999999998,70329.04400000001,1193.142,488.3109999999999,27.61,Berkeley Earth (proxy: ghana),1185.0,ERA5-Land (Open-Meteo),24527395.0,98.97
CIV,Côte d'Ivoire,2015,127000.0,A,130495.814,66168.43000000001,1677.0,749.629,27.75,Berkeley Earth (proxy: ghana),984.8,ERA5-Land (Open-Meteo),25246342.0,52.38
CIV,Côte d'Ivoire,2016,106000.0,A,260819.764,111781.428,593.634,243.377,28.04,Berkeley Earth (proxy: ghana),1059.5,ERA5-Land (Open-Meteo),25989405.0,43.63
CIV,Côte d'Ivoire,2017,33600.0,A,103795.896,45652.929,195.77,62.413,26.59,ERA5 (Open-Meteo),1251.6,ERA5-Land (Open-Meteo),26733372.0,54.22
CIV,Côte d'Ivoire,2018,123900.0,A,132919.763,70525.603,144.052,33.176,26.24,ERA5 (Open-Meteo),1553.2,ERA5-Land (Open-Meteo),27464173.0,71.12
CIV,Côte d'Ivoire,2019,95204.0,A,153596.647,103531.541,165.2,44.026,26.41,ERA5 (Open-Meteo),1697.2,ERA5-Land (Open-Meteo),28193009.0,64.38
CIV,Côte d'Ivoire,2020,82366.0,A,107318.798,71659.709,145.28199999999998,30.415,26.48,ERA5 (Open-Meteo),1097.3,ERA5-Land (Open-Meteo),28915449.0,41.89
CIV,Côte d'Ivoire,2021,61312.0,A,49296.982,31563.167,77.589,17.178,26.61,ERA5 (Open-Meteo),1252.5,ERA5-Land (Open-Meteo),29639736.0,70.68
CIV,Côte d'Ivoire,2022,89878.0,A,105620.791,52509.135,148.636,28.581,26.01,ERA5 (Open-Meteo),1421.1,ERA5-Land (Open-Meteo),30395002.0,100.98
CIV,Côte d'Ivoire,2023,46975.0,A,83494.912,38101.583,176.447,31.762,26.37,ERA5 (Open-Meteo),1339.0,ERA5-Land (Open-Meteo),31165654.0,82.5
CIV,Côte d'Ivoire,2024,72133.0,A,164495.884,60526.369000000006,83.647,12.218,26.76,ERA5 (Open-Meteo),1206.2,ERA5-Land (Open-Meteo),31934230.0,80.55
CUB,Cuba,1995,17100.0,X,23683.703,5722.53,803.116,354.523,25.98,Berkeley Earth,1335.0,Climatological Mean (World Bank / FAO),10925362.0,17.03
CUB,Cuba,1996,16680.0,X,13513.913,4216.958,1239.027,593.125,25.51,Berkeley Earth,1335.0,Climatological Mean (World Bank / FAO),10962010.0,20.64
CUB,Cuba,1997,19980.0,X,16701.365,4539.255,37.49,10.125,26.29,Berkeley Earth,1335.0,Climatological Mean (World Bank / FAO),10997934.0,19.15
CUB,Cuba,1998,13500.0,X,21261.912,5487.771,800.895,508.187,26.26,Berkeley Earth,1335.0,Climatological Mean (World Bank / FAO),11034712.0,12.79
CUB,Cuba,1999,22020.0,X,14417.764,4956.748,8970.722,0.0,25.65,Berkeley Earth,1335.0,Climatological Mean (World Bank / FAO),11072230.0,17.85
CUB,Cuba,2000,16500.0,X,20164.762,7369.469,4981.187,2728.489,25.65,Berkeley Earth,1335.0,Climatological Mean (World Bank / FAO),11109109.0,28.57
CUB,Cuba,2001,15720.0,X,12785.78,6955.055,2689.036,1917.547,25.78,Berkeley Earth,1335.0,Climatological Mean (World Bank / FAO),11144132.0,24.49
CUB,Cuba,2002,14700.0,X,8962.173,5182.4800000000005,2089.148,1632.358,26.18,Berkeley Earth,1335.0,Climatological Mean (World Bank / FAO),11177418.0,25.0
CUB,Cuba,2003,15000.0,X,8232.671,5579.391,2737.914,1744.4630000000002,26.2,Berkeley Earth,1335.0,Climatological Mean (World Bank / FAO),11209383.0,28.88
CUB,Cuba,2004,15240.0,X,5892.745,3060.821,4096.557,2782.407,25.99,Berkeley Earth,1335.0,Climatological Mean (World Bank / FAO),11238756.0,38.23
CUB,Cuba,2005,10800.0,X,7324.888,4269.867,40279.982,25628.387,25.88,Berkeley Earth,1335.0,Climatological Mean (World Bank / FAO),11262554.0,54.49
CUB,Cuba,2006,8400.0,X,2626.9,1510.681,17593.021,10975.803,25.91,Berkeley Earth,1335.0,Climatological Mean (World Bank / FAO),11278550.0,65.18
CUB,Cuba,2007,13500.0,X,3078.019,737.529,40078.101,18138.443,26.07,Berkeley Earth,1335.0,Climatological Mean (World Bank / FAO),11287272.0,72.58
CUB,Cuba,2008,6240.0,X,1590.652,216.806,35482.144,13896.935,25.92,Berkeley Earth,1335.0,Climatological Mean (World Bank / FAO),11291762.0,97.02
CUB,Cuba,2009,7980.0,X,2344.185,431.191,32676.539,16087.263,25.91,Berkeley Earth,1335.0,Climatological Mean (World Bank / FAO),11294719.0,61.56
CUB,Cuba,2010,8430.0,X,2222.446,305.514,39544.128,17959.075,25.5,Berkeley Earth,1335.0,Climatological Mean (World Bank / FAO),11297409.0,79.45
CUB,Cuba,2011,10150.0,X,2904.229,379.735,21651.787,7542.799999999999,26.0,Berkeley Earth,1335.0,Climatological Mean (World Bank / FAO),11301571.0,111.18
CUB,Cuba,2012,7560.0,X,5770.585,801.032,26708.339,8327.078,25.94,Berkeley Earth,1335.0,Climatological Mean (World Bank / FAO),11303175.0,111.61
CUB,Cuba,2013,8944.0,X,3991.28,757.052,30706.803,10693.943,26.22,Berkeley Earth,1335.0,Climatological Mean (World Bank / FAO),11298167.0,108.62
CUB,Cuba,2014,9203.03,I,4738.444,909.826,30886.92,11172.342,26.19,Berkeley Earth,1335.0,Climatological Mean (World Bank / FAO),11285775.0,98.97
CUB,Cuba,2015,7416.54,I,2910.183,510.731,14123.052,5275.541,26.68,Berkeley Earth,1335.0,Climatological Mean (World Bank / FAO),11275065.0,52.38
CUB,Cuba,2016,7539.75,I,5095.692,1042.616,29349.809,10717.64,26.44,Berkeley Earth,1335.0,Climatological Mean (World Bank / FAO),11265612.0,43.63
CUB,Cuba,2017,6780.0,X,4011.196,943.771,25307.818,8444.708,26.66,ERA5 (Open-Meteo),1335.0,Climatological Mean (World Bank / FAO),11247829.0,54.22
CUB,Cuba,2018,7680.0,X,6645.304,1344.606,29729.997,10397.618,26.6,ERA5 (Open-Meteo),1335.0,Climatological Mean (World Bank / FAO),11227118.0,71.12
CUB,Cuba,2019,7800.0,X,5759.28,1188.065,18053.103,6417.829,27.07,ERA5 (Open-Meteo),1335.0,Climatological Mean (World Bank / FAO),11202846.0,64.38
CUB,Cuba,2020,7500.0,X,5767.016,1323.242,12343.301,5331.59,26.98,ERA5 (Open-Meteo),1335.0,Climatological Mean (World Bank / FAO),11176354.0,41.89
CUB,Cuba,2021,9100.0,A,6383.275,1344.736,14640.421,5628.328,26.68,ERA5 (Open-Meteo),1335.0,Climatological Mean (World Bank / FAO),11122168.0,70.68
CUB,Cuba,2022,6252.0,A,5536.737,1074.989,22682.213,4976.89,26.77,ERA5 (Open-Meteo),1335.0,Climatological Mean (World Bank / FAO),11059820.0,100.98
CUB,Cuba,2023,6000.0,X,3961.247,723.0550000000001,12776.19,3556.954,27.21,ERA5 (Open-Meteo),1335.0,Climatological Mean (World Bank / FAO),11019931.0,82.5
CUB,Cuba,2024,6000.0,X,4793.218,605.452,7302.289999999999,1986.368,27.07,ERA5 (Open-Meteo),1335.0,Climatological Mean (World Bank / FAO),10979783.0,80.55
COD,Democratic Republic of the Congo,1995,84714.0,A,83362.244,32900.761,2286.5460000000003,993.432,24.55,Berkeley Earth,1543.0,Climatological Mean (World Bank / FAO),44433704.0,17.03
COD,Democratic Republic of the Congo,1996,73975.0,A,116466.002,58289.215,,,24.3,Berkeley Earth,1543.0,Climatological Mean (World Bank / FAO),45296124.0,20.64
COD,Democratic Republic of the Congo,1997,70299.0,A,59667.781,32460.2,104.111,108.0,24.62,Berkeley Earth,1543.0,Climatological Mean (World Bank / FAO),46029902.0,19.15
COD,Democratic Republic of the Congo,1998,55991.0,A,57805.652,28284.49,3.616,1.562,24.86,Berkeley Earth,1543.0,Climatological Mean (World Bank / FAO),47297600.0,12.79
COD,Democratic Republic of the Congo,1999,48605.0,A,41612.202,24293.751,2.813,0.639,24.15,Berkeley Earth,1543.0,Climatological Mean (World Bank / FAO),48912971.0,17.85
COD,Democratic Republic of the Congo,2000,46767.0,A,29831.078,20960.807,297.566,175.851,24.28,Berkeley Earth,1543.0,Climatological Mean (World Bank / FAO),50507442.0,28.57
COD,Democratic Republic of the Congo,2001,34723.0,A,13145.013,11108.94,159.084,107.094,24.32,Berkeley Earth,1543.0,Climatological Mean (World Bank / FAO),52132646.0,24.49
COD,Democratic Republic of the Congo,2002,32080.0,A,5177.583,4965.94,350.144,314.538,24.58,Berkeley Earth,1543.0,Climatological Mean (World Bank / FAO),53750524.0,25.0
COD,Democratic Republic of the Congo,2003,32050.0,A,5820.98,5474.874,405.129,251.994,24.62,Berkeley Earth,1543.0,Climatological Mean (World Bank / FAO),55343867.0,28.88
COD,Democratic Republic of the Congo,2004,32020.0,A,10790.776,7953.616000000001,66.211,20.535,24.6,Berkeley Earth,1543.0,Climatological Mean (World Bank / FAO),56997741.0,38.23
COD,Democratic Republic of the Congo,2005,31990.0,A,11143.26,7698.026,233.79,116.399,24.98,Berkeley Earth,1543.0,Climatological Mean (World Bank / FAO),58775724.0,54.49
COD,Democratic Republic of the Congo,2006,31960.0,A,11154.612,6205.529,112.444,33.649,24.59,Berkeley Earth,1543.0,Climatological Mean (World Bank / FAO),60615908.0,65.18
COD,Democratic Republic of the Congo,2007,31930.0,A,8816.568,4495.161,448.818,168.65700000000004,24.42,Berkeley Earth,1543.0,Climatological Mean (World Bank / FAO),62477752.0,72.58
COD,Democratic Republic of the Congo,2008,31900.0,A,18280.373,7221.256,358.425,316.404,24.35,Berkeley Earth,1543.0,Climatological Mean (World Bank / FAO),64390664.0,97.02
COD,Democratic Republic of the Congo,2009,31870.0,A,16117.414,7112.487,178.828,21.727,24.61,Berkeley Earth,1543.0,Climatological Mean (World Bank / FAO),66412044.0,61.56
COD,Democratic Republic of the Congo,2010,31840.0,A,14122.002,5547.643,53.189,4.986,24.96,Berkeley Earth,1543.0,Climatological Mean (World Bank / FAO),68563038.0,79.45
COD,Democratic Republic of the Congo,2011,31810.0,A,15941.039,4058.627,106.089,16.707,24.38,Berkeley Earth,1543.0,Climatological Mean (World Bank / FAO),70849311.0,111.18
COD,Democratic Republic of the Congo,2012,31561.74,I,15442.961,4081.241,288.697,67.618,24.29,Berkeley Earth,1543.0,Climatological Mean (World Bank / FAO),73254618.0,111.61
COD,Democratic Republic of the Congo,2013,29700.71,I,10476.402,3453.769,205.545,62.632000000000005,24.67,Berkeley Earth,1543.0,Climatological Mean (World Bank / FAO),75789395.0,108.62
COD,Democratic Republic of the Congo,2014,28233.0,I,14827.282,4248.066,34.059,6.626,24.52,Berkeley Earth,1543.0,Climatological Mean (World Bank / FAO),78403242.0,98.97
COD,Democratic Republic of the Congo,2015,30999.41,I,18638.242,5769.026,126.584,37.134,24.59,Berkeley Earth,1543.0,Climatological Mean (World Bank / FAO),81035531.0,52.38
COD,Democratic Republic of the Congo,2016,29644.37,E,14110.443,4723.335,35.201,29.429,25.06,Berkeley Earth,1543.0,Climatological Mean (World Bank / FAO),83956415.0,43.63
COD,Democratic Republic of the Congo,2017,40342.18,I,22308.825,7507.651,69.003,54.047,25.0,ERA5 (Open-Meteo),1543.0,Climatological Mean (World Bank / FAO),87083398.0,54.22
COD,Democratic Republic of the Congo,2018,51485.0,A,19679.392,7429.709,159.525,54.808,24.74,ERA5 (Open-Meteo),1543.0,Climatological Mean (World Bank / FAO),90047644.0,71.12
COD,Democratic Republic of the Congo,2019,52940.0,A,19486.389,7850.8,64.791,32.887,24.89,ERA5 (Open-Meteo),1543.0,Climatological Mean (World Bank / FAO),92947442.0,64.38
COD,Democratic Republic of the Congo,2020,53303.0,A,21997.27,8024.897,50.948,29.79,24.69,ERA5 (Open-Meteo),1543.0,Climatological Mean (World Bank / FAO),95989998.0,41.89
COD,Democratic Republic of the Congo,2021,54159.65,I,21080.289,8058.902,6478.511,999.745,24.81,ERA5 (Open-Meteo),1543.0,Climatological Mean (World Bank / FAO),99148932.0,70.68
COD,Democratic Republic of the Congo,2022,58817.48,I,33678.888,7811.097,768.397,229.881,24.57,ERA5 (Open-Meteo),1543.0,Climatological Mean (World Bank / FAO),102396968.0,100.98
COD,Democratic Republic of the Congo,2023,62405.41,I,33202.333,7769.545,335.313,113.189,24.77,ERA5 (Open-Meteo),1543.0,Climatological Mean (World Bank / FAO),105789731.0,82.5
COD,Democratic Republic of the Congo,2024,65701.24,I,28782.34,5891.266,293.252,65.114,25.51,ERA5 (Open-Meteo),1543.0,Climatological Mean (World Bank / FAO),109276265.0,80.55
DMA,Dominica,1995,348.79,I,371.563,94.135,,,26.92,Berkeley Earth,2083.0,Climatological Mean (World Bank / FAO),69469.0,17.03
DMA,Dominica,1996,360.0,E,611.869,237.986,6.603,1.66,26.59,Berkeley Earth,2083.0,Climatological Mean (World Bank / FAO),69410.0,20.64
DMA,Dominica,1997,359.62,I,1526.305,350.25800000000004,471.876,124.988,26.93,Berkeley Earth,2083.0,Climatological Mean (World Bank / FAO),69299.0,19.15
DMA,Dominica,1998,362.38,I,1047.669,336.331,151.876,36.0,27.24,Berkeley Earth,2083.0,Climatological Mean (World Bank / FAO),69124.0,12.79
DMA,Dominica,1999,370.0,E,1232.326,517.76,2.998,0.952,26.75,Berkeley Earth,2083.0,Climatological Mean (World Bank / FAO),68870.0,17.85
DMA,Dominica,2000,307.71,I,200.693,81.038,3.702,0.826,26.51,Berkeley Earth,2083.0,Climatological Mean (World Bank / FAO),68511.0,28.57
DMA,Dominica,2001,289.72,I,98.645,50.169,77.822,72.463,26.85,Berkeley Earth,2083.0,Climatological Mean (World Bank / FAO),68288.0,24.49
DMA,Dominica,2002,271.73,I,145.722,72.98400000000001,76.086,79.857,26.8,Berkeley Earth,2083.0,Climatological Mean (World Bank / FAO),68367.0,25.0
DMA,Dominica,2003,253.74,I,472.7480000000001,171.324,13.41,5.929,26.96,Berkeley Earth,2083.0,Climatological Mean (World Bank / FAO),68531.0,28.88
DMA,Dominica,2004,235.76,I,299.153,106.842,40.653,22.882,26.72,Berkeley Earth,2083.0,Climatological Mean (World Bank / FAO),68649.0,38.23
DMA,Dominica,2005,217.8,I,73.671,25.418,188.341,72.018,27.2,Berkeley Earth,2083.0,Climatological Mean (World Bank / FAO),68734.0,54.49
DMA,Dominica,2006,199.84,I,456.073,103.346,100.858,54.938,27.02,Berkeley Earth,2083.0,Climatological Mean (World Bank / FAO),68806.0,65.18
DMA,Dominica,2007,82.0,A,17.357,2.899,12.12,5.598,27.0,Berkeley Earth,2083.0,Climatological Mean (World Bank / FAO),68847.0,72.58
DMA,Dominica,2008,67.0,A,280.347,69.556,103.583,41.342,26.54,Berkeley Earth,2083.0,Climatological Mean (World Bank / FAO),68854.0,97.02
DMA,Dominica,2009,58.0,A,98.235,24.696,25.974,2.9679999999999995,26.78,Berkeley Earth,2083.0,Climatological Mean (World Bank / FAO),68864.0,61.56
DMA,Dominica,2010,45.0,A,94.373,20.029000000000003,1986.304,1367.319,27.35,Berkeley Earth,2083.0,Climatological Mean (World Bank / FAO),68859.0,79.45
DMA,Dominica,2011,498.0,A,275.08,39.05,6107.75,2710.283,26.86,Berkeley Earth,2083.0,Climatological Mean (World Bank / FAO),69053.0,111.18
DMA,Dominica,2012,370.81,I,15.982,3.526,4469.828,2498.282,27.0,Berkeley Earth,2083.0,Climatological Mean (World Bank / FAO),69118.0,111.61
DMA,Dominica,2013,370.55,I,44.899,5.26,1166.302,577.1659999999999,26.94,Berkeley Earth,2083.0,Climatological Mean (World Bank / FAO),69715.0,108.62
DMA,Dominica,2014,370.3,I,83.47699999999999,19.524,5818.661999999999,2604.922,26.88,Berkeley Earth,2083.0,Climatological Mean (World Bank / FAO),70373.0,98.97
DMA,Dominica,2015,370.1,I,64.467,6.9670000000000005,159.74,36.815,27.3,Berkeley Earth,2083.0,Climatological Mean (World Bank / FAO),70410.0,52.38
DMA,Dominica,2016,369.63,I,77.90499999999999,8.529,104.896,22.249,27.29,Berkeley Earth,2083.0,Climatological Mean (World Bank / FAO),69606.0,43.63
DMA,Dominica,2017,369.36,I,45.252,6.262,4.321999999999999,1.174,23.01,ERA5 (Open-Meteo),2083.0,Climatological Mean (World Bank / FAO),68496.0,54.22
DMA,Dominica,2018,369.7,E,91.74,23.994,149.002,73.617,22.62,ERA5 (Open-Meteo),2083.0,Climatological Mean (World Bank / FAO),68174.0,71.12
DMA,Dominica,2019,353.64,I,96.359,15.924,12.085,2.883,22.94,ERA5 (Open-Meteo),2083.0,Climatological Mean (World Bank / FAO),67880.0,64.38
DMA,Dominica,2020,364.23,E,34.869,5.292,10.297,3.51,23.1,ERA5 (Open-Meteo),2083.0,Climatological Mean (World Bank / FAO),67573.0,41.89
DMA,Dominica,2021,362.53,E,51.932,5.47,154.906,22.528,22.83,ERA5 (Open-Meteo),2083.0,Climatological Mean (World Bank / FAO),67202.0,70.68
DMA,Dominica,2022,360.13,E,61.399,8.491,8.982,2.291,22.58,ERA5 (Open-Meteo),2083.0,Climatological Mean (World Bank / FAO),66826.0,100.98
DMA,Dominica,2023,362.3,E,0.615,0.0839999999999999,271.03,90.061,23.13,ERA5 (Open-Meteo),2083.0,Climatological Mean (World Bank / FAO),66510.0,82.5
DMA,Dominica,2024,361.65,E,,,17.242,5.832,23.6,ERA5 (Open-Meteo),2083.0,Climatological Mean (World Bank / FAO),66205.0,80.55
DOM,Dominican Republic,1995,42407.33,A,85366.028,26613.062,,,26.27,Berkeley Earth,1410.0,Climatological Mean (World Bank / FAO),7888115.0,17.03
DOM,Dominican Republic,1996,47895.31,A,73150.28,28648.338,31.611,17.363,25.92,Berkeley Earth,1410.0,Climatological Mean (World Bank / FAO),8032894.0,20.64
DOM,Dominican Republic,1997,33997.01,A,70672.4,18695.049,,,26.58,Berkeley Earth,1410.0,Climatological Mean (World Bank / FAO),8174078.0,19.15
DOM,Dominican Republic,1998,56943.0,A,76657.34,22540.929,96.775,52.164,26.55,Berkeley Earth,1410.0,Climatological Mean (World Bank / FAO),8310362.0,12.79
DOM,Dominican Republic,1999,34609.0,A,18273.683,7142.842000000001,1249.756,614.4639999999999,26.16,Berkeley Earth,1410.0,Climatological Mean (World Bank / FAO),8446208.0,17.85
DOM,Dominican Republic,2000,45546.0,A,14709.773,6429.178,39.791,21.453000000000003,25.96,Berkeley Earth,1410.0,Climatological Mean (World Bank / FAO),8584190.0,28.57
DOM,Dominican Republic,2001,35476.0,A,7572.087,4116.233,35.878,20.855,26.23,Berkeley Earth,1410.0,Climatological Mean (World Bank / FAO),8720283.0,24.49
DOM,Dominican Republic,2002,37330.0,A,5663.264,2972.654,37.922,40.061,26.42,Berkeley Earth,1410.0,Climatological Mean (World Bank / FAO),8852235.0,25.0
DOM,Dominican Republic,2003,36929.0,A,6491.342000000001,2770.519,9.836,4.553,26.56,Berkeley Earth,1410.0,Climatological Mean (World Bank / FAO),8980620.0,28.88
DOM,Dominican Republic,2004,35421.0,A,6757.069,2597.123,2.232,0.201,26.27,Berkeley Earth,1410.0,Climatological Mean (World Bank / FAO),9104892.0,38.23
DOM,Dominican Republic,2005,40303.0,A,6990.962,2471.531,35.273,22.307,26.38,Berkeley Earth,1410.0,Climatological Mean (World Bank / FAO),9225034.0,54.49
DOM,Dominican Republic,2006,41352.17,A,9452.206,3447.266,5.812,1.728,26.53,Berkeley Earth,1410.0,Climatological Mean (World Bank / FAO),9341183.0,65.18
DOM,Dominican Republic,2007,41231.97,A,8612.139,2572.554,72.032,42.245000000000005,26.6,Berkeley Earth,1410.0,Climatological Mean (World Bank / FAO),9455658.0,72.58
DOM,Dominican Republic,2008,35582.42,A,9695.273,2771.5660000000003,50.988,25.426,26.26,Berkeley Earth,1410.0,Climatological Mean (World Bank / FAO),9573130.0,97.02
DOM,Dominican Republic,2009,37950.0,A,8955.387999999999,2519.986,35.531,24.583,26.4,Berkeley Earth,1410.0,Climatological Mean (World Bank / FAO),9695265.0,61.56
DOM,Dominican Republic,2010,21876.0,A,8938.208,2137.575,2645.446,720.819,26.5,Berkeley Earth,1410.0,Climatological Mean (World Bank / FAO),9820175.0,79.45
DOM,Dominican Republic,2011,22679.85,A,18681.813,3180.062,7272.79,2184.664,26.13,Berkeley Earth,1410.0,Climatological Mean (World Bank / FAO),9945621.0,111.18
DOM,Dominican Republic,2012,27009.0,A,14720.118,2812.852,4311.427,2063.502,26.35,Berkeley Earth,1410.0,Climatological Mean (World Bank / FAO),10070411.0,111.61
DOM,Dominican Republic,2013,18552.12,A,8714.778999999999,1984.573,12584.065,3056.629,26.54,Berkeley Earth,1410.0,Climatological Mean (World Bank / FAO),10193833.0,108.62
DOM,Dominican Republic,2014,13213.28,A,5979.6230000000005,1121.205,20667.846,7750.764999999999,26.63,Berkeley Earth,1410.0,Climatological Mean (World Bank / FAO),10315528.0,98.97
DOM,Dominican Republic,2015,9888.42,A,4964.396000000001,833.908,60150.89200000001,19406.721,26.92,Berkeley Earth,1410.0,Climatological Mean (World Bank / FAO),10434829.0,52.38
DOM,Dominican Republic,2016,11470.58,A,5182.602,813.936,38853.405,16907.345,26.52,Berkeley Earth,1410.0,Climatological Mean (World Bank / FAO),10551430.0,43.63
DOM,Dominican Republic,2017,15241.0,A,5174.156,773.248,38703.633,15402.621,16.94,ERA5 (Open-Meteo),1410.0,Climatological Mean (World Bank / FAO),10666843.0,54.22
DOM,Dominican Republic,2018,18416.04,A,6281.715,999.796,33744.26,14878.824,16.87,ERA5 (Open-Meteo),1410.0,Climatological Mean (World Bank / FAO),10782053.0,71.12
DOM,Dominican Republic,2019,13873.31,A,4776.2300000000005,768.503,32588.234,15428.185,17.15,ERA5 (Open-Meteo),1410.0,Climatological Mean (World Bank / FAO),10894043.0,64.38
DOM,Dominican Republic,2020,15380.93,A,3329.84,517.99,22199.312,11684.767,17.31,ERA5 (Open-Meteo),1410.0,Climatological Mean (World Bank / FAO),11008300.0,41.89
DOM,Dominican Republic,2021,16558.97,A,4335.5470000000005,771.042,34331.993,15005.266,16.75,ERA5 (Open-Meteo),1410.0,Climatological Mean (World Bank / FAO),11123476.0,70.68
DOM,Dominican Republic,2022,20577.02,A,5464.826,796.447,42664.55,13949.024,16.82,ERA5 (Open-Meteo),1410.0,Climatological Mean (World Bank / FAO),11230734.0,100.98
DOM,Dominican Republic,2023,27397.26,A,5029.513,733.9499999999999,49173.247,15673.151,17.59,ERA5 (Open-Meteo),1410.0,Climatological Mean (World Bank / FAO),11331265.0,82.5
DOM,Dominican Republic,2024,24838.0,A,4274.884,671.294,27948.607,8969.508,17.98,ERA5 (Open-Meteo),1410.0,Climatological Mean (World Bank / FAO),11427557.0,80.55
ECU,Ecuador,1995,148205.0,A,237871.021,82394.265,3612.065000000001,3382.414,22.2,Berkeley Earth,2274.0,Climatological Mean (World Bank / FAO),11590514.0,17.03
ECU,Ecuador,1996,168919.0,A,146945.992,73587.80799999999,3659.068,4203.815,21.62,Berkeley Earth,2274.0,Climatological Mean (World Bank / FAO),11810950.0,20.64
ECU,Ecuador,1997,173868.0,A,107338.858,44307.324,3494.122,2956.71,22.7,Berkeley Earth,2274.0,Climatological Mean (World Bank / FAO),12031127.0,19.15
ECU,Ecuador,1998,48190.0,A,74787.757,39916.346,493.697,849.7059999999999,22.73,Berkeley Earth,2274.0,Climatological Mean (World Bank / FAO),12251184.0,12.79
ECU,Ecuador,1999,132939.0,A,68821.314,40282.357,7158.991,557.627,21.55,Berkeley Earth,2274.0,Climatological Mean (World Bank / FAO),12470795.0,17.85
ECU,Ecuador,2000,27606.0,A,30649.213,21532.542,2959.273,3002.519,21.65,Berkeley Earth,2274.0,Climatological Mean (World Bank / FAO),12689206.0,28.57
ECU,Ecuador,2001,164790.0,A,21395.758,22714.841,895.774,812.648,21.88,Berkeley Earth,2274.0,Climatological Mean (World Bank / FAO),12910740.0,24.49
ECU,Ecuador,2002,23325.0,A,12738.534,12503.51,3019.587,4147.22,22.28,Berkeley Earth,2274.0,Climatological Mean (World Bank / FAO),13138472.0,25.0
ECU,Ecuador,2003,23579.0,A,15837.372,13019.271,2818.667,3272.598,22.24,Berkeley Earth,2274.0,Climatological Mean (World Bank / FAO),13372306.0,28.88
ECU,Ecuador,2004,27932.0,A,20402.377,16673.981,5520.092,6221.7480000000005,22.23,Berkeley Earth,2274.0,Climatological Mean (World Bank / FAO),13608701.0,38.23
ECU,Ecuador,2005,40805.0,A,31910.36,25095.71,10837.513,10188.809,22.07,Berkeley Earth,2274.0,Climatological Mean (World Bank / FAO),13846163.0,54.49
ECU,Ecuador,2006,31461.0,A,41144.192,23760.514,11137.771,9429.869,22.13,Berkeley Earth,2274.0,Climatological Mean (World Bank / FAO),14086131.0,65.18
ECU,Ecuador,2007,38687.0,A,30559.141,13143.493,6597.2,4905.465999999999,21.95,Berkeley Earth,2274.0,Climatological Mean (World Bank / FAO),14328773.0,72.58
ECU,Ecuador,2008,32096.0,A,25875.367,10678.735,43028.874,23643.0,21.86,Berkeley Earth,2274.0,Climatological Mean (World Bank / FAO),14575202.0,97.02
ECU,Ecuador,2009,33624.0,A,51997.91100000001,28201.143,27101.887,16656.269,22.3,Berkeley Earth,2274.0,Climatological Mean (World Bank / FAO),14825954.0,61.56
ECU,Ecuador,2010,31347.0,A,59664.167,22986.097,18949.791,9435.807,22.26,Berkeley Earth,2274.0,Climatological Mean (World Bank / FAO),15076695.0,79.45
ECU,Ecuador,2011,23829.0,A,118662.618,36053.613000000005,30047.015,11006.278,22.09,Berkeley Earth,2274.0,Climatological Mean (World Bank / FAO),15326227.0,111.18
ECU,Ecuador,2012,7340.03,A,77853.439,28611.01,105511.943,50583.239,22.12,Berkeley Earth,2274.0,Climatological Mean (World Bank / FAO),15572194.0,111.61
ECU,Ecuador,2013,7760.0,A,30774.520000000004,12440.658,30589.001,17640.924000000003,22.11,Berkeley Earth,2274.0,Climatological Mean (World Bank / FAO),15807128.0,108.62
ECU,Ecuador,2014,4224.53,A,26862.835,9322.914,89151.50700000001,45744.74800000001,22.41,Berkeley Earth,2274.0,Climatological Mean (World Bank / FAO),16035124.0,98.97
ECU,Ecuador,2015,5297.44,A,20256.798,6497.078,54016.223,30615.403,22.84,Berkeley Earth,2274.0,Climatological Mean (World Bank / FAO),16266225.0,52.38
ECU,Ecuador,2016,3904.53,A,19870.495,5256.328,63196.793,36640.519,22.81,Berkeley Earth,2274.0,Climatological Mean (World Bank / FAO),16505139.0,43.63
ECU,Ecuador,2017,7564.0,A,18284.316,5202.831,41341.243,21108.677,25.25,ERA5 (Open-Meteo),2274.0,Climatological Mean (World Bank / FAO),16759519.0,54.22
ECU,Ecuador,2018,5065.0,A,15492.841,5093.889,4319.26,2674.112,24.93,ERA5 (Open-Meteo),2274.0,Climatological Mean (World Bank / FAO),17049547.0,71.12
ECU,Ecuador,2019,8140.98,A,7823.561,1727.456,33923.956,22739.618,25.17,ERA5 (Open-Meteo),2274.0,Climatological Mean (World Bank / FAO),17340021.0,64.38
ECU,Ecuador,2020,5280.29,A,9787.899,2002.222,22466.789,15643.607,25.39,ERA5 (Open-Meteo),2274.0,Climatological Mean (World Bank / FAO),17546065.0,41.89
ECU,Ecuador,2021,4916.87,A,16478.938,4101.949,30257.199,18730.977,25.06,ERA5 (Open-Meteo),2274.0,Climatological Mean (World Bank / FAO),17682454.0,70.68
ECU,Ecuador,2022,7965.97,A,24899.332,5045.228,21911.609,8895.841,25.02,ERA5 (Open-Meteo),2274.0,Climatological Mean (World Bank / FAO),17823897.0,100.98
ECU,Ecuador,2023,5584.19,A,12691.7,1950.619,35422.531,22219.607,25.46,ERA5 (Open-Meteo),2274.0,Climatological Mean (World Bank / FAO),17980083.0,82.5
ECU,Ecuador,2024,5465.05,A,10906.485,1711.547,29436.635,11734.692,25.89,ERA5 (Open-Meteo),2274.0,Climatological Mean (World Bank / FAO),18135478.0,80.55
SLV,El Salvador,1995,139513.0,A,404649.007,120992.828,359.873,133.077,26.14,Berkeley Earth,1784.0,Climatological Mean (World Bank / FAO),5762131.0,17.03
SLV,El Salvador,1996,148859.0,A,391565.234,149714.474,57.504,19.184,25.61,Berkeley Earth,1784.0,Climatological Mean (World Bank / FAO),5805286.0,20.64
SLV,El Salvador,1997,124239.0,A,535177.412,142174.051,88.417,22.437,26.32,Berkeley Earth,1784.0,Climatological Mean (World Bank / FAO),5844578.0,19.15
SLV,El Salvador,1998,117214.0,A,340621.615,128327.542,554.259,181.801,26.44,Berkeley Earth,1784.0,Climatological Mean (World Bank / FAO),5880781.0,12.79
SLV,El Salvador,1999,160782.0,A,257256.296,117420.807,130.981,60.892,25.58,Berkeley Earth,1784.0,Climatological Mean (World Bank / FAO),5913900.0,17.85
SLV,El Salvador,2000,114087.0,A,309480.356,155925.943,689.585,540.8870000000001,25.64,Berkeley Earth,1784.0,Climatological Mean (World Bank / FAO),5943366.0,28.57
SLV,El Salvador,2001,112201.0,A,129891.891,96696.476,369.66,568.419,25.85,Berkeley Earth,1784.0,Climatological Mean (World Bank / FAO),5968060.0,24.49
SLV,El Salvador,2002,91513.0,A,113334.386,96897.172,203.738,82.111,26.11,Berkeley Earth,1784.0,Climatological Mean (World Bank / FAO),5986631.0,25.0
SLV,El Salvador,2003,81157.0,A,111680.266,82137.65400000001,176.535,600.859,26.14,Berkeley Earth,1784.0,Climatological Mean (World Bank / FAO),5998599.0,28.88
SLV,El Salvador,2004,83088.0,A,127686.58,82891.563,308.111,773.6379999999999,26.09,Berkeley Earth,1784.0,Climatological Mean (World Bank / FAO),6004671.0,38.23
SLV,El Salvador,2005,87963.0,A,174228.486,80587.063,594.406,521.931,25.85,Berkeley Earth,1784.0,Climatological Mean (World Bank / FAO),6005578.0,54.49
SLV,El Salvador,2006,85350.0,A,194246.673,79488.214,696.636,537.868,25.97,Berkeley Earth,1784.0,Climatological Mean (World Bank / FAO),6002319.0,65.18
SLV,El Salvador,2007,96355.0,A,218406.875,82086.2,253.627,216.19,25.79,Berkeley Earth,1784.0,Climatological Mean (World Bank / FAO),6009824.0,72.58
SLV,El Salvador,2008,97727.0,A,287715.98,96513.9,385.218,190.921,25.51,Berkeley Earth,1784.0,Climatological Mean (World Bank / FAO),6029297.0,97.02
SLV,El Salvador,2009,76591.0,A,256050.066,87384.227,136.578,65.499,26.02,Berkeley Earth,1784.0,Climatological Mean (World Bank / FAO),6048279.0,61.56
SLV,El Salvador,2010,112636.0,A,243845.391,71822.263,1717.574,728.5229999999999,25.63,Berkeley Earth,1784.0,Climatological Mean (World Bank / FAO),6068249.0,79.45
SLV,El Salvador,2011,82095.0,A,491821.831,104485.797,40.918,46.889,25.77,Berkeley Earth,1784.0,Climatological Mean (World Bank / FAO),6090127.0,111.18
SLV,El Salvador,2012,89489.0,A,317059.146,67057.056,2038.964,436.467,25.88,Berkeley Earth,1784.0,Climatological Mean (World Bank / FAO),6113975.0,111.61
SLV,El Salvador,2013,32864.0,A,238509.447,67212.552,1497.9109999999998,367.481,26.05,Berkeley Earth,1784.0,Climatological Mean (World Bank / FAO),6138839.0,108.62
SLV,El Salvador,2014,41965.0,A,111981.36,28694.995000000003,101.345,6.961,26.11,Berkeley Earth,1784.0,Climatological Mean (World Bank / FAO),6162955.0,98.97
SLV,El Salvador,2015,35682.0,A,149929.094,35154.758,1180.165,450.232,26.79,Berkeley Earth,1784.0,Climatological Mean (World Bank / FAO),6183676.0,52.38
SLV,El Salvador,2016,38636.0,A,109624.737,29078.401,2012.114,1253.879,26.49,Berkeley Earth,1784.0,Climatological Mean (World Bank / FAO),6200800.0,43.63
SLV,El Salvador,2017,41141.36,A,119371.454,32125.746,14.64,1.909,23.69,ERA5 (Open-Meteo),1784.0,Climatological Mean (World Bank / FAO),6213533.0,54.22
SLV,El Salvador,2018,43318.8,A,116689.369,35637.06,248.445,195.74,23.67,ERA5 (Open-Meteo),1784.0,Climatological Mean (World Bank / FAO),6219807.0,71.12
SLV,El Salvador,2019,33640.91,A,110396.897,35941.066,195.85700000000003,141.753,24.17,ERA5 (Open-Meteo),1784.0,Climatological Mean (World Bank / FAO),6222318.0,64.38
SLV,El Salvador,2020,35000.0,A,94420.774,27128.794,818.2339999999999,446.17,23.69,ERA5 (Open-Meteo),1784.0,Climatological Mean (World Bank / FAO),6234673.0,41.89
SLV,El Salvador,2021,41910.91,A,111968.528,28996.215,419.315,186.11,23.86,ERA5 (Open-Meteo),1784.0,Climatological Mean (World Bank / FAO),6255782.0,70.68
SLV,El Salvador,2022,41866.0,A,180384.985,34193.305,630.3389999999999,172.035,23.24,ERA5 (Open-Meteo),1784.0,Climatological Mean (World Bank / FAO),6280319.0,100.98
SLV,El Salvador,2023,32570.72,I,153614.881,29873.223,258.592,20.914,24.4,ERA5 (Open-Meteo),1784.0,Climatological Mean (World Bank / FAO),6309624.0,82.5
SLV,El Salvador,2024,28487.64,I,146111.969,28183.456,23.8,1.491,24.21,ERA5 (Open-Meteo),1784.0,Climatological Mean (World Bank / FAO),6338193.0,80.55
GNQ,Equatorial Guinea,1995,4500.0,E,1627.131,518.713,15.11,5.226,25.72,Berkeley Earth,2156.0,Climatological Mean (World Bank / FAO),571264.0,17.03
GNQ,Equatorial Guinea,1996,5000.0,X,451.711,240.831,,,25.34,Berkeley Earth,2156.0,Climatological Mean (World Bank / FAO),593492.0,20.64
GNQ,Equatorial Guinea,1997,5000.0,X,77.853,69.699,,,25.42,Berkeley Earth,2156.0,Climatological Mean (World Bank / FAO),616893.0,19.15
GNQ,Equatorial Guinea,1998,5000.0,X,1324.6660000000002,741.987,,,26.09,Berkeley Earth,2156.0,Climatological Mean (World Bank / FAO),641474.0,12.79
GNQ,Equatorial Guinea,1999,3500.0,A,822.4599999999999,498.335,,,25.48,Berkeley Earth,2156.0,Climatological Mean (World Bank / FAO),667214.0,17.85
GNQ,Equatorial Guinea,2000,5000.0,X,19.267,19.880000000000003,0.234,0.148,25.37,Berkeley Earth,2156.0,Climatological Mean (World Bank / FAO),703279.0,28.57
GNQ,Equatorial Guinea,2001,5000.0,X,27.684,85.36,51.116,18.0,25.39,Berkeley Earth,2156.0,Climatological Mean (World Bank / FAO),749836.0,24.49
GNQ,Equatorial Guinea,2002,5000.0,X,28.118,30.685,3.106,2.839,25.7,Berkeley Earth,2156.0,Climatological Mean (World Bank / FAO),797957.0,25.0
GNQ,Equatorial Guinea,2003,5000.0,X,539.6329999999999,733.121,3.757,3.371,25.9,Berkeley Earth,2156.0,Climatological Mean (World Bank / FAO),847862.0,28.88
GNQ,Equatorial Guinea,2004,4000.0,X,,,,,25.82,Berkeley Earth,2156.0,Climatological Mean (World Bank / FAO),899917.0,38.23
GNQ,Equatorial Guinea,2005,4000.0,X,21.0,36.0,3.1260000000000003,1.379,25.81,Berkeley Earth,2156.0,Climatological Mean (World Bank / FAO),947367.0,54.49
GNQ,Equatorial Guinea,2006,4500.0,E,86.66999999999999,69.6,2.928,0.489,25.81,Berkeley Earth,2156.0,Climatological Mean (World Bank / FAO),990343.0,65.18
GNQ,Equatorial Guinea,2007,4397.59,I,208.154,116.62,25.893,4.614,25.87,Berkeley Earth,2156.0,Climatological Mean (World Bank / FAO),1036044.0,72.58
GNQ,Equatorial Guinea,2008,4299.55,I,56.7,20.998,15.91,2.783,25.85,Berkeley Earth,2156.0,Climatological Mean (World Bank / FAO),1084530.0,97.02
GNQ,Equatorial Guinea,2009,4000.0,E,,,11.812,1.934,25.89,Berkeley Earth,2156.0,Climatological Mean (World Bank / FAO),1135673.0,61.56
GNQ,Equatorial Guinea,2010,4250.71,I,0.292,0.059,18.672,1.999,25.96,Berkeley Earth,2156.0,Climatological Mean (World Bank / FAO),1189085.0,79.45
GNQ,Equatorial Guinea,2011,4342.63,I,42.778,20.405,17.518,4.627,25.56,Berkeley Earth,2156.0,Climatological Mean (World Bank / FAO),1241835.0,111.18
GNQ,Equatorial Guinea,2012,4594.72,I,88.571,38.4,12.309,0.792,25.47,Berkeley Earth,2156.0,Climatological Mean (World Bank / FAO),1293483.0,111.61
GNQ,Equatorial Guinea,2013,4401.74,I,33.103,21.0,132.25400000000002,10.644,25.63,Berkeley Earth,2156.0,Climatological Mean (World Bank / FAO),1346218.0,108.62
GNQ,Equatorial Guinea,2014,4385.48,I,1.01,0.18,172.956,19.126,25.79,Berkeley Earth,2156.0,Climatological Mean (World Bank / FAO),1399828.0,98.97
GNQ,Equatorial Guinea,2015,4254.38,I,,,99.144,15.02,25.83,Berkeley Earth,2156.0,Climatological Mean (World Bank / FAO),1453923.0,52.38
GNQ,Equatorial Guinea,2016,4174.11,I,9.39,0.85,94.637,20.509,26.14,Berkeley Earth,2156.0,Climatological Mean (World Bank / FAO),1508186.0,43.63
GNQ,Equatorial Guinea,2017,4134.3,I,27.019,9.073,118.497,23.054,24.27,ERA5 (Open-Meteo),2156.0,Climatological Mean (World Bank / FAO),1562396.0,54.22
GNQ,Equatorial Guinea,2018,4113.44,I,6.827,1.92,82.458,14.691,24.04,ERA5 (Open-Meteo),2156.0,Climatological Mean (World Bank / FAO),1616422.0,71.12
GNQ,Equatorial Guinea,2019,4094.87,I,,,101.852,8.905999999999999,24.25,ERA5 (Open-Meteo),2156.0,Climatological Mean (World Bank / FAO),1670177.0,64.38
GNQ,Equatorial Guinea,2020,4056.41,I,4.317,1.363,111.407,10.506,24.26,ERA5 (Open-Meteo),2156.0,Climatological Mean (World Bank / FAO),1716468.0,41.89
GNQ,Equatorial Guinea,2021,4062.25,I,,,151.075,9.727,24.13,ERA5 (Open-Meteo),2156.0,Climatological Mean (World Bank / FAO),1758786.0,70.68
GNQ,Equatorial Guinea,2022,4076.41,I,45.317,11.582,205.576,34.545,23.77,ERA5 (Open-Meteo),2156.0,Climatological Mean (World Bank / FAO),1803545.0,100.98
GNQ,Equatorial Guinea,2023,4055.45,I,48.115,19.174,314.813,76.09,24.23,ERA5 (Open-Meteo),2156.0,Climatological Mean (World Bank / FAO),1847549.0,82.5
GNQ,Equatorial Guinea,2024,4034.35,I,60.764,19.32,175.50000000000003,12.63,24.56,ERA5 (Open-Meteo),2156.0,Climatological Mean (World Bank / FAO),1892516.0,80.55
ETH,Ethiopia,1995,229980.0,X,304261.767,82113.50200000001,15.593,20.929,23.61,Berkeley Earth,848.0,Climatological Mean (World Bank / FAO),57537335.0,17.03
ETH,Ethiopia,1996,229980.0,X,269284.772,96771.231,187.896,112.116,23.4,Berkeley Earth,848.0,Climatological Mean (World Bank / FAO),59467635.0,20.64
ETH,Ethiopia,1997,228000.0,X,394345.397,113013.909,20.153,15.0,23.58,Berkeley Earth,848.0,Climatological Mean (World Bank / FAO),61404539.0,19.15
ETH,Ethiopia,1998,229980.0,X,416377.671,124294.959,3512.281,344.35,23.68,Berkeley Earth,848.0,Climatological Mean (World Bank / FAO),63363524.0,12.79
ETH,Ethiopia,1999,217450.0,A,255457.477,104995.739,7594.859,562.433,23.32,Berkeley Earth,848.0,Climatological Mean (World Bank / FAO),65374561.0,17.85
ETH,Ethiopia,2000,229980.0,X,265293.118,125537.237,764.0,612.437,23.43,Berkeley Earth,848.0,Climatological Mean (World Bank / FAO),67411494.0,28.57
ETH,Ethiopia,2001,157155.0,A,159636.346,91286.548,2333.389,6723.73,23.61,Berkeley Earth,848.0,Climatological Mean (World Bank / FAO),69487762.0,24.49
ETH,Ethiopia,2002,160000.0,E,166140.129,120058.217,106.022,154.549,23.94,Berkeley Earth,848.0,Climatological Mean (World Bank / FAO),71635517.0,25.0
ETH,Ethiopia,2003,126188.0,A,196977.639,143246.183,183.283,164.234,23.94,Berkeley Earth,848.0,Climatological Mean (World Bank / FAO),73832663.0,28.88
ETH,Ethiopia,2004,156170.0,A,251797.832,151899.959,783.3290000000001,239.619,23.8,Berkeley Earth,848.0,Climatological Mean (World Bank / FAO),76077206.0,38.23
ETH,Ethiopia,2005,171631.0,A,359023.026,164266.12,904.073,530.652,23.95,Berkeley Earth,848.0,Climatological Mean (World Bank / FAO),78367470.0,54.49
ETH,Ethiopia,2006,241482.0,A,389661.074,141017.027,88384.456,41117.753,23.83,Berkeley Earth,848.0,Climatological Mean (World Bank / FAO),80703490.0,65.18
ETH,Ethiopia,2007,273400.0,A,436964.447,134819.621,1179.8869999999995,388.39900000000006,23.71,Berkeley Earth,848.0,Climatological Mean (World Bank / FAO),83103217.0,72.58
ETH,Ethiopia,2008,260239.0,A,520758.943,140776.803,584.2850000000001,188.773,23.64,Berkeley Earth,848.0,Climatological Mean (World Bank / FAO),85543668.0,97.02
ETH,Ethiopia,2009,265469.0,A,410623.247,118328.717,240.471,63.69800000000001,24.19,Berkeley Earth,848.0,Climatological Mean (World Bank / FAO),88007636.0,61.56
ETH,Ethiopia,2010,370569.0,A,651870.7050000001,174153.277,562.04,161.881,23.9,Berkeley Earth,848.0,Climatological Mean (World Bank / FAO),90538514.0,79.45
ETH,Ethiopia,2011,442270.0,E,859900.378,165746.172,234.361,69.831,23.84,Berkeley Earth,848.0,Climatological Mean (World Bank / FAO),93149970.0,111.18
ETH,Ethiopia,2012,449740.0,E,797587.05,170911.991,334.332,104.681,23.87,Berkeley Earth,848.0,Climatological Mean (World Bank / FAO),95798767.0,111.61
ETH,Ethiopia,2013,392006.0,A,653413.321,169630.119,480.178,166.467,23.91,Berkeley Earth,848.0,Climatological Mean (World Bank / FAO),98438751.0,108.62
ETH,Ethiopia,2014,467860.0,E,722836.579,175545.6,156.22,83.666,23.82,Berkeley Earth,848.0,Climatological Mean (World Bank / FAO),101115610.0,98.97
ETH,Ethiopia,2015,501240.0,E,796010.806,188269.954,65.638,13.584,24.32,Berkeley Earth,848.0,Climatological Mean (World Bank / FAO),103867135.0,52.38
ETH,Ethiopia,2016,494819.0,A,716841.708,182584.913,49.321,5.176000000000001,24.25,Berkeley Earth,848.0,Climatological Mean (World Bank / FAO),106718162.0,43.63
ETH,Ethiopia,2017,549531.0,A,889347.448,215647.18,42.165,3.271,13.53,ERA5 (Open-Meteo),848.0,Climatological Mean (World Bank / FAO),109666481.0,54.22
ETH,Ethiopia,2018,573986.0,A,713907.2390000001,194715.363,1.45,0.093,13.16,ERA5 (Open-Meteo),848.0,Climatological Mean (World Bank / FAO),112664152.0,71.12
ETH,Ethiopia,2019,573580.0,E,834744.162,262367.978,105.875,29.062,13.6,ERA5 (Open-Meteo),848.0,Climatological Mean (World Bank / FAO),115737383.0,64.38
ETH,Ethiopia,2020,584789.57,A,825949.601,241227.884,26.773,10.470999999999998,13.36,ERA5 (Open-Meteo),848.0,Climatological Mean (World Bank / FAO),118917671.0,41.89
ETH,Ethiopia,2021,590400.0,E,1064964.71,283685.544,81.113,35.679,13.55,ERA5 (Open-Meteo),848.0,Climatological Mean (World Bank / FAO),122138588.0,70.68
ETH,Ethiopia,2022,545566.36,A,1492977.51,287589.542,830.2439999999999,385.216,13.43,ERA5 (Open-Meteo),848.0,Climatological Mean (World Bank / FAO),125384287.0,100.98
ETH,Ethiopia,2023,559400.0,X,1265646.141,241308.829,245.733,65.65,13.54,ERA5 (Open-Meteo),848.0,Climatological Mean (World Bank / FAO),128691692.0,82.5
ETH,Ethiopia,2024,575696.18,I,1381353.515,269505.527,0.044,0.003,13.82,ERA5 (Open-Meteo),848.0,Climatological Mean (World Bank / FAO),132059767.0,80.55
FJI,Fiji,1995,10.0,E,11.227,1.812,34.444,4.805,25.75,Berkeley Earth,2592.0,Climatological Mean (World Bank / FAO),798746.0,17.03
FJI,Fiji,1996,10.48,I,,,51.479,4.869000000000001,25.85,Berkeley Earth,2592.0,Climatological Mean (World Bank / FAO),803789.0,20.64
FJI,Fiji,1997,11.02,I,,,17.402,2.159,25.43,Berkeley Earth,2592.0,Climatological Mean (World Bank / FAO),812139.0,19.15
FJI,Fiji,1998,10.85,I,,,130.555,19.206,25.96,Berkeley Earth,2592.0,Climatological Mean (World Bank / FAO),822258.0,12.79
FJI,Fiji,1999,10.62,I,2.111,0.0,142.136,61.245,25.76,Berkeley Earth,2592.0,Climatological Mean (World Bank / FAO),831828.0,17.85
FJI,Fiji,2000,15.0,E,,,48.946,20.642,25.88,Berkeley Earth,2592.0,Climatological Mean (World Bank / FAO),840909.0,28.57
FJI,Fiji,2001,16.15,I,0.537,0.038,46.74,21.110000000000003,25.88,Berkeley Earth,2592.0,Climatological Mean (World Bank / FAO),849596.0,24.49
FJI,Fiji,2002,15.0,E,24.079,1.383,83.258,29.499,25.9,Berkeley Earth,2592.0,Climatological Mean (World Bank / FAO),858049.0,25.0
FJI,Fiji,2003,15.1,I,99.854,8.206,230.784,56.257,25.65,Berkeley Earth,2592.0,Climatological Mean (World Bank / FAO),866286.0,28.88
FJI,Fiji,2004,15.01,I,35.634,20.753,64.12100000000001,17.709,25.65,Berkeley Earth,2592.0,Climatological Mean (World Bank / FAO),874366.0,38.23
FJI,Fiji,2005,15.0,A,27.709000000000003,2.424,180.355,69.062,25.77,Berkeley Earth,2592.0,Climatological Mean (World Bank / FAO),882379.0,54.49
FJI,Fiji,2006,14.43,I,21.419,2.509,93.863,24.106,25.76,Berkeley Earth,2592.0,Climatological Mean (World Bank / FAO),890365.0,65.18
FJI,Fiji,2007,14.76,I,13.288,0.671,131.572,25.252,26.21,Berkeley Earth,2592.0,Climatological Mean (World Bank / FAO),897832.0,72.58
FJI,Fiji,2008,14.85,I,9.292,2.487,24.464,5.426,25.83,Berkeley Earth,2592.0,Climatological Mean (World Bank / FAO),903399.0,97.02
FJI,Fiji,2009,15.0,E,53.37,7.968,152.668,40.697,25.34,Berkeley Earth,2592.0,Climatological Mean (World Bank / FAO),907239.0,61.56
FJI,Fiji,2010,15.15,I,44.979,18.866,120.806,33.925,26.07,Berkeley Earth,2592.0,Climatological Mean (World Bank / FAO),910419.0,79.45
FJI,Fiji,2011,16.47,I,27.622000000000003,3.897,310.539,39.511,25.94,Berkeley Earth,2592.0,Climatological Mean (World Bank / FAO),912989.0,111.18
FJI,Fiji,2012,17.83,I,25.591,1.7959999999999998,915.134,230.804,25.65,Berkeley Earth,2592.0,Climatological Mean (World Bank / FAO),914918.0,111.61
FJI,Fiji,2013,20.0,E,57.372,7.519,257.197,40.146,26.03,Berkeley Earth,2592.0,Climatological Mean (World Bank / FAO),916352.0,108.62
FJI,Fiji,2014,21.14,I,73.104,10.429,127.247,15.211,25.82,Berkeley Earth,2592.0,Climatological Mean (World Bank / FAO),917585.0,98.97
FJI,Fiji,2015,7.76,I,0.605,0.131,209.33,26.026000000000003,25.7,Berkeley Earth,2592.0,Climatological Mean (World Bank / FAO),918578.0,52.38
FJI,Fiji,2016,16.3,E,1.7,0.055,395.1470000000001,46.126,26.15,Berkeley Earth,2592.0,Climatological Mean (World Bank / FAO),919166.0,43.63
FJI,Fiji,2017,15.07,E,1.617,0.9,301.836,40.284000000000006,22.48,ERA5 (Open-Meteo),2592.0,Climatological Mean (World Bank / FAO),918759.0,54.22
FJI,Fiji,2018,13.04,E,55.949,13.56,332.777,47.344,22.36,ERA5 (Open-Meteo),2592.0,Climatological Mean (World Bank / FAO),917180.0,71.12
FJI,Fiji,2019,14.8,E,10.189,1.252,207.65,33.730000000000004,22.42,ERA5 (Open-Meteo),2592.0,Climatological Mean (World Bank / FAO),914899.0,64.38
FJI,Fiji,2020,14.3,E,24.891,1.381,44.739,11.233,22.71,ERA5 (Open-Meteo),2592.0,Climatological Mean (World Bank / FAO),914963.0,41.89
FJI,Fiji,2021,14.05,E,26.755,4.098,28.732000000000003,5.061,22.6,ERA5 (Open-Meteo),2592.0,Climatological Mean (World Bank / FAO),916711.0,70.68
FJI,Fiji,2022,14.38,E,51.332,5.9110000000000005,171.765,30.92,22.89,ERA5 (Open-Meteo),2592.0,Climatological Mean (World Bank / FAO),919422.0,100.98
FJI,Fiji,2023,14.25,E,15.618,0.74,163.832,17.326,22.41,ERA5 (Open-Meteo),2592.0,Climatological Mean (World Bank / FAO),924145.0,82.5
FJI,Fiji,2024,14.23,E,7.861999999999999,0.605,109.54,12.278,22.79,ERA5 (Open-Meteo),2592.0,Climatological Mean (World Bank / FAO),928784.0,80.55
GAB,Gabon,1995,159.0,A,1352.932,472.072,2.808,0.597,25.23,Berkeley Earth,1831.0,Climatological Mean (World Bank / FAO),1123213.0,17.03
GAB,Gabon,1996,219.0,A,93.904,119.85,24.581,5.976,24.79,Berkeley Earth,1831.0,Climatological Mean (World Bank / FAO),1152015.0,20.64
GAB,Gabon,1997,154.0,A,54.035,42.226,12.741,2.48,25.02,Berkeley Earth,1831.0,Climatological Mean (World Bank / FAO),1181439.0,19.15
GAB,Gabon,1998,145.0,A,121.391,123.293,21.196,3.446,25.79,Berkeley Earth,1831.0,Climatological Mean (World Bank / FAO),1211736.0,12.79
GAB,Gabon,1999,125.0,A,173.46300000000002,189.582,203.809,88.27,25.08,Berkeley Earth,1831.0,Climatological Mean (World Bank / FAO),1243016.0,17.85
GAB,Gabon,2000,198.0,A,10.622,23.586,35.048,23.889,24.98,Berkeley Earth,1831.0,Climatological Mean (World Bank / FAO),1275572.0,28.57
GAB,Gabon,2001,78.0,A,112.342,196.879,35.864,19.102,25.02,Berkeley Earth,1831.0,Climatological Mean (World Bank / FAO),1309589.0,24.49
GAB,Gabon,2002,180.0,X,53.412,39.924,8.457,4.09,25.32,Berkeley Earth,1831.0,Climatological Mean (World Bank / FAO),1345135.0,25.0
GAB,Gabon,2003,120.0,X,10.8,32.136,20.626,3.47,25.5,Berkeley Earth,1831.0,Climatological Mean (World Bank / FAO),1382350.0,28.88
GAB,Gabon,2004,134.33,I,64.624,53.23,54.672,27.948,25.42,Berkeley Earth,1831.0,Climatological Mean (World Bank / FAO),1421609.0,38.23
GAB,Gabon,2005,100.0,A,4.982,6.507,10.0,2.0,25.52,Berkeley Earth,1831.0,Climatological Mean (World Bank / FAO),1463495.0,54.49
GAB,Gabon,2006,120.0,X,49.661,59.979,15.707,5.397,25.57,Berkeley Earth,1831.0,Climatological Mean (World Bank / FAO),1508337.0,65.18
GAB,Gabon,2007,125.0,E,88.417,54.115,105.355,59.867,25.51,Berkeley Earth,1831.0,Climatological Mean (World Bank / FAO),1556237.0,72.58
GAB,Gabon,2008,125.99,I,83.141,49.846,57.225,9.358,25.39,Berkeley Earth,1831.0,Climatological Mean (World Bank / FAO),1607175.0,97.02
GAB,Gabon,2009,122.8,I,106.809,59.441,20.241,9.505,25.51,Berkeley Earth,1831.0,Climatological Mean (World Bank / FAO),1661556.0,61.56
GAB,Gabon,2010,121.76,I,133.755,106.191,69.458,43.121,25.63,Berkeley Earth,1831.0,Climatological Mean (World Bank / FAO),1719879.0,79.45
GAB,Gabon,2011,118.56,I,303.709,143.44,55.013000000000005,40.07,25.09,Berkeley Earth,1831.0,Climatological Mean (World Bank / FAO),1781985.0,111.18
GAB,Gabon,2012,117.01,I,119.192,31.193,39.891,11.393999999999998,25.06,Berkeley Earth,1831.0,Climatological Mean (World Bank / FAO),1846889.0,111.61
GAB,Gabon,2013,114.28,I,79.801,23.366,28.918000000000003,15.935,25.19,Berkeley Earth,1831.0,Climatological Mean (World Bank / FAO),1913059.0,108.62
GAB,Gabon,2014,109.37,I,2.146,0.107,78.21000000000001,51.354,25.33,Berkeley Earth,1831.0,Climatological Mean (World Bank / FAO),1978399.0,98.97
GAB,Gabon,2015,107.33,I,,,35.533,85.824,25.42,Berkeley Earth,1831.0,Climatological Mean (World Bank / FAO),2040989.0,52.38
GAB,Gabon,2016,104.51,I,0.071,0.02,49.754000000000005,77.45400000000001,25.82,Berkeley Earth,1831.0,Climatological Mean (World Bank / FAO),2100306.0,43.63
GAB,Gabon,2017,102.42,I,0.966,0.344,89.601,131.026,22.72,ERA5 (Open-Meteo),1831.0,Climatological Mean (World Bank / FAO),2156900.0,54.22
GAB,Gabon,2018,104.75,E,4.927,0.961,55.456,61.787000000000006,22.42,ERA5 (Open-Meteo),1831.0,Climatological Mean (World Bank / FAO),2212318.0,71.12
GAB,Gabon,2019,103.9,E,9.85,1.829,126.23,101.577,22.52,ERA5 (Open-Meteo),1831.0,Climatological Mean (World Bank / FAO),2267706.0,64.38
GAB,Gabon,2020,103.69,E,0.076,0.004,41.674,13.117,22.68,ERA5 (Open-Meteo),1831.0,Climatological Mean (World Bank / FAO),2322539.0,41.89
GAB,Gabon,2021,104.11,E,14.972,2.84,34.158,5.428,22.43,ERA5 (Open-Meteo),1831.0,Climatological Mean (World Bank / FAO),2376722.0,70.68
GAB,Gabon,2022,103.9,E,68.64,45.385000000000005,35.274,7.087999999999999,22.17,ERA5 (Open-Meteo),1831.0,Climatological Mean (World Bank / FAO),2430747.0,100.98
GAB,Gabon,2023,103.9,E,25.569,17.76,21.842,22.483,22.51,ERA5 (Open-Meteo),1831.0,Climatological Mean (World Bank / FAO),2484789.0,82.5
GAB,Gabon,2024,103.97,E,2.823,1.102,0.415,0.023,23.09,ERA5 (Open-Meteo),1831.0,Climatological Mean (World Bank / FAO),2538952.0,80.55
GHA,Ghana,1995,3575.44,I,26131.93,9416.717,693.9300000000001,223.829,27.52,Berkeley Earth,1187.0,Climatological Mean (World Bank / FAO),17399017.0,17.03
GHA,Ghana,1996,6330.0,A,3574.528,1797.024,30.678,7.592,27.41,Berkeley Earth,1187.0,Climatological Mean (World Bank / FAO),17810181.0,20.64
GHA,Ghana,1997,2880.0,A,3483.199,2073.134,33.431,8.904,27.37,Berkeley Earth,1187.0,Climatological Mean (World Bank / FAO),18238958.0,19.15
GHA,Ghana,1998,8370.0,A,11399.74,7516.739,23.086,3.316,28.01,Berkeley Earth,1187.0,Climatological Mean (World Bank / FAO),18688036.0,12.79
GHA,Ghana,1999,3965.0,A,9007.31,7341.008,15.121,3.301,27.34,Berkeley Earth,1187.0,Climatological Mean (World Bank / FAO),19149864.0,17.85
GHA,Ghana,2000,1956.0,A,5800.792,5150.763,56.105,13.98,27.31,Berkeley Earth,1187.0,Climatological Mean (World Bank / FAO),19637087.0,28.57
GHA,Ghana,2001,1379.0,A,2467.791,3549.423,47.288,13.996,27.5,Berkeley Earth,1187.0,Climatological Mean (World Bank / FAO),20167069.0,24.49
GHA,Ghana,2002,1464.0,A,792.737,1257.848,71.67699999999999,69.545,27.62,Berkeley Earth,1187.0,Climatological Mean (World Bank / FAO),20729388.0,25.0
GHA,Ghana,2003,900.0,A,1566.0890000000002,1349.48,82.71000000000001,97.878,27.82,Berkeley Earth,1187.0,Climatological Mean (World Bank / FAO),21296705.0,28.88
GHA,Ghana,2004,1140.0,A,979.666,920.817,3.946,1.173,27.74,Berkeley Earth,1187.0,Climatological Mean (World Bank / FAO),21868298.0,38.23
GHA,Ghana,2005,1200.0,X,1097.09,1074.933,62.63,41.702000000000005,27.92,Berkeley Earth,1187.0,Climatological Mean (World Bank / FAO),22449438.0,54.49
GHA,Ghana,2006,1740.0,X,1061.826,869.466,52.924,17.262999999999998,27.89,Berkeley Earth,1187.0,Climatological Mean (World Bank / FAO),23040702.0,65.18
GHA,Ghana,2007,1860.0,X,4274.341,2765.261,56.161,33.98,27.77,Berkeley Earth,1187.0,Climatological Mean (World Bank / FAO),23642279.0,72.58
GHA,Ghana,2008,1620.0,X,3956.31,2145.994,53.191,28.815,27.57,Berkeley Earth,1187.0,Climatological Mean (World Bank / FAO),24249946.0,97.02
GHA,Ghana,2009,1860.0,X,1844.497,1324.542,11.054,6.329,27.68,Berkeley Earth,1187.0,Climatological Mean (World Bank / FAO),24862664.0,61.56
GHA,Ghana,2010,1200.0,X,3051.5,2155.394,663.5400000000001,310.833,28.0,Berkeley Earth,1187.0,Climatological Mean (World Bank / FAO),25474995.0,79.45
GHA,Ghana,2011,550.0,A,28663.599,9599.799,47.689,22.939,27.64,Berkeley Earth,1187.0,Climatological Mean (World Bank / FAO),26095088.0,111.18
GHA,Ghana,2012,600.0,A,23076.898,8954.5,70.537,36.193,27.42,Berkeley Earth,1187.0,Climatological Mean (World Bank / FAO),26734268.0,111.61
GHA,Ghana,2013,698.0,A,11651.104,3763.892,103.237,31.896,27.55,Berkeley Earth,1187.0,Climatological Mean (World Bank / FAO),27386193.0,108.62
GHA,Ghana,2014,736.0,A,999.418,594.25,233.655,73.188,27.61,Berkeley Earth,1187.0,Climatological Mean (World Bank / FAO),28041592.0,98.97
GHA,Ghana,2015,736.0,A,235.306,125.728,69.59899999999999,53.641,27.75,Berkeley Earth,1187.0,Climatological Mean (World Bank / FAO),28696068.0,52.38
GHA,Ghana,2016,736.0,X,223.624,89.21600000000001,116.945,58.166,28.04,Berkeley Earth,1187.0,Climatological Mean (World Bank / FAO),29356742.0,43.63
GHA,Ghana,2017,736.0,E,34.93,8.083,201.666,72.091,27.02,ERA5 (Open-Meteo),1187.0,Climatological Mean (World Bank / FAO),30008354.0,54.22
GHA,Ghana,2018,736.0,E,53.774,144.833,74.53399999999999,19.618,26.59,ERA5 (Open-Meteo),1187.0,Climatological Mean (World Bank / FAO),30637585.0,71.12
GHA,Ghana,2019,736.0,E,797.1030000000001,328.67900000000003,105.312,28.028,26.91,ERA5 (Open-Meteo),1187.0,Climatological Mean (World Bank / FAO),31258945.0,64.38
GHA,Ghana,2020,736.0,E,358.524,153.647,58.13,18.184,27.01,ERA5 (Open-Meteo),1187.0,Climatological Mean (World Bank / FAO),31887809.0,41.89
GHA,Ghana,2021,736.0,E,89.215,70.584,187.339,345.711,27.05,ERA5 (Open-Meteo),1187.0,Climatological Mean (World Bank / FAO),32518665.0,70.68
GHA,Ghana,2022,736.0,E,386.923,200.228,132.616,59.073,26.37,ERA5 (Open-Meteo),1187.0,Climatological Mean (World Bank / FAO),33149152.0,100.98
GHA,Ghana,2023,736.0,E,100.776,132.51,92.114,28.401,26.63,ERA5 (Open-Meteo),1187.0,Climatological Mean (World Bank / FAO),33787914.0,82.5
GHA,Ghana,2024,736.0,E,2945.288,738.6869999999999,85.815,8.648,27.06,ERA5 (Open-Meteo),1187.0,Climatological Mean (World Bank / FAO),34427414.0,80.55
GLP,Guadeloupe,1995,15.12,I,,,,,,,,,,17.03
GLP,Guadeloupe,1996,23.94,I,,,,,,,,,,20.64
GLP,Guadeloupe,1997,27.0,E,,,,,,,,,,19.15
GLP,Guadeloupe,1998,29.0,E,,,,,,,,,,12.79
GLP,Guadeloupe,1999,32.0,E,,,,,,,,,,17.85
GLP,Guadeloupe,2000,35.0,X,,,,,,,,,,28.57
GLP,Guadeloupe,2001,35.0,X,,,,,,,,,,24.49
GLP,Guadeloupe,2002,35.0,X,,,,,,,,,,25.0
GLP,Guadeloupe,2003,30.0,X,,,,,,,,,,28.88
GLP,Guadeloupe,2004,19.0,X,,,,,,,,,,38.23
GLP,Guadeloupe,2005,25.0,E,,,,,,,,,,54.49
GLP,Guadeloupe,2006,24.44,I,,,,,,,,,,65.18
GTM,Guatemala,1995,210920.0,A,710989.3,218050.419,398.357,113.395,24.15,Berkeley Earth,1996.0,Climatological Mean (World Bank / FAO),10312996.0,17.03
GTM,Guatemala,1996,240300.0,X,599741.059,245706.297,169.672,60.049,23.57,Berkeley Earth,1996.0,Climatological Mean (World Bank / FAO),10583526.0,20.64
GTM,Guatemala,1997,271440.0,X,811321.626,258153.759,89.08099999999999,31.742,24.15,Berkeley Earth,1996.0,Climatological Mean (World Bank / FAO),10857754.0,19.15
GTM,Guatemala,1998,253080.0,X,731070.705,226665.536,1789.348,642.244,24.41,Berkeley Earth,1996.0,Climatological Mean (World Bank / FAO),11139145.0,12.79
GTM,Guatemala,1999,293520.0,X,676353.048,281314.478,517.937,232.346,23.53,Berkeley Earth,1996.0,Climatological Mean (World Bank / FAO),11422965.0,17.85
GTM,Guatemala,2000,312060.0,X,655310.4689999999,308097.08400000003,3409.393,1373.411,23.46,Berkeley Earth,1996.0,Climatological Mean (World Bank / FAO),11697592.0,28.57
GTM,Guatemala,2001,261096.84,A,407206.038,266100.128,421.339,438.854,23.74,Berkeley Earth,1996.0,Climatological Mean (World Bank / FAO),11969422.0,24.49
GTM,Guatemala,2002,255091.28,A,334076.305,223067.63,99.63,197.153,23.98,Berkeley Earth,1996.0,Climatological Mean (World Bank / FAO),12246915.0,25.0
GTM,Guatemala,2003,244200.0,X,405470.494,260618.714,571.205,353.123,24.15,Berkeley Earth,1996.0,Climatological Mean (World Bank / FAO),12525842.0,28.88
GTM,Guatemala,2004,250279.0,A,416216.942,224979.762,157.037,88.591,23.89,Berkeley Earth,1996.0,Climatological Mean (World Bank / FAO),12807402.0,38.23
GTM,Guatemala,2005,248277.0,A,543902.0869999999,236669.251,47.617,39.407,23.95,Berkeley Earth,1996.0,Climatological Mean (World Bank / FAO),13087629.0,54.49
GTM,Guatemala,2006,240331.38,A,566400.757,205772.955,176.991,60.382000000000005,23.83,Berkeley Earth,1996.0,Climatological Mean (World Bank / FAO),13367459.0,65.18
GTM,Guatemala,2007,248613.98,A,628644.917,231132.745,297.966,116.634,23.88,Berkeley Earth,1996.0,Climatological Mean (World Bank / FAO),13652040.0,72.58
GTM,Guatemala,2008,254914.38,A,755977.41,246407.689,878.881,94.486,23.58,Berkeley Earth,1996.0,Climatological Mean (World Bank / FAO),13935174.0,97.02
GTM,Guatemala,2009,247502.68,A,680220.415,234992.805,26.486,4.25,23.91,Berkeley Earth,1996.0,Climatological Mean (World Bank / FAO),14215611.0,61.56
GTM,Guatemala,2010,248355.43,A,792601.0329999999,231649.877,132.453,69.836,23.67,Berkeley Earth,1996.0,Climatological Mean (World Bank / FAO),14500112.0,79.45
GTM,Guatemala,2011,265401.43,A,1260651.481,254988.287,314.78700000000003,111.203,23.8,Berkeley Earth,1996.0,Climatological Mean (World Bank / FAO),14792126.0,111.18
GTM,Guatemala,2012,272432.0,A,1104358.029,233392.344,77.071,41.082,23.8,Berkeley Earth,1996.0,Climatological Mean (World Bank / FAO),15089647.0,111.61
GTM,Guatemala,2013,248668.0,A,843727.37,227229.593,22.446,6.119,24.04,Berkeley Earth,1996.0,Climatological Mean (World Bank / FAO),15387337.0,108.62
GTM,Guatemala,2014,227653.47,A,760672.983,192343.316,15.542000000000002,3.772,23.9,Berkeley Earth,1996.0,Climatological Mean (World Bank / FAO),15681725.0,98.97
GTM,Guatemala,2015,225653.13,A,754401.937,186434.16,3516.815,2091.452,24.48,Berkeley Earth,1996.0,Climatological Mean (World Bank / FAO),15971743.0,52.38
GTM,Guatemala,2016,236144.72,A,738947.113,188395.947,3154.737,2179.325,24.5,Berkeley Earth,1996.0,Climatological Mean (World Bank / FAO),16268760.0,43.63
GTM,Guatemala,2017,224000.0,X,833515.948,209450.456,75.93299999999999,5.458,17.88,ERA5 (Open-Meteo),1996.0,Climatological Mean (World Bank / FAO),16567357.0,54.22
GTM,Guatemala,2018,240400.0,X,776960.4269999999,215429.558,143.77100000000002,16.686,17.63,ERA5 (Open-Meteo),1996.0,Climatological Mean (World Bank / FAO),16845685.0,71.12
GTM,Guatemala,2019,216400.0,X,770749.941,224772.854,87.876,7.516999999999999,18.21,ERA5 (Open-Meteo),1996.0,Climatological Mean (World Bank / FAO),17103803.0,64.38
GTM,Guatemala,2020,246000.0,X,746288.653,196970.175,76.089,7.046,18.38,ERA5 (Open-Meteo),1996.0,Climatological Mean (World Bank / FAO),17357325.0,41.89
GTM,Guatemala,2021,226700.0,X,973379.666,231733.585,687.245,57.014,17.97,ERA5 (Open-Meteo),1996.0,Climatological Mean (World Bank / FAO),17598650.0,70.68
GTM,Guatemala,2022,238354.0,A,1210251.709,205405.956,175.68099999999998,21.27,17.73,ERA5 (Open-Meteo),1996.0,Climatological Mean (World Bank / FAO),17847877.0,100.98
GTM,Guatemala,2023,212848.0,A,1045998.807,191483.559,2376.731,981.113,18.54,ERA5 (Open-Meteo),1996.0,Climatological Mean (World Bank / FAO),18124838.0,82.5
GTM,Guatemala,2024,224860.0,A,1002941.188,196950.802,310.995,120.463,19.12,ERA5 (Open-Meteo),1996.0,Climatological Mean (World Bank / FAO),18406359.0,80.55
GIN,Guinea,1995,28000.0,E,61315.566,21114.652,15.851,8.608,26.45,Berkeley Earth,1651.0,Climatological Mean (World Bank / FAO),7553249.0,17.03
GIN,Guinea,1996,22750.0,A,21160.958,9374.18,18.419,5.581,26.68,Berkeley Earth,1651.0,Climatological Mean (World Bank / FAO),7770035.0,20.64
GIN,Guinea,1997,20000.0,X,39101.136,24996.497,125.527,98.887,26.58,Berkeley Earth,1651.0,Climatological Mean (World Bank / FAO),7931370.0,19.15
GIN,Guinea,1998,20888.0,A,49190.831,27328.615,1652.993,170.60000000000002,26.94,Berkeley Earth,1651.0,Climatological Mean (World Bank / FAO),8081990.0,12.79
GIN,Guinea,1999,22119.47,I,29255.231,18843.276,204.78,216.0,26.22,Berkeley Earth,1651.0,Climatological Mean (World Bank / FAO),8265123.0,17.85
GIN,Guinea,2000,22080.0,A,19510.09,19382.411,98.749,126.211,26.27,Berkeley Earth,1651.0,Climatological Mean (World Bank / FAO),8428832.0,28.57
GIN,Guinea,2001,14160.0,A,15430.704,21182.451,26.855,14.32,26.63,Berkeley Earth,1651.0,Climatological Mean (World Bank / FAO),8539960.0,24.49
GIN,Guinea,2002,19680.0,A,6020.27,8950.914,41.38,20.188,26.72,Berkeley Earth,1651.0,Climatological Mean (World Bank / FAO),8674066.0,25.0
GIN,Guinea,2003,20880.0,A,17151.099,21160.599,17.01,10.147,26.5,Berkeley Earth,1651.0,Climatological Mean (World Bank / FAO),8870781.0,28.88
GIN,Guinea,2004,20220.0,A,16242.605,21717.245,442.301,300.205,26.53,Berkeley Earth,1651.0,Climatological Mean (World Bank / FAO),9062726.0,38.23
GIN,Guinea,2005,20770.0,A,18792.734,17261.203999999998,16.284,3.825,26.86,Berkeley Earth,1651.0,Climatological Mean (World Bank / FAO),9245844.0,54.49
GIN,Guinea,2006,23226.0,A,38624.294,29587.023,4.226,5.286,26.58,Berkeley Earth,1651.0,Climatological Mean (World Bank / FAO),9441171.0,65.18
GIN,Guinea,2007,26556.0,A,42765.912,25393.41,11.384,17.198999999999998,26.71,Berkeley Earth,1651.0,Climatological Mean (World Bank / FAO),9662281.0,72.58
GIN,Guinea,2008,27353.0,A,28829.354,13525.645,13.746,14.871,26.58,Berkeley Earth,1651.0,Climatological Mean (World Bank / FAO),9898870.0,97.02
GIN,Guinea,2009,28173.0,A,44470.699,26321.792,17.119,2.182,26.51,Berkeley Earth,1651.0,Climatological Mean (World Bank / FAO),10143534.0,61.56
GIN,Guinea,2010,29018.0,A,35859.013,21992.814,0.047,0.008,26.83,Berkeley Earth,1651.0,Climatological Mean (World Bank / FAO),10396086.0,79.45
GIN,Guinea,2011,30320.0,A,49941.917,21168.493,23.015,4.969,26.55,Berkeley Earth,1651.0,Climatological Mean (World Bank / FAO),10656810.0,111.18
GIN,Guinea,2012,17907.0,A,47389.509,21602.128,14.053,2.955,26.27,Berkeley Earth,1651.0,Climatological Mean (World Bank / FAO),10921581.0,111.61
GIN,Guinea,2013,18440.0,A,18591.948,8105.432,15.082,27.751,26.48,Berkeley Earth,1651.0,Climatological Mean (World Bank / FAO),11191873.0,108.62
GIN,Guinea,2014,41500.0,A,4611.569,3023.2870000000003,63.664,31.565,26.4,Berkeley Earth,1651.0,Climatological Mean (World Bank / FAO),11472924.0,98.97
GIN,Guinea,2015,210866.0,A,22274.585,16946.737999999998,60.331,72.824,26.63,Berkeley Earth,1651.0,Climatological Mean (World Bank / FAO),11767070.0,52.38
GIN,Guinea,2016,218635.0,A,27368.906,24588.269,294.855,71.85000000000001,26.88,Berkeley Earth,1651.0,Climatological Mean (World Bank / FAO),12073030.0,43.63
GIN,Guinea,2017,216691.0,A,12421.012,10780.092,14.65,3.328,26.5,ERA5 (Open-Meteo),1651.0,Climatological Mean (World Bank / FAO),12385659.0,54.22
GIN,Guinea,2018,235043.0,A,15195.243,9188.687,21.472,6.543,26.4,ERA5 (Open-Meteo),1651.0,Climatological Mean (World Bank / FAO),12704774.0,71.12
GIN,Guinea,2019,243703.0,A,6549.904,4129.668,48.643,12.466,26.19,ERA5 (Open-Meteo),1651.0,Climatological Mean (World Bank / FAO),13034346.0,64.38
GIN,Guinea,2020,242682.0,A,6733.685,6401.209,6.656,0.728,25.88,ERA5 (Open-Meteo),1651.0,Climatological Mean (World Bank / FAO),13371183.0,41.89
GIN,Guinea,2021,261992.0,A,2552.538,3389.753,84.935,36.801,26.28,ERA5 (Open-Meteo),1651.0,Climatological Mean (World Bank / FAO),13710513.0,70.68
GIN,Guinea,2022,261645.0,A,34168.127,17195.260000000002,28.495,8.304,25.29,ERA5 (Open-Meteo),1651.0,Climatological Mean (World Bank / FAO),14055137.0,100.98
GIN,Guinea,2023,200000.0,X,11881.101,5190.505,22.671,2.5250000000000004,26.17,ERA5 (Open-Meteo),1651.0,Climatological Mean (World Bank / FAO),14405468.0,82.5
GIN,Guinea,2024,174847.18,I,30967.702,9667.751,6.307,0.356,26.35,ERA5 (Open-Meteo),1651.0,Climatological Mean (World Bank / FAO),14754785.0,80.55
GUY,Guyana,1995,300.0,A,60.541,35.550000000000004,,,27.03,Berkeley Earth,2387.0,Climatological Mean (World Bank / FAO),758388.0,17.03
GUY,Guyana,1996,285.0,A,14.606,11.375,2.939,0.199,26.61,Berkeley Earth,2387.0,Climatological Mean (World Bank / FAO),760526.0,20.64
GUY,Guyana,1997,261.0,A,145.836,29.385,6.0,2.175,26.77,Berkeley Earth,2387.0,Climatological Mean (World Bank / FAO),762245.0,19.15
GUY,Guyana,1998,136.0,A,48.639,11.812,24.0,33.335,27.18,Berkeley Earth,2387.0,Climatological Mean (World Bank / FAO),763586.0,12.79
GUY,Guyana,1999,140.0,E,30.149,13.907,7.695,2.212,26.53,Berkeley Earth,2387.0,Climatological Mean (World Bank / FAO),764483.0,17.85
GUY,Guyana,2000,15.0,A,19.727,4.233,40.734,18.995,26.39,Berkeley Earth,2387.0,Climatological Mean (World Bank / FAO),764832.0,28.57
GUY,Guyana,2001,153.0,A,21.114,4.559,57.966,46.868,26.63,Berkeley Earth,2387.0,Climatological Mean (World Bank / FAO),764477.0,24.49
GUY,Guyana,2002,300.0,X,28.479,8.513,35.946,39.025,26.71,Berkeley Earth,2387.0,Climatological Mean (World Bank / FAO),763652.0,25.0
GUY,Guyana,2003,480.0,X,404.773,170.651,2.026,1.251,26.99,Berkeley Earth,2387.0,Climatological Mean (World Bank / FAO),763101.0,28.88
GUY,Guyana,2004,480.0,X,292.156,112.672,2.484,0.762,26.86,Berkeley Earth,2387.0,Climatological Mean (World Bank / FAO),762418.0,38.23
GUY,Guyana,2005,480.0,X,24.486,4.441,8.292,1.564,27.01,Berkeley Earth,2387.0,Climatological Mean (World Bank / FAO),760914.0,54.49
GUY,Guyana,2006,480.0,X,84.74700000000001,39.901,477.389,420.015,26.74,Berkeley Earth,2387.0,Climatological Mean (World Bank / FAO),758966.0,65.18
GUY,Guyana,2007,480.0,X,43.181,15.306,12.326,1.002,26.71,Berkeley Earth,2387.0,Climatological Mean (World Bank / FAO),756861.0,72.58
GUY,Guyana,2008,480.0,X,105.571,40.064,6.734,0.543,26.52,Berkeley Earth,2387.0,Climatological Mean (World Bank / FAO),754606.0,97.02
GUY,Guyana,2009,420.0,X,37.774,8.818999999999999,29.458,7.572,27.02,Berkeley Earth,2387.0,Climatological Mean (World Bank / FAO),752094.0,61.56
GUY,Guyana,2010,420.0,X,3.952,0.526,6.367,0.733,27.07,Berkeley Earth,2387.0,Climatological Mean (World Bank / FAO),749256.0,79.45
GUY,Guyana,2011,420.0,X,,,36.211,2.886,26.8,Berkeley Earth,2387.0,Climatological Mean (World Bank / FAO),746153.0,111.18
GUY,Guyana,2012,420.0,X,0.902,0.037,31.517,9.616,26.81,Berkeley Earth,2387.0,Climatological Mean (World Bank / FAO),746288.0,111.61
GUY,Guyana,2013,420.0,X,0.004,0.0,72.412,13.384,26.79,Berkeley Earth,2387.0,Climatological Mean (World Bank / FAO),750021.0,108.62
GUY,Guyana,2014,420.0,X,0.035,0.01,37.231,4.867,27.04,Berkeley Earth,2387.0,Climatological Mean (World Bank / FAO),754229.0,98.97
GUY,Guyana,2015,420.0,X,0.067,0.024,99.568,16.097,27.18,Berkeley Earth,2387.0,Climatological Mean (World Bank / FAO),758781.0,52.38
GUY,Guyana,2016,420.0,X,,,90.34,10.79,27.28,Berkeley Earth,2387.0,Climatological Mean (World Bank / FAO),763548.0,43.63
GUY,Guyana,2017,420.0,X,0.005,0.002,6.311,2.8,25.24,ERA5 (Open-Meteo),2387.0,Climatological Mean (World Bank / FAO),768479.0,54.22
GUY,Guyana,2018,475.0,A,1.033,0.05,29.627,4.5280000000000005,24.87,ERA5 (Open-Meteo),2387.0,Climatological Mean (World Bank / FAO),791556.0,71.12
GUY,Guyana,2019,654.0,A,0.7609999999999999,0.21,14.621,5.401,25.36,ERA5 (Open-Meteo),2387.0,Climatological Mean (World Bank / FAO),807665.0,64.38
GUY,Guyana,2020,600.0,X,6.419,1.311,149.884,62.196,25.39,ERA5 (Open-Meteo),2387.0,Climatological Mean (World Bank / FAO),807481.0,41.89
GUY,Guyana,2021,600.0,X,,,95.574,21.622,24.9,ERA5 (Open-Meteo),2387.0,Climatological Mean (World Bank / FAO),815482.0,70.68
GUY,Guyana,2022,567.0,A,4.471,0.544,168.381,25.795,24.74,ERA5 (Open-Meteo),2387.0,Climatological Mean (World Bank / FAO),821637.0,100.98
GUY,Guyana,2023,133.0,A,0.4559999999999999,0.06,240.41700000000003,27.806,25.77,ERA5 (Open-Meteo),2387.0,Climatological Mean (World Bank / FAO),826353.0,82.5
GUY,Guyana,2024,151.0,A,0.024,0.005,84.43,17.168000000000003,26.22,ERA5 (Open-Meteo),2387.0,Climatological Mean (World Bank / FAO),831087.0,80.55
HTI,Haiti,1995,29000.0,E,25748.09,8066.924,,,27.22,Berkeley Earth,1440.0,Climatological Mean (World Bank / FAO),7562546.0,17.03
HTI,Haiti,1996,27000.0,A,24601.426,9352.56,,,26.83,Berkeley Earth,1440.0,Climatological Mean (World Bank / FAO),7707557.0,20.64
HTI,Haiti,1997,29154.62,I,19582.1,5990.299,51.589,15.0,27.47,Berkeley Earth,1440.0,Climatological Mean (World Bank / FAO),7854298.0,19.15
HTI,Haiti,1998,27239.0,A,24733.437,8235.376,,,27.34,Berkeley Earth,1440.0,Climatological Mean (World Bank / FAO),8002143.0,12.79
HTI,Haiti,1999,28000.0,E,13337.419,6248.465,,,26.94,Berkeley Earth,1440.0,Climatological Mean (World Bank / FAO),8151296.0,17.85
HTI,Haiti,2000,30000.0,A,11850.902,6215.504,,,26.79,Berkeley Earth,1440.0,Climatological Mean (World Bank / FAO),8303151.0,28.57
HTI,Haiti,2001,28000.0,A,7934.68,5784.994,20.024,19.863,27.05,Berkeley Earth,1440.0,Climatological Mean (World Bank / FAO),8455918.0,24.49
HTI,Haiti,2002,27000.0,A,3521.01,2517.909,41.386,53.537,27.22,Berkeley Earth,1440.0,Climatological Mean (World Bank / FAO),8607641.0,25.0
HTI,Haiti,2003,30000.0,A,3965.152,2300.219,22.437,19.137,27.39,Berkeley Earth,1440.0,Climatological Mean (World Bank / FAO),8759912.0,28.88
HTI,Haiti,2004,29000.0,A,3741.828,2022.09,,,27.21,Berkeley Earth,1440.0,Climatological Mean (World Bank / FAO),8910263.0,38.23
HTI,Haiti,2005,35000.0,A,3875.607,1539.757,,,27.18,Berkeley Earth,1440.0,Climatological Mean (World Bank / FAO),9061273.0,54.49
HTI,Haiti,2006,35000.0,A,4070.506,1418.122,,,27.23,Berkeley Earth,1440.0,Climatological Mean (World Bank / FAO),9216562.0,65.18
HTI,Haiti,2007,47000.0,A,3595.966,1245.1,,,27.32,Berkeley Earth,1440.0,Climatological Mean (World Bank / FAO),9373296.0,72.58
HTI,Haiti,2008,35000.0,A,3266.989,998.55,86.191,18.866,27.09,Berkeley Earth,1440.0,Climatological Mean (World Bank / FAO),9530774.0,97.02
HTI,Haiti,2009,21022.0,X,3045.075,928.765,,,27.26,Berkeley Earth,1440.0,Climatological Mean (World Bank / FAO),9689581.0,61.56
HTI,Haiti,2010,20968.0,X,1649.833,444.33,10.377,0.234,27.22,Berkeley Earth,1440.0,Climatological Mean (World Bank / FAO),9803294.0,79.45
HTI,Haiti,2011,20958.0,X,2628.314,405.2,,,26.98,Berkeley Earth,1440.0,Climatological Mean (World Bank / FAO),9914904.0,111.18
HTI,Haiti,2012,20930.0,X,3536.647,548.8530000000001,,,27.17,Berkeley Earth,1440.0,Climatological Mean (World Bank / FAO),10069771.0,111.61
HTI,Haiti,2013,10320.0,X,2008.923,378.971,,,27.39,Berkeley Earth,1440.0,Climatological Mean (World Bank / FAO),10222362.0,108.62
HTI,Haiti,2014,3600.0,X,1068.663,181.469,,,27.49,Berkeley Earth,1440.0,Climatological Mean (World Bank / FAO),10373235.0,98.97
HTI,Haiti,2015,3660.0,X,831.592,157.40200000000002,54.008,19.2,27.82,Berkeley Earth,1440.0,Climatological Mean (World Bank / FAO),10523242.0,52.38
HTI,Haiti,2016,3840.0,X,652.046,72.87100000000001,99.477,38.27,27.43,Berkeley Earth,1440.0,Climatological Mean (World Bank / FAO),10671457.0,43.63
HTI,Haiti,2017,3969.0,X,889.9290000000001,91.289,178.796,76.351,26.4,ERA5 (Open-Meteo),1440.0,Climatological Mean (World Bank / FAO),10817754.0,54.22
HTI,Haiti,2018,4167.0,X,1156.917,117.415,1097.016,126.339,26.49,ERA5 (Open-Meteo),1440.0,Climatological Mean (World Bank / FAO),10962362.0,71.12
HTI,Haiti,2019,4376.0,X,655.872,76.715,0.001,0.0,26.49,ERA5 (Open-Meteo),1440.0,Climatological Mean (World Bank / FAO),11105163.0,64.38
HTI,Haiti,2020,4595.0,X,812.5880000000001,98.204,30.154,19.25,26.7,ERA5 (Open-Meteo),1440.0,Climatological Mean (World Bank / FAO),11243848.0,41.89
HTI,Haiti,2021,4824.0,X,941.737,127.106,60.901,38.4,26.38,ERA5 (Open-Meteo),1440.0,Climatological Mean (World Bank / FAO),11374586.0,70.68
HTI,Haiti,2022,5066.0,X,1407.2220000000002,168.428,145.135,39.216,26.08,ERA5 (Open-Meteo),1440.0,Climatological Mean (World Bank / FAO),11503606.0,100.98
HTI,Haiti,2023,5021.3,I,948.879,90.603,322.444,97.732,26.81,ERA5 (Open-Meteo),1440.0,Climatological Mean (World Bank / FAO),11637398.0,82.5
HTI,Haiti,2024,4371.49,I,1538.398,162.282,,,27.2,ERA5 (Open-Meteo),1440.0,Climatological Mean (World Bank / FAO),11772557.0,80.55
HND,Honduras,1995,132400.0,A,433430.925,122812.237,535.658,152.96099999999998,25.73,Berkeley Earth,1976.0,Climatological Mean (World Bank / FAO),5739637.0,17.03
HND,Honduras,1996,148830.0,A,336391.108,133884.715,1558.478,667.222,24.97,Berkeley Earth,1976.0,Climatological Mean (World Bank / FAO),5903954.0,20.64
HND,Honduras,1997,162658.0,A,369791.399,94511.605,198.247,70.517,25.71,Berkeley Earth,1976.0,Climatological Mean (World Bank / FAO),6071454.0,19.15
HND,Honduras,1998,172772.0,A,424811.871,97060.598,781.987,301.008,26.0,Berkeley Earth,1976.0,Climatological Mean (World Bank / FAO),6234431.0,12.79
HND,Honduras,1999,157409.0,A,362098.092,134249.385,666.316,289.615,25.05,Berkeley Earth,1976.0,Climatological Mean (World Bank / FAO),6400463.0,17.85
HND,Honduras,2000,193309.0,A,359740.035,185764.739,66.712,71.766,25.0,Berkeley Earth,1976.0,Climatological Mean (World Bank / FAO),6577773.0,28.57
HND,Honduras,2001,205545.0,A,213457.24,152636.058,75.99300000000001,338.56800000000004,25.09,Berkeley Earth,1976.0,Climatological Mean (World Bank / FAO),6757993.0,24.49
HND,Honduras,2002,172727.0,A,206794.872,165027.858,52.156,184.09,25.33,Berkeley Earth,1976.0,Climatological Mean (World Bank / FAO),6938859.0,25.0
HND,Honduras,2003,175284.0,A,208530.662,155291.03,170.18,112.198,25.38,Berkeley Earth,1976.0,Climatological Mean (World Bank / FAO),7119213.0,28.88
HND,Honduras,2004,185090.0,A,260686.833,177161.034,179.29399999999998,133.377,25.35,Berkeley Earth,1976.0,Climatological Mean (World Bank / FAO),7298994.0,38.23
HND,Honduras,2005,190640.0,A,362818.263,164317.503,541.3399999999999,211.122,25.54,Berkeley Earth,1976.0,Climatological Mean (World Bank / FAO),7478355.0,54.49
HND,Honduras,2006,213636.0,A,434410.946,182773.009,159.866,95.76,25.44,Berkeley Earth,1976.0,Climatological Mean (World Bank / FAO),7656832.0,65.18
HND,Honduras,2007,236302.0,A,508096.382,198415.085,235.212,129.474,25.27,Berkeley Earth,1976.0,Climatological Mean (World Bank / FAO),7834798.0,72.58
HND,Honduras,2008,240948.0,A,576556.182,198630.597,138.534,44.30200000000001,24.96,Berkeley Earth,1976.0,Climatological Mean (World Bank / FAO),8012587.0,97.02
HND,Honduras,2009,231288.0,A,560600.809,198288.084,90.996,41.799,25.33,Berkeley Earth,1976.0,Climatological Mean (World Bank / FAO),8189899.0,61.56
HND,Honduras,2010,244335.0,A,675019.888,209099.101,207.486,89.932,25.08,Berkeley Earth,1976.0,Climatological Mean (World Bank / FAO),8365878.0,79.45
HND,Honduras,2011,284347.0,A,1226083.583,241582.6,95.374,40.751,25.3,Berkeley Earth,1976.0,Climatological Mean (World Bank / FAO),8540583.0,111.18
HND,Honduras,2012,343403.0,A,1308481.272,320230.924,74.69399999999999,21.057,25.27,Berkeley Earth,1976.0,Climatological Mean (World Bank / FAO),8715076.0,111.61
HND,Honduras,2013,280697.0,A,811300.2309999999,242688.744,0.001,0.001,25.54,Berkeley Earth,1976.0,Climatological Mean (World Bank / FAO),8889278.0,108.62
HND,Honduras,2014,282230.0,A,878461.473,254488.731,9.806,11.026,25.49,Berkeley Earth,1976.0,Climatological Mean (World Bank / FAO),9063122.0,98.97
HND,Honduras,2015,332747.0,A,1021062.12,291086.953,158.901,48.437,26.01,Berkeley Earth,1976.0,Climatological Mean (World Bank / FAO),9237305.0,52.38
HND,Honduras,2016,366542.0,A,937175.654,320237.974,45.644,22.265,25.86,Berkeley Earth,1976.0,Climatological Mean (World Bank / FAO),9412380.0,43.63
HND,Honduras,2017,477580.0,A,1143175.542,398185.66,6.464,0.215,21.27,ERA5 (Open-Meteo),1976.0,Climatological Mean (World Bank / FAO),9588137.0,54.22
HND,Honduras,2018,478830.76,A,1040696.796,390052.131,77.767,27.067,20.86,ERA5 (Open-Meteo),1976.0,Climatological Mean (World Bank / FAO),9765210.0,71.12
HND,Honduras,2019,472497.96,A,1046326.296,374140.095,51.223,99.783,21.71,ERA5 (Open-Meteo),1976.0,Climatological Mean (World Bank / FAO),9943633.0,64.38
HND,Honduras,2020,364552.38,A,1020316.272,344220.242,14.108,1.89,21.66,ERA5 (Open-Meteo),1976.0,Climatological Mean (World Bank / FAO),10119640.0,41.89
HND,Honduras,2021,417591.24,A,1271834.944,389127.562,13.419,2.204,21.28,ERA5 (Open-Meteo),1976.0,Climatological Mean (World Bank / FAO),10289877.0,70.68
HND,Honduras,2022,330111.31,A,1520487.059,288865.349,399.374,257.605,20.9,ERA5 (Open-Meteo),1976.0,Climatological Mean (World Bank / FAO),10463872.0,100.98
HND,Honduras,2023,384361.02,A,1523159.729,343590.119,560.95,247.895,21.87,ERA5 (Open-Meteo),1976.0,Climatological Mean (World Bank / FAO),10644851.0,82.5
HND,Honduras,2024,324015.02,A,1341483.89,301866.093,1810.803,737.4670000000001,22.09,ERA5 (Open-Meteo),1976.0,Climatological Mean (World Bank / FAO),10825703.0,80.55
IND,India,1995,180000.0,A,419114.531,141923.691,5674.409,2053.136,24.41,Berkeley Earth,1083.0,Climatological Mean (World Bank / FAO),960301044.0,17.03
IND,India,1996,223000.0,A,407172.274,175553.175,1649.573,1104.521,24.42,Berkeley Earth,1083.0,Climatological Mean (World Bank / FAO),979678458.0,20.64
IND,India,1997,205000.0,A,370374.196,132881.004,2731.107,1879.361,24.06,Berkeley Earth,1083.0,Climatological Mean (World Bank / FAO),999133762.0,19.15
IND,India,1998,228000.0,A,382256.512,166910.067,2536.266,1677.735,24.76,Berkeley Earth,1083.0,Climatological Mean (World Bank / FAO),1018665080.0,12.79
IND,India,1999,265000.0,A,317901.083,176483.981,2488.202,1975.773,24.65,Berkeley Earth,1083.0,Climatological Mean (World Bank / FAO),1038225823.0,17.85
IND,India,2000,292000.0,A,301840.014,196282.919,1245.103,1953.328,24.51,Berkeley Earth,1083.0,Climatological Mean (World Bank / FAO),1057922733.0,28.57
IND,India,2001,301000.0,A,185665.7,161175.277,1190.099,2320.212,24.62,Berkeley Earth,1083.0,Climatological Mean (World Bank / FAO),1077898575.0,24.49
IND,India,2002,301000.0,A,155861.986,159608.144,1348.794,3287.139,24.96,Berkeley Earth,1083.0,Climatological Mean (World Bank / FAO),1097600380.0,25.0
IND,India,2003,275275.0,A,169253.85199999998,159033.304,5286.295,9802.241,24.7,Berkeley Earth,1083.0,Climatological Mean (World Bank / FAO),1116803006.0,28.88
IND,India,2004,270500.0,A,204121.317,176659.752,9081.986,14716.415,24.71,Berkeley Earth,1083.0,Climatological Mean (World Bank / FAO),1135991513.0,38.23
IND,India,2005,275500.0,A,224033.375,138716.52599999998,39073.849,39874.848,24.6,Berkeley Earth,1083.0,Climatological Mean (World Bank / FAO),1154676322.0,54.49
IND,India,2006,274000.0,A,316861.833,174482.867,21067.471,18568.548,24.86,Berkeley Earth,1083.0,Climatological Mean (World Bank / FAO),1172878890.0,65.18
IND,India,2007,288000.0,A,354206.361,166395.299,33963.15700000001,22414.8,24.72,Berkeley Earth,1083.0,Climatological Mean (World Bank / FAO),1190676021.0,72.58
IND,India,2008,262000.0,A,421532.751,153192.024,57583.574,28464.935,24.5,Berkeley Earth,1083.0,Climatological Mean (World Bank / FAO),1207930964.0,97.02
IND,India,2009,262300.0,A,305929.863,131219.814,53642.321,34966.06,25.23,Berkeley Earth,1083.0,Climatological Mean (World Bank / FAO),1225524753.0,61.56
IND,India,2010,289600.0,A,406621.64,175065.664,58875.578,40141.963,25.15,Berkeley Earth,1083.0,Climatological Mean (World Bank / FAO),1243481564.0,79.45
IND,India,2011,302000.0,A,780329.247,252556.496,94355.343,50265.59,24.54,Berkeley Earth,1083.0,Climatological Mean (World Bank / FAO),1261224954.0,111.18
IND,India,2012,314000.0,A,705888.77,233414.485,123216.677,61045.085,24.64,Berkeley Earth,1083.0,Climatological Mean (World Bank / FAO),1278674502.0,111.61
IND,India,2013,318200.0,A,551183.925,201720.343,122302.016,61355.375,24.51,Berkeley Earth,1083.0,Climatological Mean (World Bank / FAO),1295829511.0,108.62
IND,India,2014,304500.0,A,559944.606,205422.041,135575.58,71839.409,24.69,Berkeley Earth,1083.0,Climatological Mean (World Bank / FAO),1312277191.0,98.97
IND,India,2015,327000.0,A,542234.334,197430.594,117630.635,62281.097,24.94,Berkeley Earth,1083.0,Climatological Mean (World Bank / FAO),1328024498.0,52.38
IND,India,2016,348000.0,A,542618.956,232118.168,114361.333,72504.83200000001,25.25,Berkeley Earth,1083.0,Climatological Mean (World Bank / FAO),1343944296.0,43.63
IND,India,2017,312000.0,A,652557.956,256300.907,145257.64500000002,74566.764,26.65,ERA5 (Open-Meteo),1083.0,Climatological Mean (World Bank / FAO),1359657400.0,54.22
IND,India,2018,316000.0,A,597773.9469999999,247777.244,129683.141,46417.932,26.6,ERA5 (Open-Meteo),1083.0,Climatological Mean (World Bank / FAO),1374659064.0,71.12
IND,India,2019,319500.0,A,523971.388,228515.879,131551.814,80797.21800000001,26.54,ERA5 (Open-Meteo),1083.0,Climatological Mean (World Bank / FAO),1389030312.0,64.38
IND,India,2020,298000.0,A,453952.773,189627.892,125501.158,75096.087,25.86,ERA5 (Open-Meteo),1083.0,Climatological Mean (World Bank / FAO),1402617695.0,41.89
IND,India,2021,334000.0,A,579498.706,231600.941,138614.157,70364.761,26.06,ERA5 (Open-Meteo),1083.0,Climatological Mean (World Bank / FAO),1414203896.0,70.68
IND,India,2022,352000.0,A,830936.879,271439.991,216792.665,98204.177,26.11,ERA5 (Open-Meteo),1083.0,Climatological Mean (World Bank / FAO),1425423212.0,100.98
IND,India,2023,360500.0,A,768280.813,228364.545,190991.518,88649.65699999999,25.93,ERA5 (Open-Meteo),1083.0,Climatological Mean (World Bank / FAO),1438069596.0,82.5
IND,India,2024,363000.0,A,1063288.408,245487.736,238218.249,81133.882,26.26,ERA5 (Open-Meteo),1083.0,Climatological Mean (World Bank / FAO),1450935791.0,80.55
IDN,Indonesia,1995,457801.0,A,701596.154,236332.537,1016.439,332.994,25.96,Berkeley Earth,2702.0,Climatological Mean (World Bank / FAO),199888057.0,17.03
IDN,Indonesia,1996,421751.0,A,708806.132,392687.424,236.557,154.337,25.95,Berkeley Earth,2702.0,Climatological Mean (World Bank / FAO),203204348.0,20.64
IDN,Indonesia,1997,426800.0,A,715018.113,394998.981,13563.927,9992.605,26.09,Berkeley Earth,2702.0,Climatological Mean (World Bank / FAO),206536095.0,19.15
IDN,Indonesia,1998,512165.0,A,660842.824,367344.442,4079.659,2868.403,26.49,Berkeley Earth,2702.0,Climatological Mean (World Bank / FAO),209826788.0,12.79
IDN,Indonesia,1999,524687.0,A,557804.181,357932.945,3172.089,2855.927,25.88,Berkeley Earth,2702.0,Climatological Mean (World Bank / FAO),213004668.0,17.85
IDN,Indonesia,2000,554574.0,A,391527.037,342473.444,9115.471,11025.179,25.92,Berkeley Earth,2702.0,Climatological Mean (World Bank / FAO),216077790.0,28.57
IDN,Indonesia,2001,569234.0,A,281642.721,306030.427,3928.825,6780.6410000000005,26.07,Berkeley Earth,2702.0,Climatological Mean (World Bank / FAO),219097902.0,24.49
IDN,Indonesia,2002,682019.0,A,287009.314,352083.141,3070.728,6098.319,26.27,Berkeley Earth,2702.0,Climatological Mean (World Bank / FAO),222088495.0,25.0
IDN,Indonesia,2003,663571.0,A,345281.273,350956.396,2984.969,2395.5370000000003,26.2,Berkeley Earth,2702.0,Climatological Mean (World Bank / FAO),225048008.0,28.88
IDN,Indonesia,2004,647385.0,A,410338.057,382791.046,3571.991,3513.6,26.18,Berkeley Earth,2702.0,Climatological Mean (World Bank / FAO),227926649.0,38.23
IDN,Indonesia,2005,640365.0,A,627509.252,487434.236,5302.724,2898.406,26.26,Berkeley Earth,2702.0,Climatological Mean (World Bank / FAO),230871650.0,54.49
IDN,Indonesia,2006,682158.0,A,696440.773,424337.605,9781.979,5739.084,26.16,Berkeley Earth,2702.0,Climatological Mean (World Bank / FAO),233951652.0,65.18
IDN,Indonesia,2007,676475.0,A,730035.6089999999,321769.91,74989.74299999999,48346.435,26.06,Berkeley Earth,2702.0,Climatological Mean (World Bank / FAO),237062337.0,72.58
IDN,Indonesia,2008,698016.0,A,1153298.25,466065.655,17367.317,7033.824,25.86,Berkeley Earth,2702.0,Climatological Mean (World Bank / FAO),240157903.0,97.02
IDN,Indonesia,2009,682591.0,A,971842.729,489136.495,21957.549,13971.502,26.25,Berkeley Earth,2702.0,Climatological Mean (World Bank / FAO),243220028.0,61.56
IDN,Indonesia,2010,684076.0,A,923168.731,433969.184,31338.344,18432.512,26.35,Berkeley Earth,2702.0,Climatological Mean (World Bank / FAO),246305322.0,79.45
IDN,Indonesia,2011,638600.0,A,1180322.365,369811.217,41234.652,15636.685,26.04,Berkeley Earth,2702.0,Climatological Mean (World Bank / FAO),249470032.0,111.18
IDN,Indonesia,2012,691163.0,A,1291285.706,421331.666,110894.716,51480.33899999999,26.13,Berkeley Earth,2702.0,Climatological Mean (World Bank / FAO),252698525.0,111.61
IDN,Indonesia,2013,675800.0,A,1337213.993,534810.323,30068.302,13468.919999999998,26.34,Berkeley Earth,2702.0,Climatological Mean (World Bank / FAO),255852467.0,108.62
IDN,Indonesia,2014,643900.0,A,1097135.003,385982.403,40964.052,18334.03,26.32,Berkeley Earth,2702.0,Climatological Mean (World Bank / FAO),258877399.0,98.97
IDN,Indonesia,2015,639412.0,A,1325359.728,505256.821,27460.604,12475.223,26.42,Berkeley Earth,2702.0,Climatological Mean (World Bank / FAO),261799249.0,52.38
IDN,Indonesia,2016,639305.0,A,1030617.464,398844.841,42186.468,23983.875,26.81,Berkeley Earth,2702.0,Climatological Mean (World Bank / FAO),264627418.0,43.63
IDN,Indonesia,2017,717962.0,A,1312112.297,477663.627,27087.027,11949.047,26.8,ERA5 (Open-Meteo),2702.0,Climatological Mean (World Bank / FAO),267346658.0,54.22
IDN,Indonesia,2018,756051.0,A,879914.8369999999,284028.513,136430.05800000002,40431.913,26.75,ERA5 (Open-Meteo),2702.0,Climatological Mean (World Bank / FAO),269951846.0,71.12
IDN,Indonesia,2019,752512.0,A,917931.995,337857.433,53332.804,29386.769,26.74,ERA5 (Open-Meteo),2702.0,Climatological Mean (World Bank / FAO),272489381.0,64.38
IDN,Indonesia,2020,762380.0,A,840283.448,343838.609,29036.316,14821.385,26.92,ERA5 (Open-Meteo),2702.0,Climatological Mean (World Bank / FAO),274814866.0,41.89
IDN,Indonesia,2021,786191.0,A,857541.784,356527.358,25865.827,13285.138,26.68,ERA5 (Open-Meteo),2702.0,Climatological Mean (World Bank / FAO),276758053.0,70.68
IDN,Indonesia,2022,774960.53,A,1243551.713,424748.229,43573.484,14051.835,26.82,ERA5 (Open-Meteo),2702.0,Climatological Mean (World Bank / FAO),278830529.0,100.98
IDN,Indonesia,2023,758725.0,A,1070655.325,293188.21900000004,97787.667,38911.907,27.3,ERA5 (Open-Meteo),2702.0,Climatological Mean (World Bank / FAO),281190067.0,82.5
IDN,Indonesia,2024,807578.0,A,1473299.647,294185.496,175147.723,51485.755000000005,27.56,ERA5 (Open-Meteo),2702.0,Climatological Mean (World Bank / FAO),283487931.0,80.55
JAM,Jamaica,1995,2580.0,X,29371.586000000003,1707.332,155.988,58.166,27.09,Berkeley Earth,2051.0,Climatological Mean (World Bank / FAO),2500151.0,17.03
JAM,Jamaica,1996,2580.0,A,35452.821,2465.764,1242.25,442.294,26.35,Berkeley Earth,2051.0,Climatological Mean (World Bank / FAO),2524463.0,20.64
JAM,Jamaica,1997,2887.0,A,31316.956,1747.3380000000002,724.0749999999999,141.369,26.95,Berkeley Earth,2051.0,Climatological Mean (World Bank / FAO),2547848.0,19.15
JAM,Jamaica,1998,1740.0,X,19172.489,1184.143,1271.081,466.379,27.15,Berkeley Earth,2051.0,Climatological Mean (World Bank / FAO),2569736.0,12.79
JAM,Jamaica,1999,2340.0,X,25341.722,1482.1239999999998,735.501,221.891,26.56,Berkeley Earth,2051.0,Climatological Mean (World Bank / FAO),2589795.0,17.85
JAM,Jamaica,2000,2220.0,X,31074.72,2175.014,743.5519999999999,265.854,26.45,Berkeley Earth,2051.0,Climatological Mean (World Bank / FAO),2607826.0,28.57
JAM,Jamaica,2001,2880.0,X,31144.946000000004,2410.096,1072.971,506.39699999999993,26.72,Berkeley Earth,2051.0,Climatological Mean (World Bank / FAO),2624403.0,24.49
JAM,Jamaica,2002,2760.0,X,32003.475,2391.225,545.374,391.314,26.91,Berkeley Earth,2051.0,Climatological Mean (World Bank / FAO),2640572.0,25.0
JAM,Jamaica,2003,3300.0,E,33277.092,2602.188,567.329,244.009,27.03,Berkeley Earth,2051.0,Climatological Mean (World Bank / FAO),2656623.0,28.88
JAM,Jamaica,2004,2400.0,X,36061.618,10422.627,181.217,85.97,26.81,Berkeley Earth,2051.0,Climatological Mean (World Bank / FAO),2672225.0,38.23
JAM,Jamaica,2005,8897.0,A,20278.148,4506.515,1081.787,438.579,26.89,Berkeley Earth,2051.0,Climatological Mean (World Bank / FAO),2687066.0,54.49
JAM,Jamaica,2006,12390.0,A,30414.805,7562.144999999999,1613.736,798.1859999999999,26.89,Berkeley Earth,2051.0,Climatological Mean (World Bank / FAO),2700968.0,65.18
JAM,Jamaica,2007,15117.0,A,28945.301,4940.597,876.922,272.276,26.8,Berkeley Earth,2051.0,Climatological Mean (World Bank / FAO),2713800.0,72.58
JAM,Jamaica,2008,9035.0,A,32003.266000000003,11304.744,1304.0700000000002,281.034,26.61,Berkeley Earth,2051.0,Climatological Mean (World Bank / FAO),2725635.0,97.02
JAM,Jamaica,2009,12456.0,A,35991.889,1508.774,837.7769999999999,228.682,26.87,Berkeley Earth,2051.0,Climatological Mean (World Bank / FAO),2736995.0,61.56
JAM,Jamaica,2010,9121.0,A,22041.321,1141.8819999999998,1734.4980000000005,597.651,26.8,Berkeley Earth,2051.0,Climatological Mean (World Bank / FAO),2748568.0,79.45
JAM,Jamaica,2011,8099.0,A,20149.714,1005.913,2596.196,408.004,26.76,Berkeley Earth,2051.0,Climatological Mean (World Bank / FAO),2760494.0,111.18
JAM,Jamaica,2012,6687.0,A,17140.676,842.523,2004.781,441.072,26.83,Berkeley Earth,2051.0,Climatological Mean (World Bank / FAO),2772430.0,111.61
JAM,Jamaica,2013,6984.0,A,19391.483,983.321,1701.394,388.534,27.01,Berkeley Earth,2051.0,Climatological Mean (World Bank / FAO),2783687.0,108.62
JAM,Jamaica,2014,5298.0,A,15327.588,1056.885,2200.294,493.359,27.04,Berkeley Earth,2051.0,Climatological Mean (World Bank / FAO),2793749.0,98.97
JAM,Jamaica,2015,5755.0,A,26818.128,955.796,2652.8900000000003,528.251,27.3,Berkeley Earth,2051.0,Climatological Mean (World Bank / FAO),2802534.0,52.38
JAM,Jamaica,2016,7580.0,A,30757.04,1122.337,1874.401,520.2620000000001,27.29,Berkeley Earth,2051.0,Climatological Mean (World Bank / FAO),2809915.0,43.63
JAM,Jamaica,2017,6222.0,A,21197.273,639.1149999999999,2232.365,632.9350000000001,21.22,ERA5 (Open-Meteo),2051.0,Climatological Mean (World Bank / FAO),2815764.0,54.22
JAM,Jamaica,2018,7085.0,A,16990.733,657.6329999999999,1817.755,550.962,21.14,ERA5 (Open-Meteo),2051.0,Climatological Mean (World Bank / FAO),2820097.0,71.12
JAM,Jamaica,2019,6701.0,A,12585.33,505.281,1702.282,535.202,21.36,ERA5 (Open-Meteo),2051.0,Climatological Mean (World Bank / FAO),2823271.0,64.38
JAM,Jamaica,2020,6201.0,A,17413.560999999998,716.917,962.416,189.131,21.49,ERA5 (Open-Meteo),2051.0,Climatological Mean (World Bank / FAO),2830739.0,41.89
JAM,Jamaica,2021,6507.8,A,18488.435,689.943,1236.544,283.945,21.11,ERA5 (Open-Meteo),2051.0,Climatological Mean (World Bank / FAO),2837682.0,70.68
JAM,Jamaica,2022,7064.1,A,22659.383,756.197,2979.078,552.752,20.91,ERA5 (Open-Meteo),2051.0,Climatological Mean (World Bank / FAO),2839144.0,100.98
JAM,Jamaica,2023,8152.0,A,23790.044,786.885,2056.822,458.222,21.66,ERA5 (Open-Meteo),2051.0,Climatological Mean (World Bank / FAO),2839786.0,82.5
JAM,Jamaica,2024,6521.0,A,23157.218,733.2,1346.9009999999998,248.226,21.81,ERA5 (Open-Meteo),2051.0,Climatological Mean (World Bank / FAO),2839175.0,80.55
KEN,Kenya,1995,95400.0,A,342438.03,86294.717,1819.987,1005.5,24.33,Berkeley Earth,630.0,Climatological Mean (World Bank / FAO),26601751.0,17.03
KEN,Kenya,1996,97976.0,A,344512.3,120532.781,28092.989,20289.148,24.26,Berkeley Earth,630.0,Climatological Mean (World Bank / FAO),27344211.0,20.64
KEN,Kenya,1997,68642.0,A,331227.237,73551.55900000001,8316.48,6654.58,24.4,Berkeley Earth,630.0,Climatological Mean (World Bank / FAO),28101768.0,19.15
KEN,Kenya,1998,53715.0,A,243415.321,54359.670000000006,14656.439,9760.564,24.29,Berkeley Earth,630.0,Climatological Mean (World Bank / FAO),28888057.0,12.79
KEN,Kenya,1999,68100.0,A,190503.008,69440.242,25144.281000000003,11386.922,24.11,Berkeley Earth,630.0,Climatological Mean (World Bank / FAO),29733408.0,17.85
KEN,Kenya,2000,100700.0,A,172162.622,86017.023,102.333,211.988,24.5,Berkeley Earth,630.0,Climatological Mean (World Bank / FAO),30642890.0,28.57
KEN,Kenya,2001,51700.0,A,121117.47,67057.943,8293.769,11346.087,24.39,Berkeley Earth,630.0,Climatological Mean (World Bank / FAO),31619170.0,24.49
KEN,Kenya,2002,51900.0,A,86030.745,119544.693,1953.5,4025.185,24.64,Berkeley Earth,630.0,Climatological Mean (World Bank / FAO),32629808.0,25.0
KEN,Kenya,2003,55443.0,A,110511.673,66753.918,6235.9310000000005,6633.124,24.79,Berkeley Earth,630.0,Climatological Mean (World Bank / FAO),33652223.0,28.88
KEN,Kenya,2004,48431.0,A,111888.14,55071.489,11566.654,9691.423,24.7,Berkeley Earth,630.0,Climatological Mean (World Bank / FAO),34713455.0,38.23
KEN,Kenya,2005,45200.0,A,142474.224,50082.012,1317.194,610.949,25.05,Berkeley Earth,630.0,Climatological Mean (World Bank / FAO),35796484.0,54.49
KEN,Kenya,2006,48300.0,A,145815.372,44386.388,1233.148,629.778,24.79,Berkeley Earth,630.0,Climatological Mean (World Bank / FAO),36904008.0,65.18
KEN,Kenya,2007,53368.0,A,184984.536,57799.745,1197.362,541.3919999999999,24.78,Berkeley Earth,630.0,Climatological Mean (World Bank / FAO),38036349.0,72.58
KEN,Kenya,2008,42000.0,A,189762.028,53202.939,973.699,337.545,24.69,Berkeley Earth,630.0,Climatological Mean (World Bank / FAO),39206351.0,97.02
KEN,Kenya,2009,54000.0,A,217133.892,61923.043,259.637,160.47899999999998,25.2,Berkeley Earth,630.0,Climatological Mean (World Bank / FAO),40408891.0,61.56
KEN,Kenya,2010,42000.0,A,226088.044,46923.134,2076.517,816.861,24.97,Berkeley Earth,630.0,Climatological Mean (World Bank / FAO),41598567.0,79.45
KEN,Kenya,2011,36300.0,A,284093.807,41564.1,3612.118,1087.278,24.89,Berkeley Earth,630.0,Climatological Mean (World Bank / FAO),42758461.0,111.18
KEN,Kenya,2012,49000.0,A,274550.136,46537.431,2285.764,852.566,24.81,Berkeley Earth,630.0,Climatological Mean (World Bank / FAO),43888303.0,111.61
KEN,Kenya,2013,39800.0,A,203773.613,51286.003,771.228,434.273,24.62,Berkeley Earth,630.0,Climatological Mean (World Bank / FAO),44986791.0,108.62
KEN,Kenya,2014,49500.0,A,216767.597,47207.457,1809.253,891.4770000000001,24.85,Berkeley Earth,630.0,Climatological Mean (World Bank / FAO),46051440.0,98.97
KEN,Kenya,2015,42000.0,A,224094.671,46208.03,3956.005,1139.834,25.1,Berkeley Earth,630.0,Climatological Mean (World Bank / FAO),47088526.0,52.38
KEN,Kenya,2016,46100.0,A,209254.017,45863.968,2067.343,658.7090000000001,24.94,Berkeley Earth,630.0,Climatological Mean (World Bank / FAO),48139687.0,43.63
KEN,Kenya,2017,38620.0,A,250327.403,47851.53,3345.194,1011.787,26.87,ERA5 (Open-Meteo),630.0,Climatological Mean (World Bank / FAO),49197766.0,54.22
KEN,Kenya,2018,41375.0,A,245102.784,49943.585,6232.555,1683.772,25.71,ERA5 (Open-Meteo),630.0,Climatological Mean (World Bank / FAO),50207107.0,71.12
KEN,Kenya,2019,44500.0,A,235187.77,56223.155,3779.725,1192.66,26.89,ERA5 (Open-Meteo),630.0,Climatological Mean (World Bank / FAO),51202827.0,64.38
KEN,Kenya,2020,36900.0,A,218468.797,50320.511,9294.757,3160.541,26.74,ERA5 (Open-Meteo),630.0,Climatological Mean (World Bank / FAO),52217334.0,41.89
KEN,Kenya,2021,34500.0,A,257738.496,47912.69,20560.765,5186.972,27.15,ERA5 (Open-Meteo),630.0,Climatological Mean (World Bank / FAO),53219166.0,70.68
KEN,Kenya,2022,51900.0,A,329778.722,55248.4,9519.289,2287.015,27.16,ERA5 (Open-Meteo),630.0,Climatological Mean (World Bank / FAO),54252461.0,100.98
KEN,Kenya,2023,48700.0,A,296165.958,53391.188,8162.331,2098.917,26.71,ERA5 (Open-Meteo),630.0,Climatological Mean (World Bank / FAO),55339003.0,82.5
KEN,Kenya,2024,49500.0,A,299383.479,55469.195,7256.391,1793.561,27.53,ERA5 (Open-Meteo),630.0,Climatological Mean (World Bank / FAO),56432944.0,80.55
LAO,Lao People's Democratic Republic,1995,8576.0,A,24361.574,8436.351,,,24.2,Berkeley Earth,1834.0,Climatological Mean (World Bank / FAO),4929409.0,17.03
LAO,Lao People's Democratic Republic,1996,10020.0,A,13014.346,7035.51,156.618,83.3,23.92,Berkeley Earth,1834.0,Climatological Mean (World Bank / FAO),5045678.0,20.64
LAO,Lao People's Democratic Republic,1997,12300.0,A,23385.428,13143.678,,,24.23,Berkeley Earth,1834.0,Climatological Mean (World Bank / FAO),5152011.0,19.15
LAO,Lao People's Democratic Republic,1998,16999.0,A,25642.419,14056.807,1082.248,19.199,25.06,Berkeley Earth,1834.0,Climatological Mean (World Bank / FAO),5248266.0,12.79
LAO,Lao People's Democratic Republic,1999,17530.0,A,23632.025,16548.546000000002,4.013,2.062,24.09,Berkeley Earth,1834.0,Climatological Mean (World Bank / FAO),5340784.0,17.85
LAO,Lao People's Democratic Republic,2000,23500.0,A,18728.573,17131.065,210.782,385.855,24.0,Berkeley Earth,1834.0,Climatological Mean (World Bank / FAO),5431212.0,28.57
LAO,Lao People's Democratic Republic,2001,25796.0,A,11486.571,14325.838,51.942,44.261,24.36,Berkeley Earth,1834.0,Climatological Mean (World Bank / FAO),5521482.0,24.49
LAO,Lao People's Democratic Republic,2002,32197.0,A,12414.013,18174.214,122.758,126.204,24.44,Berkeley Earth,1834.0,Climatological Mean (World Bank / FAO),5610889.0,25.0
LAO,Lao People's Democratic Republic,2003,27850.0,A,13216.312000000002,15164.582,286.025,234.851,24.58,Berkeley Earth,1834.0,Climatological Mean (World Bank / FAO),5697945.0,28.88
LAO,Lao People's Democratic Republic,2004,23100.0,A,15772.006,17138.117,38.674,36.455,24.08,Berkeley Earth,1834.0,Climatological Mean (World Bank / FAO),5781626.0,38.23
LAO,Lao People's Democratic Republic,2005,25000.0,A,15809.435,14567.337,72.546,75.392,24.58,Berkeley Earth,1834.0,Climatological Mean (World Bank / FAO),5869523.0,54.49
LAO,Lao People's Democratic Republic,2006,25250.0,A,11845.43,8488.773,25.783,22.89,24.63,Berkeley Earth,1834.0,Climatological Mean (World Bank / FAO),5963200.0,65.18
LAO,Lao People's Democratic Republic,2007,33200.0,A,32406.827,19814.899,130.75400000000002,98.129,24.37,Berkeley Earth,1834.0,Climatological Mean (World Bank / FAO),6056236.0,72.58
LAO,Lao People's Democratic Republic,2008,38985.0,A,43141.207,18361.588,44.632,18.522,23.77,Berkeley Earth,1834.0,Climatological Mean (World Bank / FAO),6148969.0,97.02
LAO,Lao People's Democratic Republic,2009,46035.0,A,36404.575,18490.61,63.642,39.79,24.46,Berkeley Earth,1834.0,Climatological Mean (World Bank / FAO),6241642.0,61.56
LAO,Lao People's Democratic Republic,2010,46290.0,A,39787.184,17452.995,164.977,39.858,25.06,Berkeley Earth,1834.0,Climatological Mean (World Bank / FAO),6334194.0,79.45
LAO,Lao People's Democratic Republic,2011,52010.0,A,109728.912,32774.528,142.286,25.167,23.74,Berkeley Earth,1834.0,Climatological Mean (World Bank / FAO),6426590.0,111.18
LAO,Lao People's Democratic Republic,2012,87330.0,A,82753.168,24899.728,3.013,0.6599999999999999,24.91,Berkeley Earth,1834.0,Climatological Mean (World Bank / FAO),6518978.0,111.61
LAO,Lao People's Democratic Republic,2013,92045.0,A,82013.543,24867.585,0.03,0.007,24.42,Berkeley Earth,1834.0,Climatological Mean (World Bank / FAO),6611385.0,108.62
LAO,Lao People's Democratic Republic,2014,113580.0,A,87954.209,29131.774,2.507,0.052,24.63,Berkeley Earth,1834.0,Climatological Mean (World Bank / FAO),6703172.0,98.97
LAO,Lao People's Democratic Republic,2015,135925.0,A,80456.767,29369.214,5.214,0.417,25.09,Berkeley Earth,1834.0,Climatological Mean (World Bank / FAO),6801645.0,52.38
LAO,Lao People's Democratic Republic,2016,136600.0,A,73765.417,31978.646,27.673,5.234,24.97,Berkeley Earth,1834.0,Climatological Mean (World Bank / FAO),6908802.0,43.63
LAO,Lao People's Democratic Republic,2017,150795.0,A,117509.664,44135.55,2232.229,937.42,21.15,ERA5 (Open-Meteo),1834.0,Climatological Mean (World Bank / FAO),7018147.0,54.22
LAO,Lao People's Democratic Republic,2018,154435.0,A,107474.97,36081.1,269.266,99.905,21.2,ERA5 (Open-Meteo),1834.0,Climatological Mean (World Bank / FAO),7128045.0,71.12
LAO,Lao People's Democratic Republic,2019,171380.0,A,74311.20700000001,30903.11,130.122,51.67,22.23,ERA5 (Open-Meteo),1834.0,Climatological Mean (World Bank / FAO),7237636.0,64.38
LAO,Lao People's Democratic Republic,2020,158190.0,A,102100.813,38674.880000000005,8415.215,3542.778,21.72,ERA5 (Open-Meteo),1834.0,Climatological Mean (World Bank / FAO),7346533.0,41.89
LAO,Lao People's Democratic Republic,2021,161200.0,A,118772.558,37346.712,8377.989,2865.376,21.35,ERA5 (Open-Meteo),1834.0,Climatological Mean (World Bank / FAO),7453194.0,70.68
LAO,Lao People's Democratic Republic,2022,171000.0,A,127688.34,29494.267,1377.061,509.701,21.04,ERA5 (Open-Meteo),1834.0,Climatological Mean (World Bank / FAO),7559007.0,100.98
LAO,Lao People's Democratic Republic,2023,183895.0,A,119367.174,31727.853,435.261,190.466,21.87,ERA5 (Open-Meteo),1834.0,Climatological Mean (World Bank / FAO),7664993.0,82.5
LAO,Lao People's Democratic Republic,2024,174900.0,A,73884.353,19097.814,955.22,246.528,22.25,ERA5 (Open-Meteo),1834.0,Climatological Mean (World Bank / FAO),7769819.0,80.55
LBR,Liberia,1995,2996.67,I,19.019,11.312,8077.688,2733.187,26.3,Berkeley Earth,2391.0,Climatological Mean (World Bank / FAO),2169162.0,17.03
LBR,Liberia,1996,3016.96,I,55.75,46.101,,,26.32,Berkeley Earth,2391.0,Climatological Mean (World Bank / FAO),2232289.0,20.64
LBR,Liberia,1997,3041.01,I,169.85399999999998,104.937,139.104,108.0,26.31,Berkeley Earth,2391.0,Climatological Mean (World Bank / FAO),2412989.0,19.15
LBR,Liberia,1998,3059.3,I,279.607,194.346,,,26.73,Berkeley Earth,2391.0,Climatological Mean (World Bank / FAO),2670124.0,12.79
LBR,Liberia,1999,3078.58,I,1178.906,912.739,,,26.15,Berkeley Earth,2391.0,Climatological Mean (World Bank / FAO),2821684.0,17.85
LBR,Liberia,2000,3126.8,I,182.697,214.845,57.41,126.003,26.04,Berkeley Earth,2391.0,Climatological Mean (World Bank / FAO),2928117.0,28.57
LBR,Liberia,2001,3200.0,E,341.791,433.646,23.065,36.001,26.32,Berkeley Earth,2391.0,Climatological Mean (World Bank / FAO),3015338.0,24.49
LBR,Liberia,2002,3345.77,I,204.704,346.544,,,26.29,Berkeley Earth,2391.0,Climatological Mean (World Bank / FAO),3094782.0,25.0
LBR,Liberia,2003,3538.89,I,377.438,396.047,,,26.43,Berkeley Earth,2391.0,Climatological Mean (World Bank / FAO),3119532.0,28.88
LBR,Liberia,2004,3750.57,I,,,13.142,8.458,26.36,Berkeley Earth,2391.0,Climatological Mean (World Bank / FAO),3156892.0,38.23
LBR,Liberia,2005,4080.0,X,58.0,46.8,5.016,2.01,26.58,Berkeley Earth,2391.0,Climatological Mean (World Bank / FAO),3301015.0,54.49
LBR,Liberia,2006,4260.0,X,42.086,26.8,387.427,296.996,26.52,Berkeley Earth,2391.0,Climatological Mean (World Bank / FAO),3490787.0,65.18
LBR,Liberia,2007,3180.0,X,217.253,130.32,3.11,0.266,26.46,Berkeley Earth,2391.0,Climatological Mean (World Bank / FAO),3669050.0,72.58
LBR,Liberia,2008,2400.0,X,249.51,124.752,0.975,0.121,26.44,Berkeley Earth,2391.0,Climatological Mean (World Bank / FAO),3821003.0,97.02
LBR,Liberia,2009,1800.0,X,883.0459999999999,625.1279999999999,101.488,57.013,26.69,Berkeley Earth,2391.0,Climatological Mean (World Bank / FAO),3943028.0,61.56
LBR,Liberia,2010,600.0,X,144.324,97.218,30.26,19.08,26.7,Berkeley Earth,2391.0,Climatological Mean (World Bank / FAO),4058890.0,79.45
LBR,Liberia,2011,649.83,I,978.5,471.6710000000001,4.717,0.26,26.37,Berkeley Earth,2391.0,Climatological Mean (World Bank / FAO),4221178.0,111.18
LBR,Liberia,2012,650.19,I,420.088,167.483,0.686,0.018,26.14,Berkeley Earth,2391.0,Climatological Mean (World Bank / FAO),4373043.0,111.61
LBR,Liberia,2013,636.92,I,452.35,211.776,276.884,62.235,26.24,Berkeley Earth,2391.0,Climatological Mean (World Bank / FAO),4470239.0,108.62
LBR,Liberia,2014,650.74,I,150.139,56.378,37.278000000000006,20.944000000000003,26.2,Berkeley Earth,2391.0,Climatological Mean (World Bank / FAO),4564293.0,98.97
LBR,Liberia,2015,628.42,I,253.791,133.702,13.2,0.7789999999999999,26.39,Berkeley Earth,2391.0,Climatological Mean (World Bank / FAO),4659431.0,52.38
LBR,Liberia,2016,638.69,E,149.165,65.33800000000001,15.423,0.744,26.58,Berkeley Earth,2391.0,Climatological Mean (World Bank / FAO),4755608.0,43.63
LBR,Liberia,2017,625.6,I,603.22,266.285,74.709,4.802,24.56,ERA5 (Open-Meteo),2391.0,Climatological Mean (World Bank / FAO),4848925.0,54.22
LBR,Liberia,2018,620.95,I,791.395,429.57,16.488,0.938,24.46,ERA5 (Open-Meteo),2391.0,Climatological Mean (World Bank / FAO),4944726.0,71.12
LBR,Liberia,2019,628.41,E,45.609,38.527,18.383,1.992,24.88,ERA5 (Open-Meteo),2391.0,Climatological Mean (World Bank / FAO),5043721.0,64.38
LBR,Liberia,2020,626.48,I,1.586,2.133,14.443,1.331,24.95,ERA5 (Open-Meteo),2391.0,Climatological Mean (World Bank / FAO),5149463.0,41.89
LBR,Liberia,2021,656.18,I,50.168,53.67,20.931,3.408,24.81,ERA5 (Open-Meteo),2391.0,Climatological Mean (World Bank / FAO),5259323.0,70.68
LBR,Liberia,2022,655.85,I,,,401.218,48.391000000000005,24.77,ERA5 (Open-Meteo),2391.0,Climatological Mean (World Bank / FAO),5373294.0,100.98
LBR,Liberia,2023,654.58,I,161.921,5.4,39.879000000000005,6.865,25.08,ERA5 (Open-Meteo),2391.0,Climatological Mean (World Bank / FAO),5493031.0,82.5
LBR,Liberia,2024,653.22,I,996.445,290.194,31.798,1.563,25.59,ERA5 (Open-Meteo),2391.0,Climatological Mean (World Bank / FAO),5612817.0,80.55
MDG,Madagascar,1995,68000.0,A,103176.159,36742.714,,,23.49,Berkeley Earth,1513.0,Climatological Mean (World Bank / FAO),14051275.0,17.03
MDG,Madagascar,1996,68000.0,A,89939.986,44853.935,0.522,0.496,23.36,Berkeley Earth,1513.0,Climatological Mean (World Bank / FAO),14510711.0,20.64
MDG,Madagascar,1997,55000.0,A,56978.929,33537.152,,,23.62,Berkeley Earth,1513.0,Climatological Mean (World Bank / FAO),14990814.0,19.15
MDG,Madagascar,1998,60000.0,A,77047.678,36732.147,,,23.81,Berkeley Earth,1513.0,Climatological Mean (World Bank / FAO),15489364.0,12.79
MDG,Madagascar,1999,65000.0,A,59811.718,26480.571,29.731,15.0,23.46,Berkeley Earth,1513.0,Climatological Mean (World Bank / FAO),16000506.0,17.85
MDG,Madagascar,2000,58080.0,A,21361.095,16062.607,3.512,1.345,23.45,Berkeley Earth,1513.0,Climatological Mean (World Bank / FAO),16516338.0,28.57
MDG,Madagascar,2001,64530.0,A,7981.236999999999,8007.358,,,23.69,Berkeley Earth,1513.0,Climatological Mean (World Bank / FAO),17032939.0,24.49
MDG,Madagascar,2002,61520.0,A,3826.681,7735.946999999999,31.408,13.746,23.71,Berkeley Earth,1513.0,Climatological Mean (World Bank / FAO),17549913.0,25.0
MDG,Madagascar,2003,70315.0,A,5656.321,7623.362,85.318,18.909,23.76,Berkeley Earth,1513.0,Climatological Mean (World Bank / FAO),18071854.0,28.88
MDG,Madagascar,2004,67775.0,A,6719.26,8613.133,37.034,8.49,23.56,Berkeley Earth,1513.0,Climatological Mean (World Bank / FAO),18606608.0,38.23
MDG,Madagascar,2005,55500.0,A,5936.64,6611.011,2.237,1.0699999999999998,23.73,Berkeley Earth,1513.0,Climatological Mean (World Bank / FAO),19159707.0,54.49
MDG,Madagascar,2006,61635.0,A,17247.344,12457.206,30.841,4.629,23.89,Berkeley Earth,1513.0,Climatological Mean (World Bank / FAO),19730909.0,65.18
MDG,Madagascar,2007,56470.0,A,15378.885,9998.616,90.64,28.192,23.8,Berkeley Earth,1513.0,Climatological Mean (World Bank / FAO),20318583.0,72.58
MDG,Madagascar,2008,56978.0,A,23945.556,9436.811,95.1,23.63,23.44,Berkeley Earth,1513.0,Climatological Mean (World Bank / FAO),20923840.0,97.02
MDG,Madagascar,2009,57491.0,A,4337.624,2302.15,155.155,47.363,23.74,Berkeley Earth,1513.0,Climatological Mean (World Bank / FAO),21547280.0,61.56
MDG,Madagascar,2010,58178.0,A,9756.609,7447.139,44.883,5.849,23.96,Berkeley Earth,1513.0,Climatological Mean (World Bank / FAO),22183340.0,79.45
MDG,Madagascar,2011,55698.04,I,17140.943,6562.452,141.726,41.089,23.83,Berkeley Earth,1513.0,Climatological Mean (World Bank / FAO),22822300.0,111.18
MDG,Madagascar,2012,53363.68,I,11330.012,4312.391,161.178,30.803,23.52,Berkeley Earth,1513.0,Climatological Mean (World Bank / FAO),23462438.0,111.61
MDG,Madagascar,2013,51627.54,I,22735.621,10473.355,32.632000000000005,3.427,23.4,Berkeley Earth,1513.0,Climatological Mean (World Bank / FAO),24109290.0,108.62
MDG,Madagascar,2014,49223.0,A,18820.891,9643.92,206.136,49.461,23.54,Berkeley Earth,1513.0,Climatological Mean (World Bank / FAO),24764348.0,98.97
MDG,Madagascar,2015,47507.0,A,7756.725,3522.132,60.332,19.393,23.74,Berkeley Earth,1513.0,Climatological Mean (World Bank / FAO),25426702.0,52.38
MDG,Madagascar,2016,53093.0,A,6365.551,4090.503,7.956,3.248,23.67,Berkeley Earth,1513.0,Climatological Mean (World Bank / FAO),26099952.0,43.63
MDG,Madagascar,2017,59602.0,A,6536.508000000001,2667.814,608.17,342.951,19.04,ERA5 (Open-Meteo),1513.0,Climatological Mean (World Bank / FAO),26788375.0,54.22
MDG,Madagascar,2018,54514.81,I,783.3179999999999,180.191,5075.301,2569.617,18.39,ERA5 (Open-Meteo),1513.0,Climatological Mean (World Bank / FAO),27494926.0,71.12
MDG,Madagascar,2019,65760.0,A,407.612,278.453,1470.296,799.199,19.07,ERA5 (Open-Meteo),1513.0,Climatological Mean (World Bank / FAO),28219554.0,64.38
MDG,Madagascar,2020,42220.0,A,3552.541,2896.552,1.346,0.329,18.73,ERA5 (Open-Meteo),1513.0,Climatological Mean (World Bank / FAO),28953556.0,41.89
MDG,Madagascar,2021,46400.61,I,1947.551,970.384,217.174,129.617,18.66,ERA5 (Open-Meteo),1513.0,Climatological Mean (World Bank / FAO),29691083.0,70.68
MDG,Madagascar,2022,50532.03,I,169.033,60.925,2297.442,938.25,18.28,ERA5 (Open-Meteo),1513.0,Climatological Mean (World Bank / FAO),30437261.0,100.98
MDG,Madagascar,2023,49340.52,I,74.66,37.408,3549.962,1641.712,18.79,ERA5 (Open-Meteo),1513.0,Climatological Mean (World Bank / FAO),31195932.0,82.5
MDG,Madagascar,2024,49561.4,I,24150.274,7401.248,2802.79,1122.598,19.23,ERA5 (Open-Meteo),1513.0,Climatological Mean (World Bank / FAO),31964956.0,80.55
MWI,Malawi,1995,5460.0,X,18753.622,5444.441,,,22.39,Berkeley Earth,1181.0,Climatological Mean (World Bank / FAO),10150117.0,17.03
MWI,Malawi,1996,4797.0,A,11201.664,4413.461,82.258,0.0,22.05,Berkeley Earth,1181.0,Climatological Mean (World Bank / FAO),10352228.0,20.64
MWI,Malawi,1997,4552.0,A,15417.18,4561.944,88.488,27.515,22.13,Berkeley Earth,1181.0,Climatological Mean (World Bank / FAO),10562035.0,19.15
MWI,Malawi,1998,3840.0,X,11766.824,3672.106,182.813,108.0,22.51,Berkeley Earth,1181.0,Climatological Mean (World Bank / FAO),10792876.0,12.79
MWI,Malawi,1999,3540.0,X,10549.398,4388.256,,,21.78,Berkeley Earth,1181.0,Climatological Mean (World Bank / FAO),11047804.0,17.85
MWI,Malawi,2000,3780.0,X,6296.7390000000005,3897.297,3.694,2.58,21.99,Berkeley Earth,1181.0,Climatological Mean (World Bank / FAO),11315942.0,28.57
MWI,Malawi,2001,4320.0,X,6386.773,4383.1,90.099,51.34,22.24,Berkeley Earth,1181.0,Climatological Mean (World Bank / FAO),11593058.0,24.49
MWI,Malawi,2002,2980.0,A,3344.243,2622.401,30.367,54.847,22.36,Berkeley Earth,1181.0,Climatological Mean (World Bank / FAO),11880440.0,25.0
MWI,Malawi,2003,2584.0,A,3726.883,2775.84,26.289,13.322,22.34,Berkeley Earth,1181.0,Climatological Mean (World Bank / FAO),12181574.0,28.88
MWI,Malawi,2004,1590.0,A,4339.094,3031.467,319.083,195.424,22.07,Berkeley Earth,1181.0,Climatological Mean (World Bank / FAO),12500737.0,38.23
MWI,Malawi,2005,1181.0,A,2845.14,1371.179,1.214,0.352,22.83,Berkeley Earth,1181.0,Climatological Mean (World Bank / FAO),12840031.0,54.49
MWI,Malawi,2006,2091.0,A,4037.718,1745.5,4.65,2.028,22.24,Berkeley Earth,1181.0,Climatological Mean (World Bank / FAO),13198701.0,65.18
MWI,Malawi,2007,1403.0,A,4701.061,1811.278,82.49499999999999,22.005000000000003,22.33,Berkeley Earth,1181.0,Climatological Mean (World Bank / FAO),13576343.0,72.58
MWI,Malawi,2008,1122.0,A,6342.22,2031.165,10.7,2.253,22.04,Berkeley Earth,1181.0,Climatological Mean (World Bank / FAO),13976417.0,97.02
MWI,Malawi,2009,5510.0,A,4246.6720000000005,2057.557,10.547,1.573,22.09,Berkeley Earth,1181.0,Climatological Mean (World Bank / FAO),14395788.0,61.56
MWI,Malawi,2010,4176.0,A,4267.618,1197.652,10.201,0.871,22.42,Berkeley Earth,1181.0,Climatological Mean (World Bank / FAO),14826463.0,79.45
MWI,Malawi,2011,4015.0,A,7121.431,1635.249,5.882,1.408,22.45,Berkeley Earth,1181.0,Climatological Mean (World Bank / FAO),15265022.0,111.18
MWI,Malawi,2012,5684.0,A,5838.354,1308.978,9.306,3.508,22.31,Berkeley Earth,1181.0,Climatological Mean (World Bank / FAO),15709577.0,111.61
MWI,Malawi,2013,5699.0,A,4971.443,1523.555,61.154,25.371,22.2,Berkeley Earth,1181.0,Climatological Mean (World Bank / FAO),16161816.0,108.62
MWI,Malawi,2014,6757.0,A,5401.067,1481.472,20.835,6.017,22.51,Berkeley Earth,1181.0,Climatological Mean (World Bank / FAO),16621538.0,98.97
MWI,Malawi,2015,7217.0,A,3976.895,1037.368,15.455,8.516,22.74,Berkeley Earth,1181.0,Climatological Mean (World Bank / FAO),17085587.0,52.38
MWI,Malawi,2016,7217.0,A,4469.286,1168.924,11.692,5.54,22.88,Berkeley Earth,1181.0,Climatological Mean (World Bank / FAO),17557739.0,43.63
MWI,Malawi,2017,8420.0,A,2432.487,623.636,15.277,6.9590000000000005,19.34,ERA5 (Open-Meteo),1181.0,Climatological Mean (World Bank / FAO),18039715.0,54.22
MWI,Malawi,2018,11082.0,A,2007.52,454.903,8.063,4.723,19.2,ERA5 (Open-Meteo),1181.0,Climatological Mean (World Bank / FAO),18528081.0,71.12
MWI,Malawi,2019,11000.0,X,2893.584,745.391,16.6,5.42,19.54,ERA5 (Open-Meteo),1181.0,Climatological Mean (World Bank / FAO),19025752.0,64.38
MWI,Malawi,2020,10000.0,X,2474.149,731.972,1.988,1.69,19.77,ERA5 (Open-Meteo),1181.0,Climatological Mean (World Bank / FAO),19533888.0,41.89
MWI,Malawi,2021,10086.0,A,2145.351,537.702,15.855,6.614000000000001,19.46,ERA5 (Open-Meteo),1181.0,Climatological Mean (World Bank / FAO),20047258.0,70.68
MWI,Malawi,2022,11000.0,X,3316.964,647.678,11.771,4.25,19.05,ERA5 (Open-Meteo),1181.0,Climatological Mean (World Bank / FAO),20568728.0,100.98
MWI,Malawi,2023,11000.0,X,2446.521,408.356,12.086,4.746,19.75,ERA5 (Open-Meteo),1181.0,Climatological Mean (World Bank / FAO),21104482.0,82.5
MWI,Malawi,2024,11223.46,I,3286.169,770.6179999999999,15.098999999999998,1.951,19.81,ERA5 (Open-Meteo),1181.0,Climatological Mean (World Bank / FAO),21655286.0,80.55
MYS,Malaysia,1995,11300.0,X,5374.1,1563.431,37952.225,12908.882,26.56,Berkeley Earth,2875.0,Climatological Mean (World Bank / FAO),20330599.0,17.03
MYS,Malaysia,1996,15000.0,E,3870.108,1588.3680000000002,27522.149,17261.307,26.47,Berkeley Earth,2875.0,Climatological Mean (World Bank / FAO),20850087.0,20.64
MYS,Malaysia,1997,20000.0,E,1939.088,682.965,29217.324,18511.185,26.78,Berkeley Earth,2875.0,Climatological Mean (World Bank / FAO),21375218.0,19.15
MYS,Malaysia,1998,28000.0,E,1212.172,555.183,22101.876,14433.707,27.22,Berkeley Earth,2875.0,Climatological Mean (World Bank / FAO),21906713.0,12.79
MYS,Malaysia,1999,35000.0,E,844.3169999999999,326.692,28917.277,15897.637,26.49,Berkeley Earth,2875.0,Climatological Mean (World Bank / FAO),22435531.0,17.85
MYS,Malaysia,2000,39800.0,X,1649.822,772.1569999999999,22723.554,23773.098,26.55,Berkeley Earth,2875.0,Climatological Mean (World Bank / FAO),22967816.0,28.57
MYS,Malaysia,2001,38500.0,X,1330.701,634.039,15587.128,14406.434,26.65,Berkeley Earth,2875.0,Climatological Mean (World Bank / FAO),23526538.0,24.49
MYS,Malaysia,2002,39200.0,X,1144.8629999999998,658.999,18590.41,26854.455,26.91,Berkeley Earth,2875.0,Climatological Mean (World Bank / FAO),24102477.0,25.0
MYS,Malaysia,2003,40000.0,X,1437.485,809.44,18075.869,17826.462,26.78,Berkeley Earth,2875.0,Climatological Mean (World Bank / FAO),24679602.0,28.88
MYS,Malaysia,2004,39200.0,X,1417.73,1835.56,23266.391,21529.737,26.79,Berkeley Earth,2875.0,Climatological Mean (World Bank / FAO),25256772.0,38.23
MYS,Malaysia,2005,40000.0,X,1216.478,622.037,30896.792,25677.608,26.9,Berkeley Earth,2875.0,Climatological Mean (World Bank / FAO),25836071.0,54.49
MYS,Malaysia,2006,32779.0,A,2563.001,1609.515,52644.313,33725.727,26.8,Berkeley Earth,2875.0,Climatological Mean (World Bank / FAO),26417909.0,65.18
MYS,Malaysia,2007,21213.0,A,3653.09,1545.861,79270.371,42032.291,26.69,Berkeley Earth,2875.0,Climatological Mean (World Bank / FAO),26998389.0,72.58
MYS,Malaysia,2008,23061.0,A,3053.154,912.934,97850.811,42926.126,26.52,Berkeley Earth,2875.0,Climatological Mean (World Bank / FAO),27570059.0,97.02
MYS,Malaysia,2009,16332.0,A,4548.736,1632.288,70614.31,42098.8,26.84,Berkeley Earth,2875.0,Climatological Mean (World Bank / FAO),28124778.0,61.56
MYS,Malaysia,2010,15768.0,A,5272.126,1949.075,105893.929,60300.916,27.05,Berkeley Earth,2875.0,Climatological Mean (World Bank / FAO),28655776.0,79.45
MYS,Malaysia,2011,15064.0,A,5899.765,1738.898,170793.859,65655.17,26.7,Berkeley Earth,2875.0,Climatological Mean (World Bank / FAO),29162039.0,111.18
MYS,Malaysia,2012,10427.0,A,6072.891,1607.743,158528.01,68220.16,26.84,Berkeley Earth,2875.0,Climatological Mean (World Bank / FAO),29662831.0,111.61
MYS,Malaysia,2013,14739.0,A,4109.722,1298.175,192300.481,84415.273,26.96,Berkeley Earth,2875.0,Climatological Mean (World Bank / FAO),30174265.0,108.62
MYS,Malaysia,2014,8186.0,A,5270.707,1340.481,177763.97,76351.47,26.97,Berkeley Earth,2875.0,Climatological Mean (World Bank / FAO),30696137.0,98.97
MYS,Malaysia,2015,5929.0,A,4193.459,784.121,185085.619,80908.596,27.14,Berkeley Earth,2875.0,Climatological Mean (World Bank / FAO),31232798.0,52.38
MYS,Malaysia,2016,7170.0,A,4785.331,1217.97,175362.759,85061.561,27.46,Berkeley Earth,2875.0,Climatological Mean (World Bank / FAO),31789685.0,43.63
MYS,Malaysia,2017,8109.18,A,4140.269,1212.27,209931.37800000003,87006.369,24.27,ERA5 (Open-Meteo),2875.0,Climatological Mean (World Bank / FAO),32355644.0,54.22
MYS,Malaysia,2018,3369.2,A,3061.505,884.49,213556.331,76050.126,24.23,ERA5 (Open-Meteo),2875.0,Climatological Mean (World Bank / FAO),32910967.0,71.12
MYS,Malaysia,2019,3558.5,A,5331.883,1204.174,225105.741,108376.334,24.45,ERA5 (Open-Meteo),2875.0,Climatological Mean (World Bank / FAO),33440596.0,64.38
MYS,Malaysia,2020,4241.08,A,4718.329,1760.227,213795.84,103857.283,24.34,ERA5 (Open-Meteo),2875.0,Climatological Mean (World Bank / FAO),33889558.0,41.89
MYS,Malaysia,2021,4150.55,A,4431.81,1620.996,219044.4,95899.691,24.29,ERA5 (Open-Meteo),2875.0,Climatological Mean (World Bank / FAO),34282399.0,70.68
MYS,Malaysia,2022,3849.58,A,5170.511,1078.226,309280.154,91910.311,23.99,ERA5 (Open-Meteo),2875.0,Climatological Mean (World Bank / FAO),34695493.0,100.98
MYS,Malaysia,2023,3910.09,A,6927.77,1476.132,230546.275,68582.011,24.43,ERA5 (Open-Meteo),2875.0,Climatological Mean (World Bank / FAO),35126298.0,82.5
MYS,Malaysia,2024,2861.29,A,6366.278,851.216,394207.749,88590.438,24.71,ERA5 (Open-Meteo),2875.0,Climatological Mean (World Bank / FAO),35557673.0,80.55
MTQ,Martinique,1995,35.0,A,,,,,,,,,,17.03
MTQ,Martinique,1996,44.62,I,,,,,,,,,,20.64
MTQ,Martinique,1997,40.0,E,,,,,,,,,,19.15
MTQ,Martinique,1998,40.0,E,,,,,,,,,,12.79
MTQ,Martinique,1999,40.91,I,,,,,,,,,,17.85
MTQ,Martinique,2000,40.0,E,,,,,,,,,,28.57
MTQ,Martinique,2001,39.81,I,,,,,,,,,,24.49
MTQ,Martinique,2002,36.68,I,,,,,,,,,,25.0
MTQ,Martinique,2003,35.47,I,,,,,,,,,,28.88
MTQ,Martinique,2004,36.57,I,,,,,,,,,,38.23
MTQ,Martinique,2005,32.75,I,,,,,,,,,,54.49
MTQ,Martinique,2006,30.35,I,,,,,,,,,,65.18
MEX,Mexico,1995,324526.0,A,737908.76,206346.668,5904.733,1763.4440000000002,21.03,Berkeley Earth,758.0,Climatological Mean (World Bank / FAO),90862455.0,17.03
MEX,Mexico,1996,374153.0,A,691450.0939999999,271237.762,2832.748,1183.141,20.78,Berkeley Earth,758.0,Climatological Mean (World Bank / FAO),92452702.0,20.64
MEX,Mexico,1997,368315.0,A,896906.296,249400.032,26767.923000000003,13231.207,20.52,Berkeley Earth,758.0,Climatological Mean (World Bank / FAO),94021207.0,19.15
MEX,Mexico,1998,277372.0,A,659924.566,199258.499,11816.865,5731.045,21.03,Berkeley Earth,758.0,Climatological Mean (World Bank / FAO),95575245.0,12.79
MEX,Mexico,1999,302119.0,A,560627.661,240914.00800000003,12527.232,7594.954000000001,20.63,Berkeley Earth,758.0,Climatological Mean (World Bank / FAO),97115707.0,17.85
MEX,Mexico,2000,338170.0,A,586440.073,291835.86,4965.385,4579.506,20.77,Berkeley Earth,758.0,Climatological Mean (World Bank / FAO),98625552.0,28.57
MEX,Mexico,2001,302996.0,A,240649.4,150102.084,11130.211,18010.215,20.7,Berkeley Earth,758.0,Climatological Mean (World Bank / FAO),100099099.0,24.49
MEX,Mexico,2002,313027.0,A,223287.677,151263.733,7163.328,11815.084,20.82,Berkeley Earth,758.0,Climatological Mean (World Bank / FAO),101548624.0,25.0
MEX,Mexico,2003,310861.0,A,206105.04,131167.582,12412.338,14995.788,20.87,Berkeley Earth,758.0,Climatological Mean (World Bank / FAO),102978515.0,28.88
MEX,Mexico,2004,312413.0,A,224856.209,128652.166,12190.598,13622.517000000002,20.42,Berkeley Earth,758.0,Climatological Mean (World Bank / FAO),104394131.0,38.23
MEX,Mexico,2005,294364.0,A,240253.415,120132.134,18810.056,16575.545000000002,20.87,Berkeley Earth,758.0,Climatological Mean (World Bank / FAO),105811504.0,54.49
MEX,Mexico,2006,279635.0,A,289408.193,117339.749,18985.554,14029.531,20.93,Berkeley Earth,758.0,Climatological Mean (World Bank / FAO),107253666.0,65.18
MEX,Mexico,2007,268565.0,A,354778.336,134390.032,32062.166,15824.874,20.59,Berkeley Earth,758.0,Climatological Mean (World Bank / FAO),108774360.0,72.58
MEX,Mexico,2008,260442.0,A,366636.773,124073.326,61629.556,24556.135,20.55,Berkeley Earth,758.0,Climatological Mean (World Bank / FAO),110374288.0,97.02
MEX,Mexico,2009,264472.0,A,383358.628,131818.212,37701.874,21223.831,20.95,Berkeley Earth,758.0,Climatological Mean (World Bank / FAO),111999721.0,61.56
MEX,Mexico,2010,245271.0,A,386103.205,107124.979,64807.701,24885.72,20.22,Berkeley Earth,758.0,Climatological Mean (World Bank / FAO),113623895.0,79.45
MEX,Mexico,2011,237056.0,A,680136.3589999999,117483.813,121000.819,37602.813,20.92,Berkeley Earth,758.0,Climatological Mean (World Bank / FAO),115243504.0,111.18
MEX,Mexico,2012,246121.0,A,668933.879,153509.039,58072.318,23593.63,21.0,Berkeley Earth,758.0,Climatological Mean (World Bank / FAO),116818208.0,111.61
MEX,Mexico,2013,231596.0,A,497695.9410000001,145945.644,47427.759,22675.127,20.68,Berkeley Earth,758.0,Climatological Mean (World Bank / FAO),118343573.0,108.62
MEX,Mexico,2014,214667.0,A,414223.311,103617.741,178313.956,76468.225,20.86,Berkeley Earth,758.0,Climatological Mean (World Bank / FAO),119784261.0,98.97
MEX,Mexico,2015,188934.0,A,347647.18100000004,92354.669,166104.841,69229.794,21.05,Berkeley Earth,758.0,Climatological Mean (World Bank / FAO),121072306.0,52.38
MEX,Mexico,2016,151714.0,A,283829.348,81268.122,162910.965,76745.204,21.24,Berkeley Earth,758.0,Climatological Mean (World Bank / FAO),122251351.0,43.63
MEX,Mexico,2017,153777.4,A,338286.909,97116.259,136497.782,64698.799,17.65,ERA5 (Open-Meteo),758.0,Climatological Mean (World Bank / FAO),123400057.0,54.22
MEX,Mexico,2018,158307.99,A,357210.199,109477.087,70314.786,38053.449,17.16,ERA5 (Open-Meteo),758.0,Climatological Mean (World Bank / FAO),124573711.0,71.12
MEX,Mexico,2019,165712.27,A,328530.662,108623.564,119106.588,76810.887,18.11,ERA5 (Open-Meteo),758.0,Climatological Mean (World Bank / FAO),125762982.0,64.38
MEX,Mexico,2020,175554.62,A,359549.146,116820.22,101182.812,69958.626,17.84,ERA5 (Open-Meteo),758.0,Climatological Mean (World Bank / FAO),126799054.0,41.89
MEX,Mexico,2021,174341.4,A,434158.538,110229.565,117778.577,68356.177,17.51,ERA5 (Open-Meteo),758.0,Climatological Mean (World Bank / FAO),127648148.0,70.68
MEX,Mexico,2022,188710.0,E,678002.219,125663.338,97813.198,35232.377,17.76,ERA5 (Open-Meteo),758.0,Climatological Mean (World Bank / FAO),128613117.0,100.98
MEX,Mexico,2023,194940.0,E,509726.797,99484.05,145856.053,53174.2,18.41,ERA5 (Open-Meteo),758.0,Climatological Mean (World Bank / FAO),129739759.0,82.5
MEX,Mexico,2024,194470.0,E,515067.663,99452.785,331571.727,88406.679,18.51,ERA5 (Open-Meteo),758.0,Climatological Mean (World Bank / FAO),130861007.0,80.55
MOZ,Mozambique,1995,900.0,E,214.889,102.0,1495.006,411.812,24.37,Berkeley Earth,1032.0,Climatological Mean (World Bank / FAO),15960530.0,17.03
MOZ,Mozambique,1996,950.0,E,29.337,18.0,10.343,1.75,24.05,Berkeley Earth,1032.0,Climatological Mean (World Bank / FAO),16492480.0,20.64
MOZ,Mozambique,1997,1000.0,E,352.614,126.0,10.734,1.875,24.1,Berkeley Earth,1032.0,Climatological Mean (World Bank / FAO),16949982.0,19.15
MOZ,Mozambique,1998,838.0,I,252.529,38.0,9.092,1.437,24.61,Berkeley Earth,1032.0,Climatological Mean (World Bank / FAO),17340464.0,12.79
MOZ,Mozambique,1999,812.89,I,,,81.61099999999999,54.394,23.95,Berkeley Earth,1032.0,Climatological Mean (World Bank / FAO),17734506.0,17.85
MOZ,Mozambique,2000,600.0,E,,,2745.5370000000003,1839.421,23.98,Berkeley Earth,1032.0,Climatological Mean (World Bank / FAO),18129653.0,28.57
MOZ,Mozambique,2001,782.41,I,,,1110.509,773.956,24.28,Berkeley Earth,1032.0,Climatological Mean (World Bank / FAO),18537729.0,24.49
MOZ,Mozambique,2002,786.66,I,,,153.937,47.589,24.42,Berkeley Earth,1032.0,Climatological Mean (World Bank / FAO),18958338.0,25.0
MOZ,Mozambique,2003,801.53,I,35.133,18.7,42.541,52.727,24.38,Berkeley Earth,1032.0,Climatological Mean (World Bank / FAO),19392475.0,28.88
MOZ,Mozambique,2004,750.0,E,74.636,38.4,517.718,588.8760000000001,24.11,Berkeley Earth,1032.0,Climatological Mean (World Bank / FAO),19840313.0,38.23
MOZ,Mozambique,2005,680.0,E,,,17.36,6.776,24.83,Berkeley Earth,1032.0,Climatological Mean (World Bank / FAO),20304569.0,54.49
MOZ,Mozambique,2006,700.0,E,1.71,1.168,59.946,26.324,24.32,Berkeley Earth,1032.0,Climatological Mean (World Bank / FAO),20787087.0,65.18
MOZ,Mozambique,2007,720.0,E,,,239.229,93.423,24.28,Berkeley Earth,1032.0,Climatological Mean (World Bank / FAO),21287635.0,72.58
MOZ,Mozambique,2008,730.0,E,4.544,2.7,120.892,45.538,24.05,Berkeley Earth,1032.0,Climatological Mean (World Bank / FAO),21819036.0,97.02
MOZ,Mozambique,2009,740.0,E,,,173.901,38.352,24.16,Berkeley Earth,1032.0,Climatological Mean (World Bank / FAO),22391745.0,61.56
MOZ,Mozambique,2010,770.0,E,187.417,60.73,39.446,31.157,24.52,Berkeley Earth,1032.0,Climatological Mean (World Bank / FAO),22999235.0,79.45
MOZ,Mozambique,2011,800.0,E,0.256,0.25,349.348,77.285,24.35,Berkeley Earth,1032.0,Climatological Mean (World Bank / FAO),23649039.0,111.18
MOZ,Mozambique,2012,900.0,E,29.167,1.146,410.593,94.176,24.32,Berkeley Earth,1032.0,Climatological Mean (World Bank / FAO),24337846.0,111.61
MOZ,Mozambique,2013,900.0,E,130.22899999999998,50.137,503.749,94.786,24.11,Berkeley Earth,1032.0,Climatological Mean (World Bank / FAO),25051611.0,108.62
MOZ,Mozambique,2014,816.94,I,176.482,73.35400000000001,249.993,79.908,24.35,Berkeley Earth,1032.0,Climatological Mean (World Bank / FAO),25788475.0,98.97
MOZ,Mozambique,2015,804.44,I,164.98,38.477,149.303,33.726,24.75,Berkeley Earth,1032.0,Climatological Mean (World Bank / FAO),26547572.0,52.38
MOZ,Mozambique,2016,840.46,E,6.874,0.383,244.942,74.503,24.84,Berkeley Earth,1032.0,Climatological Mean (World Bank / FAO),27337105.0,43.63
MOZ,Mozambique,2017,806.23,I,11.308,0.441,686.6550000000001,176.06199999999998,24.55,ERA5 (Open-Meteo),1032.0,Climatological Mean (World Bank / FAO),28166393.0,54.22
MOZ,Mozambique,2018,798.24,I,15.785,1.7320000000000002,553.803,175.89399999999998,24.83,ERA5 (Open-Meteo),1032.0,Climatological Mean (World Bank / FAO),29018644.0,71.12
MOZ,Mozambique,2019,789.95,I,10.057,0.498,516.144,119.292,24.84,ERA5 (Open-Meteo),1032.0,Climatological Mean (World Bank / FAO),29884380.0,64.38
MOZ,Mozambique,2020,791.95,I,56.510000000000005,14.15,606.98,89.78399999999999,24.89,ERA5 (Open-Meteo),1032.0,Climatological Mean (World Bank / FAO),30783688.0,41.89
MOZ,Mozambique,2021,797.11,I,43.488,7.396,293.257,67.648,24.79,ERA5 (Open-Meteo),1032.0,Climatological Mean (World Bank / FAO),31707800.0,70.68
MOZ,Mozambique,2022,802.61,I,61.95399999999999,10.045,574.91,184.717,24.8,ERA5 (Open-Meteo),1032.0,Climatological Mean (World Bank / FAO),32656246.0,100.98
MOZ,Mozambique,2023,803.15,I,212.621,33.414,269.036,73.606,25.47,ERA5 (Open-Meteo),1032.0,Climatological Mean (World Bank / FAO),33635160.0,82.5
MOZ,Mozambique,2024,803.7,I,50.532,7.4,715.95,225.933,26.01,ERA5 (Open-Meteo),1032.0,Climatological Mean (World Bank / FAO),34631766.0,80.55
MMR,Myanmar,1995,1500.0,A,109.375,86.546,3.084,0.164,24.37,Berkeley Earth,2091.0,Climatological Mean (World Bank / FAO),42605338.0,17.03
MMR,Myanmar,1996,1700.0,A,58.903,36.0,,,24.22,Berkeley Earth,2091.0,Climatological Mean (World Bank / FAO),43154860.0,20.64
MMR,Myanmar,1997,1900.0,A,360.686,356.33500000000004,,,24.0,Berkeley Earth,2091.0,Climatological Mean (World Bank / FAO),43708798.0,19.15
MMR,Myanmar,1998,1700.0,A,946.015,895.952,,,24.89,Berkeley Earth,2091.0,Climatological Mean (World Bank / FAO),44257793.0,12.79
MMR,Myanmar,1999,1800.0,A,181.816,94.901,43.699,66.601,24.49,Berkeley Earth,2091.0,Climatological Mean (World Bank / FAO),44787724.0,17.85
MMR,Myanmar,2000,2100.0,A,279.422,230.967,52.614,53.35,24.02,Berkeley Earth,2091.0,Climatological Mean (World Bank / FAO),45290841.0,28.57
MMR,Myanmar,2001,2300.0,A,147.895,192.581,93.813,79.056,24.37,Berkeley Earth,2091.0,Climatological Mean (World Bank / FAO),45771139.0,24.49
MMR,Myanmar,2002,2700.0,A,103.714,160.33599999999998,121.504,128.01,24.37,Berkeley Earth,2091.0,Climatological Mean (World Bank / FAO),46232653.0,25.0
MMR,Myanmar,2003,2960.0,A,144.622,212.402,41.656,0.0,24.36,Berkeley Earth,2091.0,Climatological Mean (World Bank / FAO),46667192.0,28.88
MMR,Myanmar,2004,3500.0,A,239.038,326.46,4.168,1.5,24.17,Berkeley Earth,2091.0,Climatological Mean (World Bank / FAO),47068772.0,38.23
MMR,Myanmar,2005,4000.0,A,6.855,3.302,275.414,236.244,24.68,Berkeley Earth,2091.0,Climatological Mean (World Bank / FAO),47438365.0,54.49
MMR,Myanmar,2006,4800.0,A,4.124,1.5699999999999998,15.794,12.792,24.5,Berkeley Earth,2091.0,Climatological Mean (World Bank / FAO),47785135.0,65.18
MMR,Myanmar,2007,5900.0,A,110.118,58.7,148.676,37.466,24.19,Berkeley Earth,2091.0,Climatological Mean (World Bank / FAO),48125043.0,72.58
MMR,Myanmar,2008,6300.0,A,88.791,43.099,196.746,45.668,24.21,Berkeley Earth,2091.0,Climatological Mean (World Bank / FAO),48390793.0,97.02
MMR,Myanmar,2009,7000.0,A,11.719,16.003,278.076,66.38600000000001,24.74,Berkeley Earth,2091.0,Climatological Mean (World Bank / FAO),48660459.0,61.56
MMR,Myanmar,2010,7300.0,A,54.701,59.608,357.005,66.174,24.91,Berkeley Earth,2091.0,Climatological Mean (World Bank / FAO),49024382.0,79.45
MMR,Myanmar,2011,7600.0,A,582.452,181.867,186.158,37.776,24.18,Berkeley Earth,2091.0,Climatological Mean (World Bank / FAO),49419820.0,111.18
MMR,Myanmar,2012,8000.0,A,138.13899999999998,56.293000000000006,59.363,5.16,24.69,Berkeley Earth,2091.0,Climatological Mean (World Bank / FAO),49837446.0,111.61
MMR,Myanmar,2013,8100.0,A,628.114,170.291,137.381,9.311,24.57,Berkeley Earth,2091.0,Climatological Mean (World Bank / FAO),50262658.0,108.62
MMR,Myanmar,2014,8400.0,A,2384.418,1437.349,105.736,18.255,24.76,Berkeley Earth,2091.0,Climatological Mean (World Bank / FAO),50681634.0,98.97
MMR,Myanmar,2015,8300.0,A,2356.084,1386.1029999999998,732.1579999999999,321.37,24.76,Berkeley Earth,2091.0,Climatological Mean (World Bank / FAO),51089056.0,52.38
MMR,Myanmar,2016,8474.0,A,1520.626,493.821,929.328,352.219,25.0,Berkeley Earth,2091.0,Climatological Mean (World Bank / FAO),51495696.0,43.63
MMR,Myanmar,2017,8547.0,A,3147.724,893.884,411.761,149.02,21.5,ERA5 (Open-Meteo),2091.0,Climatological Mean (World Bank / FAO),51894938.0,54.22
MMR,Myanmar,2018,8677.84,A,2658.706,650.453,415.126,120.262,21.05,ERA5 (Open-Meteo),2091.0,Climatological Mean (World Bank / FAO),52272247.0,71.12
MMR,Myanmar,2019,8769.0,A,3093.855,1016.53,748.2909999999999,309.261,21.88,ERA5 (Open-Meteo),2091.0,Climatological Mean (World Bank / FAO),52640713.0,64.38
MMR,Myanmar,2020,8908.0,A,2025.097,349.669,398.66,164.794,21.73,ERA5 (Open-Meteo),2091.0,Climatological Mean (World Bank / FAO),53016522.0,41.89
MMR,Myanmar,2021,8908.0,A,2124.493,756.6690000000001,152.096,67.376,21.56,ERA5 (Open-Meteo),2091.0,Climatological Mean (World Bank / FAO),53387102.0,70.68
MMR,Myanmar,2022,8557.0,A,4588.051,1300.673,271.365,72.325,21.61,ERA5 (Open-Meteo),2091.0,Climatological Mean (World Bank / FAO),53756787.0,100.98
MMR,Myanmar,2023,8481.74,I,10930.226,1299.002,277.398,76.462,21.9,ERA5 (Open-Meteo),2091.0,Climatological Mean (World Bank / FAO),54133798.0,82.5
MMR,Myanmar,2024,8903.66,I,3888.212,751.885,3.568,0.033,22.02,ERA5 (Open-Meteo),2091.0,Climatological Mean (World Bank / FAO),54500091.0,80.55
NPL,Nepal,1995,25.0,E,42.242,10.687,96.635,36.558,14.75,Berkeley Earth,1500.0,Climatological Mean (World Bank / FAO),22245439.0,17.03
NPL,Nepal,1996,29.0,A,23.11,68.75,29.535,18.71,14.76,Berkeley Earth,1500.0,Climatological Mean (World Bank / FAO),22741862.0,20.64
NPL,Nepal,1997,37.0,A,,,,,13.92,Berkeley Earth,1500.0,Climatological Mean (World Bank / FAO),23219463.0,19.15
NPL,Nepal,1998,56.0,A,37.899,5.875,225.53500000000005,26.347,14.91,Berkeley Earth,1500.0,Climatological Mean (World Bank / FAO),23680357.0,12.79
NPL,Nepal,1999,45.0,A,118.332,44.101,29.399,1.264,15.27,Berkeley Earth,1500.0,Climatological Mean (World Bank / FAO),24125199.0,17.85
NPL,Nepal,2000,72.0,A,54.532,9.998,521.048,19.871,14.54,Berkeley Earth,1500.0,Climatological Mean (World Bank / FAO),24546509.0,28.57
NPL,Nepal,2001,89.0,A,23.849,3.899,0.333,0.4,14.9,Berkeley Earth,1500.0,Climatological Mean (World Bank / FAO),24946748.0,24.49
NPL,Nepal,2002,139.0,A,83.62,12.109,0.093,0.003,15.0,Berkeley Earth,1500.0,Climatological Mean (World Bank / FAO),25328981.0,25.0
NPL,Nepal,2003,188.0,A,249.301,25.114,304.746,186.586,14.84,Berkeley Earth,1500.0,Climatological Mean (World Bank / FAO),25688758.0,28.88
NPL,Nepal,2004,218.0,A,169.945,37.998000000000005,83.012,65.438,14.98,Berkeley Earth,1500.0,Climatological Mean (World Bank / FAO),26016656.0,38.23
NPL,Nepal,2005,250.0,A,426.46,111.278,105.504,77.392,15.13,Berkeley Earth,1500.0,Climatological Mean (World Bank / FAO),26309458.0,54.49
NPL,Nepal,2006,300.0,A,528.851,97.798,17.08,6.382,15.46,Berkeley Earth,1500.0,Climatological Mean (World Bank / FAO),26565425.0,65.18
NPL,Nepal,2007,460.0,A,577.364,79.178,142.297,71.7,15.1,Berkeley Earth,1500.0,Climatological Mean (World Bank / FAO),26788492.0,72.58
NPL,Nepal,2008,500.0,A,466.281,59.157,105.794,60.28,14.9,Berkeley Earth,1500.0,Climatological Mean (World Bank / FAO),26990037.0,97.02
NPL,Nepal,2009,268.0,A,1796.4640000000002,536.6690000000001,21.623,11.408,15.61,Berkeley Earth,1500.0,Climatological Mean (World Bank / FAO),27173035.0,61.56
NPL,Nepal,2010,307.0,A,468.123,79.53,104.01300000000002,28.09,15.66,Berkeley Earth,1500.0,Climatological Mean (World Bank / FAO),27341952.0,79.45
NPL,Nepal,2011,402.0,A,1304.206,243.916,13.955,18.808,14.71,Berkeley Earth,1500.0,Climatological Mean (World Bank / FAO),27464494.0,111.18
NPL,Nepal,2012,425.0,A,628.095,80.938,8.064,1.948,14.84,Berkeley Earth,1500.0,Climatological Mean (World Bank / FAO),27534915.0,111.61
NPL,Nepal,2013,366.0,A,641.6700000000001,87.18900000000001,169.866,97.016,14.63,Berkeley Earth,1500.0,Climatological Mean (World Bank / FAO),27589996.0,108.62
NPL,Nepal,2014,430.0,A,563.184,60.992,140.547,59.65,14.94,Berkeley Earth,1500.0,Climatological Mean (World Bank / FAO),27672370.0,98.97
NPL,Nepal,2015,463.58,A,1386.301,153.507,276.771,96.005,15.06,Berkeley Earth,1500.0,Climatological Mean (World Bank / FAO),27823629.0,52.38
NPL,Nepal,2016,532.0,A,825.5,90.021,286.772,113.475,15.65,Berkeley Earth,1500.0,Climatological Mean (World Bank / FAO),27955462.0,43.63
NPL,Nepal,2017,466.0,A,921.862,84.555,281.083,89.214,18.75,ERA5 (Open-Meteo),1500.0,Climatological Mean (World Bank / FAO),28011258.0,54.22
NPL,Nepal,2018,513.0,A,1206.098,120.157,449.057,142.592,18.16,ERA5 (Open-Meteo),1500.0,Climatological Mean (World Bank / FAO),28079689.0,71.12
NPL,Nepal,2019,530.0,A,965.198,77.584,686.04,263.66,18.19,ERA5 (Open-Meteo),1500.0,Climatological Mean (World Bank / FAO),28414064.0,64.38
NPL,Nepal,2020,297.0,A,621.052,58.692,455.94,139.15900000000002,18.03,ERA5 (Open-Meteo),1500.0,Climatological Mean (World Bank / FAO),28966574.0,41.89
NPL,Nepal,2021,315.0,A,927.603,68.375,714.61,216.635,18.34,ERA5 (Open-Meteo),1500.0,Climatological Mean (World Bank / FAO),29475010.0,70.68
NPL,Nepal,2022,355.0,A,980.016,79.166,775.8439999999999,265.25,18.27,ERA5 (Open-Meteo),1500.0,Climatological Mean (World Bank / FAO),29715436.0,100.98
NPL,Nepal,2023,394.4,A,1031.099,80.207,1350.436,392.84,18.91,ERA5 (Open-Meteo),1500.0,Climatological Mean (World Bank / FAO),29694614.0,82.5
NPL,Nepal,2024,501.3,A,1254.2240000000002,100.804,1121.705,240.55,18.52,ERA5 (Open-Meteo),1500.0,Climatological Mean (World Bank / FAO),29651054.0,80.55
NCL,New Caledonia,1995,29.0,A,,,10.361,1.5,23.66,Berkeley Earth,1500.0,Climatological Mean (published reference),200379.0,17.03
NCL,New Caledonia,1996,25.0,A,1.071,0.398,156.741,20.636,23.57,Berkeley Earth,1500.0,Climatological Mean (published reference),205034.0,20.64
NCL,New Caledonia,1997,42.0,A,,,51.607,5.949,23.15,Berkeley Earth,1500.0,Climatological Mean (published reference),209560.0,19.15
NCL,New Caledonia,1998,35.0,A,,,533.076,216.948,24.26,Berkeley Earth,1500.0,Climatological Mean (published reference),214047.0,12.79
NCL,New Caledonia,1999,48.0,A,56.355,44.5,1832.733,583.62,23.51,Berkeley Earth,1500.0,Climatological Mean (published reference),218527.0,17.85
NCL,New Caledonia,2000,18.0,A,3.201,0.4019999999999999,1188.31,485.173,23.24,Berkeley Earth,1500.0,Climatological Mean (published reference),223098.0,28.57
NCL,New Caledonia,2001,56.0,A,43.05,30.701,853.2529999999999,476.548,23.46,Berkeley Earth,1500.0,Climatological Mean (published reference),227707.0,24.49
NCL,New Caledonia,2002,20.0,A,25.325,18.724,623.803,400.363,23.44,Berkeley Earth,1500.0,Climatological Mean (published reference),232236.0,25.0
NCL,New Caledonia,2003,18.0,A,40.19,19.167,438.547,262.22900000000004,23.24,Berkeley Earth,1500.0,Climatological Mean (published reference),236678.0,28.88
NCL,New Caledonia,2004,60.0,A,342.44,123.249,1023.334,475.256,23.34,Berkeley Earth,1500.0,Climatological Mean (published reference),240852.0,38.23
NCL,New Caledonia,2005,25.0,A,276.46000000000004,95.91,826.8460000000001,309.591,23.34,Berkeley Earth,1500.0,Climatological Mean (published reference),244381.0,54.49
NCL,New Caledonia,2006,25.0,A,507.598,153.797,996.789,475.006,23.17,Berkeley Earth,1500.0,Climatological Mean (published reference),247547.0,65.18
NCL,New Caledonia,2007,21.0,A,535.8340000000001,175.67000000000002,904.428,278.84000000000003,23.75,Berkeley Earth,1500.0,Climatological Mean (published reference),250725.0,72.58
NCL,New Caledonia,2008,33.0,A,112.689,40.45,805.9540000000001,210.636,23.67,Berkeley Earth,1500.0,Climatological Mean (published reference),253825.0,97.02
NCL,New Caledonia,2009,9.0,A,155.972,39.753,1275.116,338.673,23.28,Berkeley Earth,1500.0,Climatological Mean (published reference),257250.0,61.56
NCL,New Caledonia,2010,13.0,A,72.356,3.604,936.641,273.298,23.88,Berkeley Earth,1500.0,Climatological Mean (published reference),261582.0,79.45
NCL,New Caledonia,2011,19.0,A,107.904,20.132,964.269,206.759,23.55,Berkeley Earth,1500.0,Climatological Mean (published reference),266543.0,111.18
NCL,New Caledonia,2012,6.0,A,322.576,63.372,1450.696,331.35900000000004,23.33,Berkeley Earth,1500.0,Climatological Mean (published reference),271633.0,111.61
NCL,New Caledonia,2013,7.0,A,7.903,0.1159999999999999,1311.201,354.374,23.26,Berkeley Earth,1500.0,Climatological Mean (published reference),276822.0,108.62
NCL,New Caledonia,2014,5.0,A,70.163,18.95,1550.169,358.03000000000003,23.36,Berkeley Earth,1500.0,Climatological Mean (published reference),281224.0,98.97
NCL,New Caledonia,2015,6.39,A,127.039,5.632,991.016,227.216,23.37,Berkeley Earth,1500.0,Climatological Mean (published reference),283168.0,52.38
NCL,New Caledonia,2016,3.55,A,10.366,0.037,201.825,43.646,24.05,Berkeley Earth,1500.0,Climatological Mean (published reference),283423.0,43.63
NCL,New Caledonia,2017,5.2,A,6.92,0.4509999999999999,499.548,103.851,22.3,ERA5 (Open-Meteo),1500.0,Climatological Mean (published reference),283546.0,54.22
NCL,New Caledonia,2018,2.6,A,17.54,1.923,541.5120000000001,179.357,21.87,ERA5 (Open-Meteo),1500.0,Climatological Mean (published reference),283541.0,71.12
NCL,New Caledonia,2019,2.0,A,89.60300000000001,20.009,1075.826,272.741,21.96,ERA5 (Open-Meteo),1500.0,Climatological Mean (published reference),283606.0,64.38
NCL,New Caledonia,2020,1.94,A,182.363,53.567,1023.995,233.774,22.4,ERA5 (Open-Meteo),1500.0,Climatological Mean (published reference),284176.0,41.89
NCL,New Caledonia,2021,1.92,A,73.367,24.318,1324.68,259.137,22.16,ERA5 (Open-Meteo),1500.0,Climatological Mean (published reference),285214.0,70.68
NCL,New Caledonia,2022,1.54,I,292.46700000000004,37.968,1204.066,166.446,22.9,ERA5 (Open-Meteo),1500.0,Climatological Mean (published reference),287123.0,100.98
NCL,New Caledonia,2023,1.18,I,91.72,18.975,1535.8780000000002,276.875,21.69,ERA5 (Open-Meteo),1500.0,Climatological Mean (published reference),289870.0,82.5
NCL,New Caledonia,2024,1.01,I,3.682,0.454,971.979,93.563,22.39,ERA5 (Open-Meteo),1500.0,Climatological Mean (published reference),292639.0,80.55
NIC,Nicaragua,1995,54587.0,A,130865.188,38984.737,40.059,19.589,26.88,Berkeley Earth,2280.0,Climatological Mean (World Bank / FAO),4642931.0,17.03
NIC,Nicaragua,1996,49900.0,A,136185.851,54821.839,492.388,282.386,26.25,Berkeley Earth,2280.0,Climatological Mean (World Bank / FAO),4729974.0,20.64
NIC,Nicaragua,1997,65169.0,A,130974.132,41653.0,1256.3160000000005,553.485,26.93,Berkeley Earth,2280.0,Climatological Mean (World Bank / FAO),4809573.0,19.15
NIC,Nicaragua,1998,65420.0,A,186733.1,65817.942,6786.712,2415.054,27.34,Berkeley Earth,2280.0,Climatological Mean (World Bank / FAO),4883655.0,12.79
NIC,Nicaragua,1999,91791.0,A,146399.993,60491.199,3844.032,3313.795,26.35,Berkeley Earth,2280.0,Climatological Mean (World Bank / FAO),4954018.0,17.85
NIC,Nicaragua,2000,82206.0,A,173434.912,84709.99799999999,3768.924,3077.901,26.25,Berkeley Earth,2280.0,Climatological Mean (World Bank / FAO),5022633.0,28.57
NIC,Nicaragua,2001,66799.0,A,114455.085,80978.737,2629.405,1821.091,26.33,Berkeley Earth,2280.0,Climatological Mean (World Bank / FAO),5087825.0,24.49
NIC,Nicaragua,2002,60235.0,A,82193.095,58278.947,1341.72,2948.162,26.6,Berkeley Earth,2280.0,Climatological Mean (World Bank / FAO),5149909.0,25.0
NIC,Nicaragua,2003,82727.0,A,95041.664,62053.707,2685.69,5417.715,26.8,Berkeley Earth,2280.0,Climatological Mean (World Bank / FAO),5210963.0,28.88
NIC,Nicaragua,2004,57533.0,A,133276.054,81880.196,165.247,163.452,26.69,Berkeley Earth,2280.0,Climatological Mean (World Bank / FAO),5272912.0,38.23
NIC,Nicaragua,2005,95455.0,A,137761.718,60168.81,2900.833,3436.2630000000004,26.76,Berkeley Earth,2280.0,Climatological Mean (World Bank / FAO),5342105.0,54.49
NIC,Nicaragua,2006,70455.0,A,219728.844,87071.754,3305.429,3209.831,26.74,Berkeley Earth,2280.0,Climatological Mean (World Bank / FAO),5418855.0,65.18
NIC,Nicaragua,2007,100000.0,A,214892.474,76913.538,3130.38,2884.6,26.7,Berkeley Earth,2280.0,Climatological Mean (World Bank / FAO),5497243.0,72.58
NIC,Nicaragua,2008,75957.0,A,296663.555,97107.593,1634.465,859.486,26.23,Berkeley Earth,2280.0,Climatological Mean (World Bank / FAO),5576593.0,97.02
NIC,Nicaragua,2009,92204.55,A,258378.783,84007.117,3207.6290000000004,2794.069,26.64,Berkeley Earth,2280.0,Climatological Mean (World Bank / FAO),5656601.0,61.56
NIC,Nicaragua,2010,78712.27,A,369582.425,106163.123,2525.477,1929.382,26.44,Berkeley Earth,2280.0,Climatological Mean (World Bank / FAO),5737450.0,79.45
NIC,Nicaragua,2011,103881.73,A,492497.649,91644.378,5657.878,2480.991,26.45,Berkeley Earth,2280.0,Climatological Mean (World Bank / FAO),5819051.0,111.18
NIC,Nicaragua,2012,86943.73,A,573391.941,121816.211,5515.714,2476.645,26.6,Berkeley Earth,2280.0,Climatological Mean (World Bank / FAO),5901287.0,111.61
NIC,Nicaragua,2013,84146.33,A,359317.89099999995,99937.099,1727.575,907.767,26.81,Berkeley Earth,2280.0,Climatological Mean (World Bank / FAO),5983845.0,108.62
NIC,Nicaragua,2014,86089.58,A,436994.642,114969.539,1521.577,688.692,26.93,Berkeley Earth,2280.0,Climatological Mean (World Bank / FAO),6066492.0,98.97
NIC,Nicaragua,2015,95254.51,A,421654.203,106288.076,1412.254,723.114,27.34,Berkeley Earth,2280.0,Climatological Mean (World Bank / FAO),6149417.0,52.38
NIC,Nicaragua,2016,122470.09,A,421251.189,118782.786,2834.442,1756.058,27.09,Berkeley Earth,2280.0,Climatological Mean (World Bank / FAO),6232666.0,43.63
NIC,Nicaragua,2017,128111.06,A,518836.606,147728.124,721.0409999999999,461.49,24.19,ERA5 (Open-Meteo),2280.0,Climatological Mean (World Bank / FAO),6316231.0,54.22
NIC,Nicaragua,2018,141931.0,A,449996.685,141078.062,1.922,0.175,23.98,ERA5 (Open-Meteo),2280.0,Climatological Mean (World Bank / FAO),6400080.0,71.12
NIC,Nicaragua,2019,156902.0,A,492186.727,174436.508,0.044,0.011,24.56,ERA5 (Open-Meteo),2280.0,Climatological Mean (World Bank / FAO),6483657.0,64.38
NIC,Nicaragua,2020,154409.87,A,476177.467,152532.14,131.44799999999998,37.596,24.59,ERA5 (Open-Meteo),2280.0,Climatological Mean (World Bank / FAO),6565267.0,41.89
NIC,Nicaragua,2021,165558.38,A,568215.652,161550.787,216.204,50.925,24.05,ERA5 (Open-Meteo),2280.0,Climatological Mean (World Bank / FAO),6644741.0,70.68
NIC,Nicaragua,2022,170180.53,A,782700.8910000001,166270.94499999998,358.375,75.154,23.76,ERA5 (Open-Meteo),2280.0,Climatological Mean (World Bank / FAO),6730654.0,100.98
NIC,Nicaragua,2023,143336.66,A,694399.285,146438.383,322.35799999999995,98.541,24.64,ERA5 (Open-Meteo),2280.0,Climatological Mean (World Bank / FAO),6823613.0,82.5
NGA,Nigeria,1995,3090.0,A,2135.037,850.515,11.869,2.5620000000000003,27.32,Berkeley Earth,1150.0,Climatological Mean (World Bank / FAO),110819428.0,17.03
NGA,Nigeria,1996,3780.0,A,2071.155,1192.722,657.365,314.877,27.35,Berkeley Earth,1150.0,Climatological Mean (World Bank / FAO),113754779.0,20.64
NGA,Nigeria,1997,3700.0,A,2012.6600000000003,878.062,65.31700000000001,77.99,27.33,Berkeley Earth,1150.0,Climatological Mean (World Bank / FAO),116754792.0,19.15
NGA,Nigeria,1998,3700.0,A,1208.923,604.298,194.204,55.606,27.81,Berkeley Earth,1150.0,Climatological Mean (World Bank / FAO),119846254.0,12.79
NGA,Nigeria,1999,3750.0,A,880.512,537.297,444.903,104.99,27.53,Berkeley Earth,1150.0,Climatological Mean (World Bank / FAO),123047320.0,17.85
NGA,Nigeria,2000,3830.0,A,444.206,402.0,109.253,146.045,27.14,Berkeley Earth,1150.0,Climatological Mean (World Bank / FAO),126382494.0,28.57
NGA,Nigeria,2001,3850.0,A,506.224,491.594,240.598,348.688,27.22,Berkeley Earth,1150.0,Climatological Mean (World Bank / FAO),129862595.0,24.49
NGA,Nigeria,2002,4100.0,A,340.353,315.47,372.557,682.136,27.61,Berkeley Earth,1150.0,Climatological Mean (World Bank / FAO),133471989.0,25.0
NGA,Nigeria,2003,4360.0,A,811.882,527.687,1536.363,272.02,27.71,Berkeley Earth,1150.0,Climatological Mean (World Bank / FAO),137202644.0,28.88
NGA,Nigeria,2004,4660.0,A,285.006,254.846,95.265,20.941,27.65,Berkeley Earth,1150.0,Climatological Mean (World Bank / FAO),141057045.0,38.23
NGA,Nigeria,2005,4990.0,A,751.311,436.336,236.556,102.01,27.97,Berkeley Earth,1150.0,Climatological Mean (World Bank / FAO),145017253.0,54.49
NGA,Nigeria,2006,5340.0,A,3145.1620000000003,1762.365,90.737,35.64,27.89,Berkeley Earth,1150.0,Climatological Mean (World Bank / FAO),149077334.0,65.18
NGA,Nigeria,2007,2520.0,X,2392.472,1034.285,1268.66,552.421,27.78,Berkeley Earth,1150.0,Climatological Mean (World Bank / FAO),153267261.0,72.58
NGA,Nigeria,2008,3000.0,X,288.155,112.573,350.128,88.42699999999999,27.52,Berkeley Earth,1150.0,Climatological Mean (World Bank / FAO),157595014.0,97.02
NGA,Nigeria,2009,2040.0,X,141.235,38.835,43.003,4.969,27.97,Berkeley Earth,1150.0,Climatological Mean (World Bank / FAO),162049464.0,61.56
NGA,Nigeria,2010,2400.0,X,581.095,179.482,92.0,7.747,28.01,Berkeley Earth,1150.0,Climatological Mean (World Bank / FAO),166642886.0,79.45
NGA,Nigeria,2011,2524.57,I,797.0129999999999,114.128,92.548,190.132,27.63,Berkeley Earth,1150.0,Climatological Mean (World Bank / FAO),171379598.0,111.18
NGA,Nigeria,2012,2416.92,I,1197.174,393.977,240.063,124.574,27.5,Berkeley Earth,1150.0,Climatological Mean (World Bank / FAO),176200625.0,111.61
NGA,Nigeria,2013,2100.0,X,151.426,116.139,344.78,317.732,27.75,Berkeley Earth,1150.0,Climatological Mean (World Bank / FAO),181049443.0,108.62
NGA,Nigeria,2014,1972.17,I,266.462,85.262,416.9,117.663,27.65,Berkeley Earth,1150.0,Climatological Mean (World Bank / FAO),185896915.0,98.97
NGA,Nigeria,2015,1754.52,I,398.713,142.95499999999998,1300.216,321.245,27.75,Berkeley Earth,1150.0,Climatological Mean (World Bank / FAO),190671878.0,52.38
NGA,Nigeria,2016,1942.23,E,392.7720000000001,76.457,1813.875,516.842,27.98,Berkeley Earth,1150.0,Climatological Mean (World Bank / FAO),195443700.0,43.63
NGA,Nigeria,2017,1889.64,E,468.745,153.02700000000002,1048.661,300.247,24.68,ERA5 (Open-Meteo),1150.0,Climatological Mean (World Bank / FAO),200254579.0,54.22
NGA,Nigeria,2018,1862.13,E,54.398,23.419,530.171,1272.697,24.22,ERA5 (Open-Meteo),1150.0,Climatological Mean (World Bank / FAO),204938755.0,71.12
NGA,Nigeria,2019,1852.02,I,179.421,112.63,465.866,585.129,24.17,ERA5 (Open-Meteo),1150.0,Climatological Mean (World Bank / FAO),209485641.0,64.38
NGA,Nigeria,2020,1806.08,I,1727.863,991.846,1017.36,596.865,23.63,ERA5 (Open-Meteo),1150.0,Climatological Mean (World Bank / FAO),213996181.0,41.89
NGA,Nigeria,2021,1798.95,I,238.756,155.357,1628.675,489.258,23.88,ERA5 (Open-Meteo),1150.0,Climatological Mean (World Bank / FAO),218529286.0,70.68
NGA,Nigeria,2022,1819.02,E,41.706,9.127,1165.335,450.044,23.22,ERA5 (Open-Meteo),1150.0,Climatological Mean (World Bank / FAO),223150896.0,100.98
NGA,Nigeria,2023,1808.01,E,103.699,74.539,5395.243,2675.816,23.92,ERA5 (Open-Meteo),1150.0,Climatological Mean (World Bank / FAO),227882945.0,82.5
NGA,Nigeria,2024,1808.66,E,134.273,25.235,2011.845,809.497,24.11,ERA5 (Open-Meteo),1150.0,Climatological Mean (World Bank / FAO),232679478.0,80.55
PAN,Panama,1995,11702.0,A,44405.202000000005,12508.087,258.705,143.877,26.72,Berkeley Earth,2928.0,Climatological Mean (World Bank / FAO),2724557.0,17.03
PAN,Panama,1996,11113.0,A,26484.404,9928.675,2160.665,1039.937,26.48,Berkeley Earth,2928.0,Climatological Mean (World Bank / FAO),2780227.0,20.64
PAN,Panama,1997,10527.0,A,29997.613,8614.333999999999,3370.808,1470.523,27.26,Berkeley Earth,2928.0,Climatological Mean (World Bank / FAO),2836695.0,19.15
PAN,Panama,1998,11435.0,A,32587.587,9771.274,2061.609,1118.097,27.32,Berkeley Earth,2928.0,Climatological Mean (World Bank / FAO),2893914.0,12.79
PAN,Panama,1999,12024.0,A,26439.047,10337.519,2474.282,1079.427,26.27,Berkeley Earth,2928.0,Climatological Mean (World Bank / FAO),2951822.0,17.85
PAN,Panama,2000,10255.0,A,18808.329,9383.979,233.767,272.414,26.51,Berkeley Earth,2928.0,Climatological Mean (World Bank / FAO),3010369.0,28.57
PAN,Panama,2001,15074.0,A,13720.094,8752.073,1743.5189999999998,1498.593,26.61,Berkeley Earth,2928.0,Climatological Mean (World Bank / FAO),3069537.0,24.49
PAN,Panama,2002,11390.0,A,11778.236,8080.361000000001,1709.375,1623.712,27.09,Berkeley Earth,2928.0,Climatological Mean (World Bank / FAO),3129344.0,25.0
PAN,Panama,2003,11586.5,A,16044.491999999998,10844.704000000002,4881.559,3767.247,27.11,Berkeley Earth,2928.0,Climatological Mean (World Bank / FAO),3189807.0,28.88
PAN,Panama,2004,12778.8,A,13971.085,8624.057,10299.754,6474.658,26.96,Berkeley Earth,2928.0,Climatological Mean (World Bank / FAO),3251155.0,38.23
PAN,Panama,2005,13153.0,A,16953.496000000003,6344.201,4201.983,2024.472,26.92,Berkeley Earth,2928.0,Climatological Mean (World Bank / FAO),3313026.0,54.49
PAN,Panama,2006,12844.0,A,17673.206,6409.348,4944.464999999999,2233.216,26.93,Berkeley Earth,2928.0,Climatological Mean (World Bank / FAO),3375024.0,65.18
PAN,Panama,2007,13790.0,A,20204.7,6560.822,4969.628,1966.065,26.9,Berkeley Earth,2928.0,Climatological Mean (World Bank / FAO),3437490.0,72.58
PAN,Panama,2008,13324.0,A,22571.473,7781.853999999999,995.066,189.925,26.66,Berkeley Earth,2928.0,Climatological Mean (World Bank / FAO),3500648.0,97.02
PAN,Panama,2009,12961.0,A,13627.691,3635.991,155.081,43.482,27.16,Berkeley Earth,2928.0,Climatological Mean (World Bank / FAO),3564381.0,61.56
PAN,Panama,2010,12470.0,A,15300.65,3650.775,116.731,82.21199999999999,26.93,Berkeley Earth,2928.0,Climatological Mean (World Bank / FAO),3628535.0,79.45
PAN,Panama,2011,9826.0,A,14580.094,2918.855,1575.2140000000002,498.85,26.6,Berkeley Earth,2928.0,Climatological Mean (World Bank / FAO),3693505.0,111.18
PAN,Panama,2012,10049.0,A,17851.221999999998,2824.992,3289.43,1279.517,26.89,Berkeley Earth,2928.0,Climatological Mean (World Bank / FAO),3759256.0,111.61
PAN,Panama,2013,7096.0,A,15221.575,2709.873,3268.3160000000003,1215.169,26.96,Berkeley Earth,2928.0,Climatological Mean (World Bank / FAO),3825329.0,108.62
PAN,Panama,2014,6688.0,A,19172.18,3065.265,2875.437,1261.086,27.1,Berkeley Earth,2928.0,Climatological Mean (World Bank / FAO),3892101.0,98.97
PAN,Panama,2015,7464.0,A,18335.791,2456.882,6567.147,2499.193,27.51,Berkeley Earth,2928.0,Climatological Mean (World Bank / FAO),3960035.0,52.38
PAN,Panama,2016,6135.0,A,16141.237,3212.8590000000004,5552.55,2141.52,27.17,Berkeley Earth,2928.0,Climatological Mean (World Bank / FAO),4029086.0,43.63
PAN,Panama,2017,6588.0,A,17541.0,2555.686,7008.924999999999,2976.981,25.41,ERA5 (Open-Meteo),2928.0,Climatological Mean (World Bank / FAO),4098707.0,54.22
PAN,Panama,2018,5579.0,A,14545.448,1685.329,4632.988,2274.571,25.16,ERA5 (Open-Meteo),2928.0,Climatological Mean (World Bank / FAO),4167860.0,71.12
PAN,Panama,2019,8371.0,A,20152.319,2447.058,5111.18,2163.598,25.54,ERA5 (Open-Meteo),2928.0,Climatological Mean (World Bank / FAO),4234700.0,64.38
PAN,Panama,2020,6254.0,A,20526.259,2386.0420000000004,4902.919000000001,2106.728,25.5,ERA5 (Open-Meteo),2928.0,Climatological Mean (World Bank / FAO),4293261.0,41.89
PAN,Panama,2021,6020.0,A,22726.514,1549.792,7037.459,2311.108,25.07,ERA5 (Open-Meteo),2928.0,Climatological Mean (World Bank / FAO),4345405.0,70.68
PAN,Panama,2022,6189.06,I,23596.61,1573.762,18743.98,4650.278,24.89,ERA5 (Open-Meteo),2928.0,Climatological Mean (World Bank / FAO),4400773.0,100.98
PAN,Panama,2023,6445.13,I,27352.362,1798.33,17271.015,5232.531,25.83,ERA5 (Open-Meteo),2928.0,Climatological Mean (World Bank / FAO),4458759.0,82.5
PAN,Panama,2024,6318.02,I,26368.376,1641.643,17914.046,3863.216,25.79,ERA5 (Open-Meteo),2928.0,Climatological Mean (World Bank / FAO),4515577.0,80.55
PNG,Papua New Guinea,1995,59589.0,A,257602.767,70068.11,31.654,3.75,25.28,Berkeley Earth,3142.0,Climatological Mean (World Bank / FAO),4644278.0,17.03
PNG,Papua New Guinea,1996,65091.0,A,176931.299,67262.746,15.208,1.437,25.34,Berkeley Earth,3142.0,Climatological Mean (World Bank / FAO),4813361.0,20.64
PNG,Papua New Guinea,1997,64524.0,A,240305.884,58546.501,26.818,3.151,25.02,Berkeley Earth,3142.0,Climatological Mean (World Bank / FAO),4987883.0,19.15
PNG,Papua New Guinea,1998,80940.0,A,315961.438,109011.911,14.835,0.954,25.66,Berkeley Earth,3142.0,Climatological Mean (World Bank / FAO),5166390.0,12.79
PNG,Papua New Guinea,1999,83040.0,A,184146.352,83629.94600000001,613.742,149.644,25.22,Berkeley Earth,3142.0,Climatological Mean (World Bank / FAO),5349333.0,17.85
PNG,Papua New Guinea,2000,83000.0,X,156163.64800000002,79613.361,37.307,186.834,25.15,Berkeley Earth,3142.0,Climatological Mean (World Bank / FAO),5537064.0,28.57
PNG,Papua New Guinea,2001,63720.0,A,85385.331,62710.586,145.43699999999998,50.326,25.32,Berkeley Earth,3142.0,Climatological Mean (World Bank / FAO),5728435.0,24.49
PNG,Papua New Guinea,2002,65100.0,A,118981.102,100930.076,73.332,26.406,25.35,Berkeley Earth,3142.0,Climatological Mean (World Bank / FAO),5924003.0,25.0
PNG,Papua New Guinea,2003,69300.0,A,108207.869,84397.94099999999,92.634,17.081,25.33,Berkeley Earth,3142.0,Climatological Mean (World Bank / FAO),6123997.0,28.88
PNG,Papua New Guinea,2004,59820.0,A,98160.423,68448.36600000001,324.116,252.2,25.18,Berkeley Earth,3142.0,Climatological Mean (World Bank / FAO),6328041.0,38.23
PNG,Papua New Guinea,2005,76080.0,A,148546.524,73723.42,,,25.41,Berkeley Earth,3142.0,Climatological Mean (World Bank / FAO),6535905.0,54.49
PNG,Papua New Guinea,2006,48420.0,A,139542.491,58211.125,44.592,19.424,25.17,Berkeley Earth,3142.0,Climatological Mean (World Bank / FAO),6747720.0,65.18
PNG,Papua New Guinea,2007,58080.0,A,136372.171,49963.745,,,25.27,Berkeley Earth,3142.0,Climatological Mean (World Bank / FAO),6963345.0,72.58
PNG,Papua New Guinea,2008,61680.0,A,200525.339,68919.534,272.596,86.15100000000001,25.19,Berkeley Earth,3142.0,Climatological Mean (World Bank / FAO),7183002.0,97.02
PNG,Papua New Guinea,2009,60240.0,A,176380.68300000002,60474.412,0.98,0.643,25.28,Berkeley Earth,3142.0,Climatological Mean (World Bank / FAO),7406438.0,61.56
PNG,Papua New Guinea,2010,52220.0,A,215804.859,60215.593,211.685,66.46600000000001,25.76,Berkeley Earth,3142.0,Climatological Mean (World Bank / FAO),7633523.0,79.45
PNG,Papua New Guinea,2011,84870.0,A,352911.389,66326.31199999999,105.093,40.634,25.24,Berkeley Earth,3142.0,Climatological Mean (World Bank / FAO),7859346.0,111.18
PNG,Papua New Guinea,2012,43620.0,A,278679.68,64929.62,170.746,22.069,25.21,Berkeley Earth,3142.0,Climatological Mean (World Bank / FAO),8081390.0,111.61
PNG,Papua New Guinea,2013,49680.0,A,147639.087,45222.606,269.973,48.623,25.58,Berkeley Earth,3142.0,Climatological Mean (World Bank / FAO),8302698.0,108.62
PNG,Papua New Guinea,2014,56893.36,I,182938.529,47421.869,196.774,26.867,25.34,Berkeley Earth,3142.0,Climatological Mean (World Bank / FAO),8523441.0,98.97
PNG,Papua New Guinea,2015,57982.28,I,150198.673,39565.144,304.874,93.055,25.37,Berkeley Earth,3142.0,Climatological Mean (World Bank / FAO),8743246.0,52.38
PNG,Papua New Guinea,2016,53719.27,I,175114.302,51732.283,482.649,47.429,26.04,Berkeley Earth,3142.0,Climatological Mean (World Bank / FAO),8961718.0,43.63
PNG,Papua New Guinea,2017,46980.0,X,154294.479,44800.534,797.7449999999999,32.324000000000005,27.05,ERA5 (Open-Meteo),3142.0,Climatological Mean (World Bank / FAO),9178714.0,54.22
PNG,Papua New Guinea,2018,53160.0,X,156570.222,48737.267,537.831,42.811,26.87,ERA5 (Open-Meteo),3142.0,Climatological Mean (World Bank / FAO),9394513.0,71.12
PNG,Papua New Guinea,2019,45129.0,A,142292.772,47566.04,826.7189999999999,189.08,26.72,ERA5 (Open-Meteo),3142.0,Climatological Mean (World Bank / FAO),9609010.0,64.38
PNG,Papua New Guinea,2020,40500.0,A,124025.344,38736.212,42.779,9.445,27.1,ERA5 (Open-Meteo),3142.0,Climatological Mean (World Bank / FAO),9815746.0,41.89
PNG,Papua New Guinea,2021,47880.0,X,165757.802,41068.636,17.787,27.948,27.02,ERA5 (Open-Meteo),3142.0,Climatological Mean (World Bank / FAO),10012896.0,70.68
PNG,Papua New Guinea,2022,40800.0,X,233363.138,42544.358,21.661,13.705,26.92,ERA5 (Open-Meteo),3142.0,Climatological Mean (World Bank / FAO),10203169.0,100.98
PNG,Papua New Guinea,2023,58800.0,X,240797.425,53350.514,841.628,158.67699999999996,27.32,ERA5 (Open-Meteo),3142.0,Climatological Mean (World Bank / FAO),10389635.0,82.5
PNG,Papua New Guinea,2024,50400.0,X,248195.353,53351.042,78.701,5.152,27.87,ERA5 (Open-Meteo),3142.0,Climatological Mean (World Bank / FAO),10576502.0,80.55
PRY,Paraguay,1995,4008.0,A,1040.925,324.531,2663.016,892.5699999999999,23.83,Berkeley Earth,1130.0,Climatological Mean (World Bank / FAO),4579806.0,17.03
PRY,Paraguay,1996,4024.0,A,913.362,343.303,2346.376,1084.98,23.32,Berkeley Earth,1130.0,Climatological Mean (World Bank / FAO),4687543.0,20.64
PRY,Paraguay,1997,4823.0,A,2128.666,698.403,2899.822,1355.3,24.3,Berkeley Earth,1130.0,Climatological Mean (World Bank / FAO),4794412.0,19.15
PRY,Paraguay,1998,4752.0,A,1344.232,361.288,1540.39,689.751,23.32,Berkeley Earth,1130.0,Climatological Mean (World Bank / FAO),4900025.0,12.79
PRY,Paraguay,1999,4726.0,A,276.697,222.724,1265.415,855.1890000000001,23.47,Berkeley Earth,1130.0,Climatological Mean (World Bank / FAO),5003135.0,17.85
PRY,Paraguay,2000,3586.0,A,423.209,306.289,192.625,152.704,23.47,Berkeley Earth,1130.0,Climatological Mean (World Bank / FAO),5100868.0,28.57
PRY,Paraguay,2001,2751.0,A,38.819,36.0,355.01,509.965,24.06,Berkeley Earth,1130.0,Climatological Mean (World Bank / FAO),5187689.0,24.49
PRY,Paraguay,2002,2434.0,A,,,126.239,235.973,24.7,Berkeley Earth,1130.0,Climatological Mean (World Bank / FAO),5261328.0,25.0
PRY,Paraguay,2003,3085.0,A,100.408,121.8,1177.954,1388.067,24.19,Berkeley Earth,1130.0,Climatological Mean (World Bank / FAO),5326436.0,28.88
PRY,Paraguay,2004,3353.0,A,76.874,59.952,1435.289,1587.525,23.77,Berkeley Earth,1130.0,Climatological Mean (World Bank / FAO),5388175.0,38.23
PRY,Paraguay,2005,2900.0,A,214.931,134.278,1371.785,1469.4,23.93,Berkeley Earth,1130.0,Climatological Mean (World Bank / FAO),5448097.0,54.49
PRY,Paraguay,2006,3040.0,A,110.063,74.46,1402.235,1126.04,24.38,Berkeley Earth,1130.0,Climatological Mean (World Bank / FAO),5505148.0,65.18
PRY,Paraguay,2007,3100.0,E,248.85,123.18099999999998,2365.253,1363.342,23.58,Berkeley Earth,1130.0,Climatological Mean (World Bank / FAO),5559386.0,72.58
PRY,Paraguay,2008,273.0,A,0.08,0.021,1459.799,615.533,23.77,Berkeley Earth,1130.0,Climatological Mean (World Bank / FAO),5613574.0,97.02
PRY,Paraguay,2009,281.0,A,68.14099999999999,24.332,991.329,539.504,24.28,Berkeley Earth,1130.0,Climatological Mean (World Bank / FAO),5671236.0,61.56
PRY,Paraguay,2010,370.0,A,,,1309.43,635.731,23.67,Berkeley Earth,1130.0,Climatological Mean (World Bank / FAO),5737971.0,79.45
PRY,Paraguay,2011,370.0,A,17.296,2.827,1233.6180000000002,450.609,23.94,Berkeley Earth,1130.0,Climatological Mean (World Bank / FAO),5814626.0,111.18
PRY,Paraguay,2012,370.0,A,838.216,184.271,1333.161,450.515,24.41,Berkeley Earth,1130.0,Climatological Mean (World Bank / FAO),5897008.0,111.61
PRY,Paraguay,2013,382.0,A,70.057,19.305,989.453,402.548,23.73,Berkeley Earth,1130.0,Climatological Mean (World Bank / FAO),5982445.0,108.62
PRY,Paraguay,2014,386.0,A,2.134,0.927,1395.021,616.935,24.53,Berkeley Earth,1130.0,Climatological Mean (World Bank / FAO),6069811.0,98.97
PRY,Paraguay,2015,395.0,A,,,773.01,376.08,24.8,Berkeley Earth,1130.0,Climatological Mean (World Bank / FAO),6159103.0,52.38
PRY,Paraguay,2016,395.0,A,,,1551.757,650.1179999999999,23.53,Berkeley Earth,1130.0,Climatological Mean (World Bank / FAO),6249126.0,43.63
PRY,Paraguay,2017,442.0,A,0.214,0.071,2432.114,872.751,24.86,ERA5 (Open-Meteo),1130.0,Climatological Mean (World Bank / FAO),6338660.0,54.22
PRY,Paraguay,2018,441.0,A,,,1976.73,918.13,24.04,ERA5 (Open-Meteo),1130.0,Climatological Mean (World Bank / FAO),6427382.0,71.12
PRY,Paraguay,2019,399.0,A,,,1215.607,695.769,24.9,ERA5 (Open-Meteo),1130.0,Climatological Mean (World Bank / FAO),6515058.0,64.38
PRY,Paraguay,2020,381.0,A,2.956,0.943,1381.332,866.583,25.05,ERA5 (Open-Meteo),1130.0,Climatological Mean (World Bank / FAO),6603739.0,41.89
PRY,Paraguay,2021,388.0,A,0.6890000000000001,0.096,1519.962,643.567,24.6,ERA5 (Open-Meteo),1130.0,Climatological Mean (World Bank / FAO),6684182.0,70.68
PRY,Paraguay,2022,394.55,I,1.335,0.142,2379.8,635.275,24.39,ERA5 (Open-Meteo),1130.0,Climatological Mean (World Bank / FAO),6760464.0,100.98
PRY,Paraguay,2023,361.58,I,5.532,4.7860000000000005,2105.021,658.7850000000001,25.88,ERA5 (Open-Meteo),1130.0,Climatological Mean (World Bank / FAO),6844146.0,82.5
PRY,Paraguay,2024,363.19,I,4.962,4.76,2554.78,666.8409999999999,26.07,ERA5 (Open-Meteo),1130.0,Climatological Mean (World Bank / FAO),6929153.0,80.55
PER,Peru,1995,96697.0,A,308897.08900000004,108268.238,6.153,0.891,20.59,Berkeley Earth,1738.0,Climatological Mean (World Bank / FAO),24348919.0,17.03
PER,Peru,1996,106520.0,A,249912.728,106686.055,714.012,273.624,20.01,Berkeley Earth,1738.0,Climatological Mean (World Bank / FAO),24811171.0,20.64
PER,Peru,1997,133296.0,A,407086.829,101646.614,55.373,34.5,20.9,Berkeley Earth,1738.0,Climatological Mean (World Bank / FAO),25274147.0,19.15
PER,Peru,1998,144763.0,A,315932.68700000003,120122.943,737.5550000000001,423.95,21.09,Berkeley Earth,1738.0,Climatological Mean (World Bank / FAO),25738095.0,12.79
PER,Peru,1999,167145.0,A,281218.821,147544.338,458.144,566.651,19.93,Berkeley Earth,1738.0,Climatological Mean (World Bank / FAO),26186504.0,17.85
PER,Peru,2000,191651.0,A,253985.243,136741.475,397.642,390.198,20.09,Berkeley Earth,1738.0,Climatological Mean (World Bank / FAO),26598331.0,28.57
PER,Peru,2001,196232.0,A,197971.365,161364.716,171.087,122.901,20.15,Berkeley Earth,1738.0,Climatological Mean (World Bank / FAO),26964601.0,24.49
PER,Peru,2002,212770.0,A,213629.83,175451.655,188.448,145.814,20.54,Berkeley Earth,1738.0,Climatological Mean (World Bank / FAO),27288217.0,25.0
PER,Peru,2003,203148.0,A,205505.327,158216.1,107.975,63.72,20.54,Berkeley Earth,1738.0,Climatological Mean (World Bank / FAO),27580490.0,28.88
PER,Peru,2004,231447.0,A,296606.699,198522.411,221.009,125.673,20.44,Berkeley Earth,1738.0,Climatological Mean (World Bank / FAO),27852190.0,38.23
PER,Peru,2005,188611.0,A,334414.07,155801.309,1834.531,1608.786,20.41,Berkeley Earth,1738.0,Climatological Mean (World Bank / FAO),28101180.0,54.49
PER,Peru,2006,273178.0,A,543723.77,239920.438,52.578,20.435,20.47,Berkeley Earth,1738.0,Climatological Mean (World Bank / FAO),28324491.0,65.18
PER,Peru,2007,225992.0,A,488366.174,188293.46,255.843,87.72999999999999,20.12,Berkeley Earth,1738.0,Climatological Mean (World Bank / FAO),28530699.0,72.58
PER,Peru,2008,273780.0,A,677083.052,231594.958,214.778,51.545,20.23,Berkeley Earth,1738.0,Climatological Mean (World Bank / FAO),28719041.0,97.02
PER,Peru,2009,243479.0,A,623730.169,205396.692,486.117,291.47700000000003,20.58,Berkeley Earth,1738.0,Climatological Mean (World Bank / FAO),28896811.0,61.56
PER,Peru,2010,264605.0,A,897499.128,235181.56,363.118,192.103,20.71,Berkeley Earth,1738.0,Climatological Mean (World Bank / FAO),29086019.0,79.45
PER,Peru,2011,331547.0,A,1503371.077,293350.932,145.989,34.878,20.41,Berkeley Earth,1738.0,Climatological Mean (World Bank / FAO),29304086.0,111.18
PER,Peru,2012,320163.56,A,1065117.491,272418.766,3194.923,1421.768,20.59,Berkeley Earth,1738.0,Climatological Mean (World Bank / FAO),29550366.0,111.61
PER,Peru,2013,256241.43,A,763872.743,247066.578,381.551,90.623,20.44,Berkeley Earth,1738.0,Climatological Mean (World Bank / FAO),29817919.0,108.62
PER,Peru,2014,222047.0,A,782166.79,197782.662,619.2059999999999,282.152,20.64,Berkeley Earth,1738.0,Climatological Mean (World Bank / FAO),30115826.0,98.97
PER,Peru,2015,251938.0,A,673027.726,191281.2,146.494,34.917,21.08,Berkeley Earth,1738.0,Climatological Mean (World Bank / FAO),30457600.0,52.38
PER,Peru,2016,277760.4,A,783659.9349999999,242978.805,315.25,29.2,21.19,Berkeley Earth,1738.0,Climatological Mean (World Bank / FAO),30866494.0,43.63
PER,Peru,2017,337330.0,A,769228.43,250468.982,419.605,180.867,4.89,ERA5 (Open-Meteo),1738.0,Climatological Mean (World Bank / FAO),31324637.0,54.22
PER,Peru,2018,369621.99,A,756281.298,268023.101,217.773,48.394,4.5,ERA5 (Open-Meteo),1738.0,Climatological Mean (World Bank / FAO),31897584.0,71.12
PER,Peru,2019,363319.59,A,709462.892,240880.239,329.334,152.282,4.8,ERA5 (Open-Meteo),1738.0,Climatological Mean (World Bank / FAO),32449303.0,64.38
PER,Peru,2020,353205.74,A,705700.451,223564.343,1431.029,608.3050000000001,4.91,ERA5 (Open-Meteo),1738.0,Climatological Mean (World Bank / FAO),32838579.0,41.89
PER,Peru,2021,363996.83,A,749427.932,195995.285,1129.185,553.241,4.63,ERA5 (Open-Meteo),1738.0,Climatological Mean (World Bank / FAO),33155882.0,70.68
PER,Peru,2022,357346.42,A,1321610.183,254574.782,253.917,41.92,4.62,ERA5 (Open-Meteo),1738.0,Climatological Mean (World Bank / FAO),33475438.0,100.98
PER,Peru,2023,366940.03,A,885203.578,207713.449,250.599,38.305,4.94,ERA5 (Open-Meteo),1738.0,Climatological Mean (World Bank / FAO),33845617.0,82.5
PER,Peru,2024,358993.78,A,1146140.061,250667.077,109.685,14.646999999999998,5.41,ERA5 (Open-Meteo),1738.0,Climatological Mean (World Bank / FAO),34217848.0,80.55
PHL,Philippines,1995,127412.0,A,9568.81,3209.181,43.391,8.687000000000001,26.94,Berkeley Earth,2348.0,Climatological Mean (World Bank / FAO),70546246.0,17.03
PHL,Philippines,1996,117226.0,A,2485.953,806.447,85.09599999999999,18.624,26.97,Berkeley Earth,2348.0,Climatological Mean (World Bank / FAO),72190242.0,20.64
PHL,Philippines,1997,120006.0,A,2002.547,811.414,6168.421,4037.773,27.06,Berkeley Earth,2348.0,Climatological Mean (World Bank / FAO),73908810.0,19.15
PHL,Philippines,1998,107802.0,A,2826.21,1173.664,19227.013000000003,12130.368,27.81,Berkeley Earth,2348.0,Climatological Mean (World Bank / FAO),75791024.0,12.79
PHL,Philippines,1999,104124.0,A,800.268,367.486,6763.436,4870.606,27.0,Berkeley Earth,2348.0,Climatological Mean (World Bank / FAO),77753257.0,17.85
PHL,Philippines,2000,107557.0,A,1043.91,500.834,13141.452,14832.759999999998,27.09,Berkeley Earth,2348.0,Climatological Mean (World Bank / FAO),79625397.0,28.57
PHL,Philippines,2001,112271.0,A,540.697,406.312,7670.657999999999,9452.138,27.15,Berkeley Earth,2348.0,Climatological Mean (World Bank / FAO),81401488.0,24.49
PHL,Philippines,2002,107080.0,A,92.191,59.90899999999999,14213.173,21826.041,27.22,Berkeley Earth,2348.0,Climatological Mean (World Bank / FAO),83068889.0,25.0
PHL,Philippines,2003,106388.0,A,488.887,334.994,20870.509,24081.536,27.12,Berkeley Earth,2348.0,Climatological Mean (World Bank / FAO),84731835.0,28.88
PHL,Philippines,2004,102865.0,A,643.6750000000001,415.208,9340.383999999998,9782.988,27.22,Berkeley Earth,2348.0,Climatological Mean (World Bank / FAO),86394504.0,38.23
PHL,Philippines,2005,105847.0,A,407.187,143.482,26934.809,24062.074,27.29,Berkeley Earth,2348.0,Climatological Mean (World Bank / FAO),88015962.0,54.49
PHL,Philippines,2006,104093.0,A,572.384,406.411,13760.308,11770.79,27.33,Berkeley Earth,2348.0,Climatological Mean (World Bank / FAO),89508986.0,65.18
PHL,Philippines,2007,97877.0,A,190.678,83.172,39919.51,23973.302,27.32,Berkeley Earth,2348.0,Climatological Mean (World Bank / FAO),91075184.0,72.58
PHL,Philippines,2008,97428.0,A,70.938,29.577,41201.758,19276.546,27.07,Berkeley Earth,2348.0,Climatological Mean (World Bank / FAO),92699095.0,97.02
PHL,Philippines,2009,96433.0,A,41.651,5.348,46716.931,33350.426,27.22,Berkeley Earth,2348.0,Climatological Mean (World Bank / FAO),94384250.0,61.56
PHL,Philippines,2010,94536.0,A,73.829,28.064,43539.356,28104.565,27.58,Berkeley Earth,2348.0,Climatological Mean (World Bank / FAO),96337125.0,79.45
PHL,Philippines,2011,88526.0,A,57.253,10.926,55423.153,24033.966000000004,27.01,Berkeley Earth,2348.0,Climatological Mean (World Bank / FAO),98248614.0,111.18
PHL,Philippines,2012,88943.0,A,201.433,75.68299999999999,69400.387,33295.914000000004,27.3,Berkeley Earth,2348.0,Climatological Mean (World Bank / FAO),100175512.0,111.61
PHL,Philippines,2013,78634.0,A,88.08099999999999,61.414,56424.394,28007.501,27.4,Berkeley Earth,2348.0,Climatological Mean (World Bank / FAO),102076336.0,108.62
PHL,Philippines,2014,75454.0,A,80.4,14.082,21517.703,11086.618,27.18,Berkeley Earth,2348.0,Climatological Mean (World Bank / FAO),103767130.0,98.97
PHL,Philippines,2015,72342.0,A,109.996,13.294,51908.371,17723.281,27.39,Berkeley Earth,2348.0,Climatological Mean (World Bank / FAO),105312992.0,52.38
PHL,Philippines,2016,68822.93,A,117.119,22.97,76129.322,42763.46,27.71,Berkeley Earth,2348.0,Climatological Mean (World Bank / FAO),106735719.0,43.63
PHL,Philippines,2017,62077.95,A,435.477,93.648,49647.976,22371.805,27.23,ERA5 (Open-Meteo),2348.0,Climatological Mean (World Bank / FAO),108119693.0,54.22
PHL,Philippines,2018,60312.76,A,385.512,119.654,81526.298,38213.519,27.22,ERA5 (Open-Meteo),2348.0,Climatological Mean (World Bank / FAO),109465287.0,71.12
PHL,Philippines,2019,60043.88,A,498.822,132.993,60139.636,34400.218,27.35,ERA5 (Open-Meteo),2348.0,Climatological Mean (World Bank / FAO),110804683.0,64.38
PHL,Philippines,2020,60640.95,A,348.858,67.831,72966.12,26356.997,27.46,ERA5 (Open-Meteo),2348.0,Climatological Mean (World Bank / FAO),112081264.0,41.89
PHL,Philippines,2021,60607.18,A,328.251,76.59299999999999,65258.933000000005,20268.116,27.36,ERA5 (Open-Meteo),2348.0,Climatological Mean (World Bank / FAO),113100950.0,70.68
PHL,Philippines,2022,59962.36,I,255.682,38.995000000000005,109323.996,24297.212,27.43,ERA5 (Open-Meteo),2348.0,Climatological Mean (World Bank / FAO),113964338.0,100.98
PHL,Philippines,2023,60000.0,E,661.476,111.534,124296.264,28165.902,27.55,ERA5 (Open-Meteo),2348.0,Climatological Mean (World Bank / FAO),114891199.0,82.5
PHL,Philippines,2024,64000.0,E,382.114,52.217,201147.643,51352.97,27.78,ERA5 (Open-Meteo),2348.0,Climatological Mean (World Bank / FAO),115843670.0,80.55
PRI,Puerto Rico,1995,12701.0,A,,,,,,,,,,17.03
PRI,Puerto Rico,1996,12175.0,A,,,,,,,,,,20.64
PRI,Puerto Rico,1997,11567.0,A,,,,,,,,,,19.15
PRI,Puerto Rico,1998,13393.0,A,,,,,,,,,,12.79
PRI,Puerto Rico,1999,7000.0,A,,,,,,,,,,17.85
PRI,Puerto Rico,2000,8250.0,A,,,,,,,,,,28.57
PRI,Puerto Rico,2001,8650.0,A,,,,,,,,,,24.49
PRI,Puerto Rico,2002,7600.0,A,,,,,,,,,,25.0
PRI,Puerto Rico,2003,9308.0,A,,,,,,,,,,28.88
PRI,Puerto Rico,2004,10206.0,A,,,,,,,,,,38.23
PRI,Puerto Rico,2005,7938.0,A,,,,,,,,,,54.49
PRI,Puerto Rico,2006,7323.2,I,,,,,,,,,,65.18
PRI,Puerto Rico,2007,6833.48,I,,,,,,,,,,72.58
PRI,Puerto Rico,2008,6683.26,I,,,,,,,,,,97.02
PRI,Puerto Rico,2009,6337.28,I,,,,,,,,,,61.56
PRI,Puerto Rico,2010,6058.22,I,,,,,,,,,,79.45
PRI,Puerto Rico,2011,5737.88,I,,,,,,,,,,111.18
PRI,Puerto Rico,2012,5760.0,A,,,,,,,,,,111.61
PRI,Puerto Rico,2013,4880.9,I,,,,,,,,,,108.62
PRI,Puerto Rico,2014,4674.4,A,,,,,,,,,,98.97
PRI,Puerto Rico,2015,3369.05,A,,,,,,,,,,52.38
PRI,Puerto Rico,2016,3120.43,I,,,,,,,,,,43.63
PRI,Puerto Rico,2017,1800.0,E,,,,,,,,,,54.22
PRI,Puerto Rico,2018,975.0,A,,,,,,,,,,71.12
PRI,Puerto Rico,2019,1820.06,I,,,,,,,,,,64.38
PRI,Puerto Rico,2020,1950.76,I,,,,,,,,,,41.89
PRI,Puerto Rico,2021,1862.42,I,,,,,,,,,,70.68
PRI,Puerto Rico,2022,2740.0,A,,,,,,,,,,100.98
PRI,Puerto Rico,2023,1468.77,I,,,,,,,,,,82.5
PRI,Puerto Rico,2024,635.99,I,,,,,,,,,,80.55
RWA,Rwanda,1995,21952.0,A,35784.094,10189.464,,,20.08,Berkeley Earth,1212.0,Climatological Mean (World Bank / FAO),5674118.0,17.03
RWA,Rwanda,1996,15285.0,A,56197.578,21837.107,,,19.67,Berkeley Earth,1212.0,Climatological Mean (World Bank / FAO),6708764.0,20.64
RWA,Rwanda,1997,14830.0,A,47377.310000000005,19886.964,100.983,39.511,20.33,Berkeley Earth,1212.0,Climatological Mean (World Bank / FAO),7755238.0,19.15
RWA,Rwanda,1998,14268.0,A,42067.346,26143.652,2184.194,76.304,20.23,Berkeley Earth,1212.0,Climatological Mean (World Bank / FAO),8081681.0,12.79
RWA,Rwanda,1999,18800.0,A,56318.348,31268.695,36.128,29.699,19.57,Berkeley Earth,1212.0,Climatological Mean (World Bank / FAO),8147912.0,17.85
RWA,Rwanda,2000,16098.0,A,33133.709,18629.421,16.898,18.679,19.99,Berkeley Earth,1212.0,Climatological Mean (World Bank / FAO),8213931.0,28.57
RWA,Rwanda,2001,18366.0,A,30575.065,28266.249,665.053,952.953,19.83,Berkeley Earth,1212.0,Climatological Mean (World Bank / FAO),8287094.0,24.49
RWA,Rwanda,2002,19427.0,A,19673.164,15442.109,200.178,201.603,20.21,Berkeley Earth,1212.0,Climatological Mean (World Bank / FAO),8400180.0,25.0
RWA,Rwanda,2003,13805.0,A,28571.626,25424.559,0.684,0.097,20.22,Berkeley Earth,1212.0,Climatological Mean (World Bank / FAO),8586875.0,28.88
RWA,Rwanda,2004,20017.0,A,60898.281,42182.89,139.52499999999998,281.818,20.26,Berkeley Earth,1212.0,Climatological Mean (World Bank / FAO),8816844.0,38.23
RWA,Rwanda,2005,18597.0,A,46660.677,23232.462,0.314,0.052,20.99,Berkeley Earth,1212.0,Climatological Mean (World Bank / FAO),9054528.0,54.49
RWA,Rwanda,2006,22223.0,A,58219.168,25471.253,174.979,263.65500000000003,20.53,Berkeley Earth,1212.0,Climatological Mean (World Bank / FAO),9299246.0,65.18
RWA,Rwanda,2007,14683.0,A,58311.731,24254.664,119.616,228.176,20.21,Berkeley Earth,1212.0,Climatological Mean (World Bank / FAO),9549933.0,72.58
RWA,Rwanda,2008,20724.0,A,70981.936,25653.923,1557.198,1009.26,20.15,Berkeley Earth,1212.0,Climatological Mean (World Bank / FAO),9804269.0,97.02
RWA,Rwanda,2009,19371.89,A,66244.593,22100.534,0.532,0.53,20.37,Berkeley Earth,1212.0,Climatological Mean (World Bank / FAO),10060432.0,61.56
RWA,Rwanda,2010,19319.0,A,82699.602,24552.785,8.164,6.079,20.82,Berkeley Earth,1212.0,Climatological Mean (World Bank / FAO),10317553.0,79.45
RWA,Rwanda,2011,21820.4,A,84488.813,15491.29,10.094,9.04,20.13,Berkeley Earth,1212.0,Climatological Mean (World Bank / FAO),10573733.0,111.18
RWA,Rwanda,2012,19995.0,A,72721.33,15505.392,163.57199999999995,39.904,20.16,Berkeley Earth,1212.0,Climatological Mean (World Bank / FAO),10829901.0,111.61
RWA,Rwanda,2013,18346.0,A,51529.365,14359.41,22.772,61.387,20.23,Berkeley Earth,1212.0,Climatological Mean (World Bank / FAO),11093340.0,108.62
RWA,Rwanda,2014,16379.0,A,61160.306,15826.819,20.066000000000003,55.965,20.32,Berkeley Earth,1212.0,Climatological Mean (World Bank / FAO),11364757.0,98.97
RWA,Rwanda,2015,21808.0,A,58366.344,14210.592,146.788,1153.8,20.46,Berkeley Earth,1212.0,Climatological Mean (World Bank / FAO),11640022.0,52.38
RWA,Rwanda,2016,24689.41,I,56468.277,14570.689,288.213,822.1709999999999,20.71,Berkeley Earth,1212.0,Climatological Mean (World Bank / FAO),11919183.0,43.63
RWA,Rwanda,2017,31717.52,A,64929.828,15628.75,32.225,271.896,20.02,ERA5 (Open-Meteo),1212.0,Climatological Mean (World Bank / FAO),12202060.0,54.22
RWA,Rwanda,2018,38643.34,A,68665.043,20309.714,572.038,648.29,19.11,ERA5 (Open-Meteo),1212.0,Climatological Mean (World Bank / FAO),12487996.0,71.12
RWA,Rwanda,2019,29366.01,A,81185.986,26534.216,41.468,58.969,19.81,ERA5 (Open-Meteo),1212.0,Climatological Mean (World Bank / FAO),12776103.0,64.38
RWA,Rwanda,2020,20459.0,A,70769.02100000001,20395.519,62.937,98.037,19.74,ERA5 (Open-Meteo),1212.0,Climatological Mean (World Bank / FAO),13065837.0,41.89
RWA,Rwanda,2021,19466.88,A,68738.583,17643.942,639.832,255.699,19.39,ERA5 (Open-Meteo),1212.0,Climatological Mean (World Bank / FAO),13355260.0,70.68
RWA,Rwanda,2022,18945.39,A,105517.94,19627.907,1555.969,1169.634,19.24,ERA5 (Open-Meteo),1212.0,Climatological Mean (World Bank / FAO),13651030.0,100.98
RWA,Rwanda,2023,27104.4,A,89605.351,15888.954,907.348,283.45,19.93,ERA5 (Open-Meteo),1212.0,Climatological Mean (World Bank / FAO),13954471.0,82.5
RWA,Rwanda,2024,17839.78,A,93769.628,16755.457,101.715,35.188,20.25,ERA5 (Open-Meteo),1212.0,Climatological Mean (World Bank / FAO),14256567.0,80.55
VCT,Saint Vincent and the Grenadines,1995,160.0,E,,,14.036,1.503,27.56,Berkeley Earth,1583.0,Climatological Mean (World Bank / FAO),113047.0,17.03
VCT,Saint Vincent and the Grenadines,1996,163.17,I,58.244,45.0,,,27.3,Berkeley Earth,1583.0,Climatological Mean (World Bank / FAO),113119.0,20.64
VCT,Saint Vincent and the Grenadines,1997,164.22,I,,,20.74,42.554,27.63,Berkeley Earth,1583.0,Climatological Mean (World Bank / FAO),113141.0,19.15
VCT,Saint Vincent and the Grenadines,1998,173.49,I,,,12.057,2.018,27.97,Berkeley Earth,1583.0,Climatological Mean (World Bank / FAO),113180.0,12.79
VCT,Saint Vincent and the Grenadines,1999,170.0,E,,,19.375,5.019,27.41,Berkeley Earth,1583.0,Climatological Mean (World Bank / FAO),113366.0,17.85
VCT,Saint Vincent and the Grenadines,2000,160.0,E,,,20.538,6.205,27.16,Berkeley Earth,1583.0,Climatological Mean (World Bank / FAO),113545.0,28.57
VCT,Saint Vincent and the Grenadines,2001,155.0,E,,,15.828,7.970000000000001,27.49,Berkeley Earth,1583.0,Climatological Mean (World Bank / FAO),113501.0,24.49
VCT,Saint Vincent and the Grenadines,2002,150.0,E,,,9.103,3.054,27.46,Berkeley Earth,1583.0,Climatological Mean (World Bank / FAO),113347.0,25.0
VCT,Saint Vincent and the Grenadines,2003,145.0,E,,,13.848,2.553,27.63,Berkeley Earth,1583.0,Climatological Mean (World Bank / FAO),113141.0,28.88
VCT,Saint Vincent and the Grenadines,2004,150.0,E,1.322,2.495,16.854,4.32,27.35,Berkeley Earth,1583.0,Climatological Mean (World Bank / FAO),112835.0,38.23
VCT,Saint Vincent and the Grenadines,2005,165.0,E,,,11.154,1.489,27.83,Berkeley Earth,1583.0,Climatological Mean (World Bank / FAO),112450.0,54.49
VCT,Saint Vincent and the Grenadines,2006,175.0,E,,,13.591,3.168,27.68,Berkeley Earth,1583.0,Climatological Mean (World Bank / FAO),112014.0,65.18
VCT,Saint Vincent and the Grenadines,2007,180.0,E,0.02,0.001,24.308,3.101,27.61,Berkeley Earth,1583.0,Climatological Mean (World Bank / FAO),111531.0,72.58
VCT,Saint Vincent and the Grenadines,2008,200.0,E,,,21.593,2.682,27.28,Berkeley Earth,1583.0,Climatological Mean (World Bank / FAO),111028.0,97.02
VCT,Saint Vincent and the Grenadines,2009,220.0,E,0.223,0.069,14.607,4.022,27.5,Berkeley Earth,1583.0,Climatological Mean (World Bank / FAO),110508.0,61.56
VCT,Saint Vincent and the Grenadines,2010,199.57,I,,,22.837,3.569,28.07,Berkeley Earth,1583.0,Climatological Mean (World Bank / FAO),109959.0,79.45
VCT,Saint Vincent and the Grenadines,2011,188.91,I,,,42.483,1.988,27.52,Berkeley Earth,1583.0,Climatological Mean (World Bank / FAO),109349.0,111.18
VCT,Saint Vincent and the Grenadines,2012,170.0,E,10.851,2.2,61.873,4.813000000000001,27.56,Berkeley Earth,1583.0,Climatological Mean (World Bank / FAO),108736.0,111.61
VCT,Saint Vincent and the Grenadines,2013,175.0,E,,,33.785000000000004,4.665,27.58,Berkeley Earth,1583.0,Climatological Mean (World Bank / FAO),108135.0,108.62
VCT,Saint Vincent and the Grenadines,2014,177.28,I,0.106,0.001,25.721,3.487,27.54,Berkeley Earth,1583.0,Climatological Mean (World Bank / FAO),107535.0,98.97
VCT,Saint Vincent and the Grenadines,2015,180.61,I,0.28,0.025,33.298,2.373,27.86,Berkeley Earth,1583.0,Climatological Mean (World Bank / FAO),106960.0,52.38
VCT,Saint Vincent and the Grenadines,2016,184.4,I,7.718,2.329,21.724,4.259,27.94,Berkeley Earth,1583.0,Climatological Mean (World Bank / FAO),106349.0,43.63
VCT,Saint Vincent and the Grenadines,2017,187.31,I,,,17.435,2.449,22.71,ERA5 (Open-Meteo),1583.0,Climatological Mean (World Bank / FAO),105663.0,54.22
VCT,Saint Vincent and the Grenadines,2018,189.22,I,,,21.307,4.444,22.24,ERA5 (Open-Meteo),1583.0,Climatological Mean (World Bank / FAO),104926.0,71.12
VCT,Saint Vincent and the Grenadines,2019,189.87,I,,,29.802,4.516,22.72,ERA5 (Open-Meteo),1583.0,Climatological Mean (World Bank / FAO),104167.0,64.38
VCT,Saint Vincent and the Grenadines,2020,190.52,I,0.333,0.01,29.125,3.864,22.84,ERA5 (Open-Meteo),1583.0,Climatological Mean (World Bank / FAO),103526.0,41.89
VCT,Saint Vincent and the Grenadines,2021,189.95,I,0.039,0.001,21.562,3.38,22.62,ERA5 (Open-Meteo),1583.0,Climatological Mean (World Bank / FAO),102841.0,70.68
VCT,Saint Vincent and the Grenadines,2022,189.55,I,0.01,0.0,31.921,3.357,22.46,ERA5 (Open-Meteo),1583.0,Climatological Mean (World Bank / FAO),102046.0,100.98
VCT,Saint Vincent and the Grenadines,2023,189.78,I,46.921,9.867,44.025,8.815,23.01,ERA5 (Open-Meteo),1583.0,Climatological Mean (World Bank / FAO),101323.0,82.5
VCT,Saint Vincent and the Grenadines,2024,189.99,I,,,2.781,0.112,23.54,ERA5 (Open-Meteo),1583.0,Climatological Mean (World Bank / FAO),100616.0,80.55
WSM,Samoa,1995,13.0,E,,,,,26.91,Berkeley Earth,2880.0,Climatological Mean (World Bank / FAO),174571.0,17.03
WSM,Samoa,1996,12.0,E,,,8.851,0.707,26.65,Berkeley Earth,2880.0,Climatological Mean (World Bank / FAO),176071.0,20.64
WSM,Samoa,1997,11.0,E,,,1.763,0.125,26.57,Berkeley Earth,2880.0,Climatological Mean (World Bank / FAO),177547.0,19.15
WSM,Samoa,1998,10.0,E,,,55.941,19.75,26.93,Berkeley Earth,2880.0,Climatological Mean (World Bank / FAO),178905.0,12.79
WSM,Samoa,1999,9.0,E,,,,,26.62,Berkeley Earth,2880.0,Climatological Mean (World Bank / FAO),180275.0,17.85
WSM,Samoa,2000,8.0,E,,,14.617,1.753,26.72,Berkeley Earth,2880.0,Climatological Mean (World Bank / FAO),181685.0,28.57
WSM,Samoa,2001,8.0,E,,,9.103,1.22,26.86,Berkeley Earth,2880.0,Climatological Mean (World Bank / FAO),183166.0,24.49
WSM,Samoa,2002,8.0,E,,,100.39,109.099,27.09,Berkeley Earth,2880.0,Climatological Mean (World Bank / FAO),184471.0,25.0
WSM,Samoa,2003,8.0,E,,,70.435,4.263999999999999,26.82,Berkeley Earth,2880.0,Climatological Mean (World Bank / FAO),185430.0,28.88
WSM,Samoa,2004,8.32,I,,,44.339000000000006,46.538,26.86,Berkeley Earth,2880.0,Climatological Mean (World Bank / FAO),186249.0,38.23
WSM,Samoa,2005,8.39,I,,,10.82,1.047,26.93,Berkeley Earth,2880.0,Climatological Mean (World Bank / FAO),186978.0,54.49
WSM,Samoa,2006,8.44,I,,,6.565,2.513,26.8,Berkeley Earth,2880.0,Climatological Mean (World Bank / FAO),187709.0,65.18
WSM,Samoa,2007,8.0,E,,,14.596,4.02,27.18,Berkeley Earth,2880.0,Climatological Mean (World Bank / FAO),188753.0,72.58
WSM,Samoa,2008,8.0,E,4.133,1.431,21.6,2.2,26.72,Berkeley Earth,2880.0,Climatological Mean (World Bank / FAO),190107.0,97.02
WSM,Samoa,2009,8.0,E,,,0.875,0.16,26.78,Berkeley Earth,2880.0,Climatological Mean (World Bank / FAO),191513.0,61.56
WSM,Samoa,2010,10.0,E,,,223.139,179.19299999999998,27.2,Berkeley Earth,2880.0,Climatological Mean (World Bank / FAO),193023.0,79.45
WSM,Samoa,2011,10.0,E,,,24.072,18.216,26.71,Berkeley Earth,2880.0,Climatological Mean (World Bank / FAO),194713.0,111.18
WSM,Samoa,2012,11.0,E,93.771,18.975,36.094,35.21,26.77,Berkeley Earth,2880.0,Climatological Mean (World Bank / FAO),196498.0,111.61
WSM,Samoa,2013,11.0,E,,,16.68,18.715,27.09,Berkeley Earth,2880.0,Climatological Mean (World Bank / FAO),198268.0,108.62
WSM,Samoa,2014,11.22,I,,,8.589,2.956,26.95,Berkeley Earth,2880.0,Climatological Mean (World Bank / FAO),200037.0,98.97
WSM,Samoa,2015,11.13,I,287.137,109.62,111.646,51.21,26.9,Berkeley Earth,2880.0,Climatological Mean (World Bank / FAO),201782.0,52.38
WSM,Samoa,2016,11.27,I,,,119.754,58.421,27.58,Berkeley Earth,2880.0,Climatological Mean (World Bank / FAO),203499.0,43.63
WSM,Samoa,2017,11.43,I,,,170.953,74.59299999999999,22.33,ERA5 (Open-Meteo),2880.0,Climatological Mean (World Bank / FAO),205415.0,54.22
WSM,Samoa,2018,11.7,I,,,144.35,60.424,22.19,ERA5 (Open-Meteo),2880.0,Climatological Mean (World Bank / FAO),207582.0,71.12
WSM,Samoa,2019,11.96,I,,,220.089,111.206,22.6,ERA5 (Open-Meteo),2880.0,Climatological Mean (World Bank / FAO),209780.0,64.38
WSM,Samoa,2020,12.27,I,,,159.844,76.25,22.42,ERA5 (Open-Meteo),2880.0,Climatological Mean (World Bank / FAO),211944.0,41.89
WSM,Samoa,2021,11.79,E,0.001,0.0,187.748,74.056,21.93,ERA5 (Open-Meteo),2880.0,Climatological Mean (World Bank / FAO),213779.0,70.68
WSM,Samoa,2022,11.82,E,5.011,0.356,241.473,60.745000000000005,21.71,ERA5 (Open-Meteo),2880.0,Climatological Mean (World Bank / FAO),215261.0,100.98
WSM,Samoa,2023,11.77,E,1.844,0.214,415.338,114.717,22.29,ERA5 (Open-Meteo),2880.0,Climatological Mean (World Bank / FAO),216663.0,82.5
WSM,Samoa,2024,11.79,E,7.935,0.984,23.098,6.362,22.3,ERA5 (Open-Meteo),2880.0,Climatological Mean (World Bank / FAO),218019.0,80.55
STP,Sao Tome and Principe,1995,17.0,X,40.844,4.687,,,26.09,Berkeley Earth,3200.0,Climatological Mean (World Bank / FAO),134895.0,17.03
STP,Sao Tome and Principe,1996,21.0,A,11.199,1.812,8.215,1.437,25.66,Berkeley Earth,3200.0,Climatological Mean (World Bank / FAO),136962.0,20.64
STP,Sao Tome and Principe,1997,45.0,A,31.737,5.375,,,25.83,Berkeley Earth,3200.0,Climatological Mean (World Bank / FAO),138922.0,19.15
STP,Sao Tome and Principe,1998,36.0,A,122.849,37.499,2160.052,676.812,26.45,Berkeley Earth,3200.0,Climatological Mean (World Bank / FAO),140751.0,12.79
STP,Sao Tome and Principe,1999,58.0,A,49.927,11.187,0.82,0.089,25.92,Berkeley Earth,3200.0,Climatological Mean (World Bank / FAO),142442.0,17.85
STP,Sao Tome and Principe,2000,18.0,A,73.874,22.475,0.172,0.01,25.78,Berkeley Earth,3200.0,Climatological Mean (World Bank / FAO),144018.0,28.57
STP,Sao Tome and Principe,2001,22.0,E,147.091,140.656,0.54,0.03,25.71,Berkeley Earth,3200.0,Climatological Mean (World Bank / FAO),146375.0,24.49
STP,Sao Tome and Principe,2002,25.0,E,38.087,11.416,45.968,51.317,26.08,Berkeley Earth,3200.0,Climatological Mean (World Bank / FAO),149922.0,25.0
STP,Sao Tome and Principe,2003,22.97,I,8.524999999999999,3.375,7.189,0.758,26.25,Berkeley Earth,3200.0,Climatological Mean (World Bank / FAO),153814.0,28.88
STP,Sao Tome and Principe,2004,27.0,E,0.308,0.137,179.511,260.704,26.06,Berkeley Earth,3200.0,Climatological Mean (World Bank / FAO),157705.0,38.23
STP,Sao Tome and Principe,2005,28.0,E,9.95,0.5,1.088,0.45,26.0,Berkeley Earth,3200.0,Climatological Mean (World Bank / FAO),161639.0,54.49
STP,Sao Tome and Principe,2006,30.0,E,0.377,0.041,4.556,0.807,26.19,Berkeley Earth,3200.0,Climatological Mean (World Bank / FAO),165638.0,65.18
STP,Sao Tome and Principe,2007,22.96,I,24.926,0.276,1.63,0.123,26.27,Berkeley Earth,3200.0,Climatological Mean (World Bank / FAO),169700.0,72.58
STP,Sao Tome and Principe,2008,19.95,I,12.538,1.908,104.866,36.158,26.11,Berkeley Earth,3200.0,Climatological Mean (World Bank / FAO),173793.0,97.02
STP,Sao Tome and Principe,2009,17.9,I,3.183,0.1,1.738,0.15,26.49,Berkeley Earth,3200.0,Climatological Mean (World Bank / FAO),177853.0,61.56
STP,Sao Tome and Principe,2010,15.17,I,95.434,19.1,69.224,21.328,26.34,Berkeley Earth,3200.0,Climatological Mean (World Bank / FAO),181802.0,79.45
STP,Sao Tome and Principe,2011,5.6,A,24.33,4.08,3.148,0.289,26.02,Berkeley Earth,3200.0,Climatological Mean (World Bank / FAO),185649.0,111.18
STP,Sao Tome and Principe,2012,6.2,A,12.77,1.714,0.685,0.079,25.83,Berkeley Earth,3200.0,Climatological Mean (World Bank / FAO),189439.0,111.61
STP,Sao Tome and Principe,2013,3.9,A,24.467,2.455,3.229,0.435,25.97,Berkeley Earth,3200.0,Climatological Mean (World Bank / FAO),193148.0,108.62
STP,Sao Tome and Principe,2014,8.03,I,13.043,2.17,9.098,0.6130000000000001,26.06,Berkeley Earth,3200.0,Climatological Mean (World Bank / FAO),196767.0,98.97
STP,Sao Tome and Principe,2015,8.61,I,48.497,8.262,0.6900000000000001,0.066,26.1,Berkeley Earth,3200.0,Climatological Mean (World Bank / FAO),200291.0,52.38
STP,Sao Tome and Principe,2016,6.84,E,45.33,7.32,0.921,0.068,26.66,Berkeley Earth,3200.0,Climatological Mean (World Bank / FAO),203689.0,43.63
STP,Sao Tome and Principe,2017,7.83,E,44.601,6.842,2.086,0.207,26.41,ERA5 (Open-Meteo),3200.0,Climatological Mean (World Bank / FAO),206970.0,54.22
STP,Sao Tome and Principe,2018,7.62,I,14.935,0.41,6.208,0.611,26.52,ERA5 (Open-Meteo),3200.0,Climatological Mean (World Bank / FAO),210187.0,71.12
STP,Sao Tome and Principe,2019,6.85,I,12.289,1.743,12.733,0.3329999999999999,26.69,ERA5 (Open-Meteo),3200.0,Climatological Mean (World Bank / FAO),213392.0,64.38
STP,Sao Tome and Principe,2020,7.0,I,21.867,2.885,2.572,0.135,26.62,ERA5 (Open-Meteo),3200.0,Climatological Mean (World Bank / FAO),217435.0,41.89
STP,Sao Tome and Principe,2021,6.76,I,14.097,1.575,3.954,0.473,26.61,ERA5 (Open-Meteo),3200.0,Climatological Mean (World Bank / FAO),221961.0,70.68
STP,Sao Tome and Principe,2022,7.19,E,15.349999999999998,1.937,0.539,0.0579999999999999,26.22,ERA5 (Open-Meteo),3200.0,Climatological Mean (World Bank / FAO),226305.0,100.98
STP,Sao Tome and Principe,2023,7.31,E,55.4,3.76,3.147,0.195,26.58,ERA5 (Open-Meteo),3200.0,Climatological Mean (World Bank / FAO),230871.0,82.5
STP,Sao Tome and Principe,2024,7.27,E,2.096,0.25,1.701,0.369,26.82,ERA5 (Open-Meteo),3200.0,Climatological Mean (World Bank / FAO),235536.0,80.55
SAU,Saudi Arabia,2023,763.34,A,6671.236,1479.674,330872.919,75188.383,25.64,ERA5 (Open-Meteo),59.0,Climatological Mean (World Bank / FAO),33702731.0,82.5
SAU,Saudi Arabia,2024,760.0,E,14160.664,2865.591,422584.378,89502.844,26.09,ERA5 (Open-Meteo),59.0,Climatological Mean (World Bank / FAO),35300280.0,80.55
SLE,Sierra Leone,1995,25025.0,A,14552.381,4814.419,,,26.82,Berkeley Earth,2526.0,Climatological Mean (World Bank / FAO),4179179.0,17.03
SLE,Sierra Leone,1996,25000.0,E,2977.083,1560.337,,,27.02,Berkeley Earth,2526.0,Climatological Mean (World Bank / FAO),4199210.0,20.64
SLE,Sierra Leone,1997,30700.0,A,6245.005,2939.794,1.667,0.058,27.0,Berkeley Earth,2526.0,Climatological Mean (World Bank / FAO),4253716.0,19.15
SLE,Sierra Leone,1998,25000.0,E,4841.314,2601.674,1084.0590000000002,40.663,27.32,Berkeley Earth,2526.0,Climatological Mean (World Bank / FAO),4295785.0,12.79
SLE,Sierra Leone,1999,15350.0,A,1823.553,1376.708,,,26.73,Berkeley Earth,2526.0,Climatological Mean (World Bank / FAO),4318043.0,17.85
SLE,Sierra Leone,2000,15000.0,E,2640.069,3762.729,23.328,36.0,26.69,Berkeley Earth,2526.0,Climatological Mean (World Bank / FAO),4423611.0,28.57
SLE,Sierra Leone,2001,16267.37,I,1455.375,2288.329,301.857,347.324,27.0,Berkeley Earth,2526.0,Climatological Mean (World Bank / FAO),4692716.0,24.49
SLE,Sierra Leone,2002,16704.64,I,1741.758,3129.4,738.741,1348.4,27.03,Berkeley Earth,2526.0,Climatological Mean (World Bank / FAO),4971435.0,25.0
SLE,Sierra Leone,2003,17000.0,E,1496.668,2038.471,40.55,32.319,26.91,Berkeley Earth,2526.0,Climatological Mean (World Bank / FAO),5177687.0,28.88
SLE,Sierra Leone,2004,18000.0,E,1017.183,1375.694,88.202,46.33,26.97,Berkeley Earth,2526.0,Climatological Mean (World Bank / FAO),5355717.0,38.23
SLE,Sierra Leone,2005,20000.0,E,1235.37,1150.836,818.1600000000001,617.546,27.25,Berkeley Earth,2526.0,Climatological Mean (World Bank / FAO),5501712.0,54.49
SLE,Sierra Leone,2006,20500.0,E,2887.808,2366.823,768.4460000000001,589.7,27.1,Berkeley Earth,2526.0,Climatological Mean (World Bank / FAO),5624466.0,65.18
SLE,Sierra Leone,2007,21000.0,E,4364.726000000001,2501.595,212.314,134.72,27.05,Berkeley Earth,2526.0,Climatological Mean (World Bank / FAO),5749352.0,72.58
SLE,Sierra Leone,2008,21200.0,E,3291.17,1494.139,546.584,291.456,27.05,Berkeley Earth,2526.0,Climatological Mean (World Bank / FAO),5894722.0,97.02
SLE,Sierra Leone,2009,22000.0,E,7900.836999999999,5297.313999999999,777.1610000000001,457.879,27.03,Berkeley Earth,2526.0,Climatological Mean (World Bank / FAO),6055646.0,61.56
SLE,Sierra Leone,2010,26130.3,I,4067.086,2455.212,3.454,2.339,27.28,Berkeley Earth,2526.0,Climatological Mean (World Bank / FAO),6222714.0,79.45
SLE,Sierra Leone,2011,30449.28,I,5553.491,2308.699,217.211,0.322,26.92,Berkeley Earth,2526.0,Climatological Mean (World Bank / FAO),6387251.0,111.18
SLE,Sierra Leone,2012,35000.0,E,6853.317999999999,3214.112,101.054,45.408,26.66,Berkeley Earth,2526.0,Climatological Mean (World Bank / FAO),6551080.0,111.61
SLE,Sierra Leone,2013,36000.0,E,4856.72,2229.7490000000003,46.007000000000005,22.694000000000003,26.77,Berkeley Earth,2526.0,Climatological Mean (World Bank / FAO),6714051.0,108.62
SLE,Sierra Leone,2014,2756.0,X,2841.1980000000003,1189.475,14.363,0.942,26.77,Berkeley Earth,2526.0,Climatological Mean (World Bank / FAO),6876385.0,98.97
SLE,Sierra Leone,2015,2756.0,X,2730.821,1331.113,41.235,10.5,26.99,Berkeley Earth,2526.0,Climatological Mean (World Bank / FAO),7037655.0,52.38
SLE,Sierra Leone,2016,2275.0,X,3318.496,2120.164,7.129,1.539,27.22,Berkeley Earth,2526.0,Climatological Mean (World Bank / FAO),7205328.0,43.63
SLE,Sierra Leone,2017,2277.0,X,3945.401,1923.339,58.77,29.887,24.58,ERA5 (Open-Meteo),2526.0,Climatological Mean (World Bank / FAO),7379299.0,54.22
SLE,Sierra Leone,2018,2685.0,X,3496.822,1765.552,7.582,0.841,24.32,ERA5 (Open-Meteo),2526.0,Climatological Mean (World Bank / FAO),7554563.0,71.12
SLE,Sierra Leone,2019,2400.0,X,2852.438,1828.343,21.139,1.625,24.82,ERA5 (Open-Meteo),2526.0,Climatological Mean (World Bank / FAO),7731991.0,64.38
SLE,Sierra Leone,2020,2400.0,X,5005.245,3042.25,0.3,0.321,24.84,ERA5 (Open-Meteo),2526.0,Climatological Mean (World Bank / FAO),7912558.0,41.89
SLE,Sierra Leone,2021,2400.0,X,3071.622,1722.4299999999998,94.024,19.219,24.87,ERA5 (Open-Meteo),2526.0,Climatological Mean (World Bank / FAO),8094602.0,70.68
SLE,Sierra Leone,2022,2580.0,X,3363.49,1427.608,3.376,0.755,24.54,ERA5 (Open-Meteo),2526.0,Climatological Mean (World Bank / FAO),8276807.0,100.98
SLE,Sierra Leone,2023,2333.16,A,2610.656,1029.571,0.224,0.014,24.77,ERA5 (Open-Meteo),2526.0,Climatological Mean (World Bank / FAO),8460512.0,82.5
SLE,Sierra Leone,2024,2208.05,I,10696.972,2512.902,5.306,0.639,25.15,ERA5 (Open-Meteo),2526.0,Climatological Mean (World Bank / FAO),8642022.0,80.55
LKA,Sri Lanka,1995,11481.0,A,2859.612,1208.258,215.922,90.324,27.44,Berkeley Earth,1712.0,Climatological Mean (World Bank / FAO),17564068.0,17.03
LKA,Sri Lanka,1996,11760.0,A,2026.188,1160.233,3.482,10.312,27.31,Berkeley Earth,1712.0,Climatological Mean (World Bank / FAO),17905018.0,20.64
LKA,Sri Lanka,1997,11348.0,A,1551.377,1116.044,207.322,137.429,27.58,Berkeley Earth,1712.0,Climatological Mean (World Bank / FAO),18248200.0,19.15
LKA,Sri Lanka,1998,10498.0,A,2683.486,1614.938,29.44,18.238,28.04,Berkeley Earth,1712.0,Climatological Mean (World Bank / FAO),18596003.0,12.79
LKA,Sri Lanka,1999,10580.0,A,1543.097,1032.108,172.061,116.386,27.29,Berkeley Earth,1712.0,Climatological Mean (World Bank / FAO),18944731.0,17.85
LKA,Sri Lanka,2000,9790.0,A,224.461,115.914,331.35300000000007,231.311,27.45,Berkeley Earth,1712.0,Climatological Mean (World Bank / FAO),19293054.0,28.57
LKA,Sri Lanka,2001,10210.0,A,45.552,67.998,207.422,153.27499999999998,27.64,Berkeley Earth,1712.0,Climatological Mean (World Bank / FAO),19600362.0,24.49
LKA,Sri Lanka,2002,9780.0,A,220.932,139.874,17.508,6.952,27.76,Berkeley Earth,1712.0,Climatological Mean (World Bank / FAO),19805752.0,25.0
LKA,Sri Lanka,2003,9110.0,A,308.803,382.804,98.356,64.988,27.75,Berkeley Earth,1712.0,Climatological Mean (World Bank / FAO),19951521.0,28.88
LKA,Sri Lanka,2004,7670.0,A,420.93,410.679,13.831,10.286,27.57,Berkeley Earth,1712.0,Climatological Mean (World Bank / FAO),20087605.0,38.23
LKA,Sri Lanka,2005,7240.0,A,330.721,228.37,27.561,4.858,27.7,Berkeley Earth,1712.0,Climatological Mean (World Bank / FAO),20216524.0,54.49
LKA,Sri Lanka,2006,6460.0,A,609.056,322.554,28.108,9.853,27.58,Berkeley Earth,1712.0,Climatological Mean (World Bank / FAO),20352411.0,65.18
LKA,Sri Lanka,2007,6050.0,A,229.759,89.732,107.421,104.276,27.5,Berkeley Earth,1712.0,Climatological Mean (World Bank / FAO),20492545.0,72.58
LKA,Sri Lanka,2008,5450.0,A,411.606,152.42399999999998,46.529,39.997,27.47,Berkeley Earth,1712.0,Climatological Mean (World Bank / FAO),20629378.0,97.02
LKA,Sri Lanka,2009,5410.0,A,232.993,73.811,15.938,4.774,27.84,Berkeley Earth,1712.0,Climatological Mean (World Bank / FAO),20756435.0,61.56
LKA,Sri Lanka,2010,5240.0,A,445.674,202.169,115.181,64.538,27.86,Berkeley Earth,1712.0,Climatological Mean (World Bank / FAO),20879089.0,79.45
LKA,Sri Lanka,2011,5320.0,A,470.128,134.51,28.599,4.972,27.65,Berkeley Earth,1712.0,Climatological Mean (World Bank / FAO),21009048.0,111.18
LKA,Sri Lanka,2012,5560.0,A,132.91899999999998,31.955,92.186,37.606,27.92,Berkeley Earth,1712.0,Climatological Mean (World Bank / FAO),21169458.0,111.61
LKA,Sri Lanka,2013,5570.0,A,406.071,95.758,95.38,22.438,27.74,Berkeley Earth,1712.0,Climatological Mean (World Bank / FAO),20585000.0,108.62
LKA,Sri Lanka,2014,6089.0,A,327.94,104.835,111.272,12.193,27.85,Berkeley Earth,1712.0,Climatological Mean (World Bank / FAO),20778000.0,98.97
LKA,Sri Lanka,2015,5866.3,I,1606.697,92.486,94.238,14.369,28.02,Berkeley Earth,1712.0,Climatological Mean (World Bank / FAO),20970000.0,52.38
LKA,Sri Lanka,2016,5593.0,A,2274.088,146.324,74.663,20.703,28.44,Berkeley Earth,1712.0,Climatological Mean (World Bank / FAO),21209000.0,43.63
LKA,Sri Lanka,2017,5431.0,A,3100.297,143.03,261.928,112.771,22.4,ERA5 (Open-Meteo),1712.0,Climatological Mean (World Bank / FAO),21453000.0,54.22
LKA,Sri Lanka,2018,6445.0,A,3076.668,199.858,115.76,74.313,21.76,ERA5 (Open-Meteo),1712.0,Climatological Mean (World Bank / FAO),21670000.0,71.12
LKA,Sri Lanka,2019,4887.0,A,3871.421,156.45100000000002,89.543,63.855,22.33,ERA5 (Open-Meteo),1712.0,Climatological Mean (World Bank / FAO),21803000.0,64.38
LKA,Sri Lanka,2020,6724.6,A,2774.307,124.481,182.844,102.709,22.36,ERA5 (Open-Meteo),1712.0,Climatological Mean (World Bank / FAO),21919000.0,41.89
LKA,Sri Lanka,2021,5306.2,A,1346.276,215.867,13.872,8.738,21.8,ERA5 (Open-Meteo),1712.0,Climatological Mean (World Bank / FAO),22156000.0,70.68
LKA,Sri Lanka,2022,4828.0,A,320.503,176.54199999999997,50.281,24.197,21.71,ERA5 (Open-Meteo),1712.0,Climatological Mean (World Bank / FAO),22181000.0,100.98
LKA,Sri Lanka,2023,4750.0,A,5119.572,433.302,16.928,4.926,22.14,ERA5 (Open-Meteo),1712.0,Climatological Mean (World Bank / FAO),22037000.0,82.5
LKA,Sri Lanka,2024,5117.0,A,312.947,27.158,275.303,60.732,22.84,ERA5 (Open-Meteo),1712.0,Climatological Mean (World Bank / FAO),21916000.0,80.55
SUR,Suriname,1995,50.0,A,,,42.125,9.608,27.47,Berkeley Earth,2331.0,Climatological Mean (World Bank / FAO),429606.0,17.03
SUR,Suriname,1996,33.0,A,,,,,27.07,Berkeley Earth,2331.0,Climatological Mean (World Bank / FAO),438830.0,20.64
SUR,Suriname,1997,16.0,A,,,,,27.22,Berkeley Earth,2331.0,Climatological Mean (World Bank / FAO),448067.0,19.15
SUR,Suriname,1998,11.0,A,2.801,0.55,,,27.74,Berkeley Earth,2331.0,Climatological Mean (World Bank / FAO),457406.0,12.79
SUR,Suriname,1999,10.0,A,1.36,0.296,4.799,0.988,27.09,Berkeley Earth,2331.0,Climatological Mean (World Bank / FAO),466916.0,17.85
SUR,Suriname,2000,4.0,A,132.05599999999998,54.923,,,26.88,Berkeley Earth,2331.0,Climatological Mean (World Bank / FAO),476643.0,28.57
SUR,Suriname,2001,4.0,A,1.658,0.89,0.034,0.012,27.11,Berkeley Earth,2331.0,Climatological Mean (World Bank / FAO),486560.0,24.49
SUR,Suriname,2002,4.0,E,4.718,2.6,,,27.26,Berkeley Earth,2331.0,Climatological Mean (World Bank / FAO),496551.0,25.0
SUR,Suriname,2003,5.32,I,15.784,4.827,31.735,25.215,27.48,Berkeley Earth,2331.0,Climatological Mean (World Bank / FAO),506414.0,28.88
SUR,Suriname,2004,4.0,E,,,157.872,107.658,27.4,Berkeley Earth,2331.0,Climatological Mean (World Bank / FAO),513923.0,38.23
SUR,Suriname,2005,4.0,E,0.852,0.216,8.256,2.222,27.55,Berkeley Earth,2331.0,Climatological Mean (World Bank / FAO),519313.0,54.49
SUR,Suriname,2006,6.0,E,9.259,2.37,,,27.23,Berkeley Earth,2331.0,Climatological Mean (World Bank / FAO),524997.0,65.18
SUR,Suriname,2007,10.0,E,40.347,8.76,11.06,3.72,27.22,Berkeley Earth,2331.0,Climatological Mean (World Bank / FAO),531016.0,72.58
SUR,Suriname,2008,10.0,E,2.032,0.432,50.182,11.921,27.12,Berkeley Earth,2331.0,Climatological Mean (World Bank / FAO),537245.0,97.02
SUR,Suriname,2009,9.0,E,22.4,6.69,780.593,237.449,27.5,Berkeley Earth,2331.0,Climatological Mean (World Bank / FAO),543568.0,61.56
SUR,Suriname,2010,6.41,I,0.604,0.04,15.847,3.99,27.66,Berkeley Earth,2331.0,Climatological Mean (World Bank / FAO),549923.0,79.45
SUR,Suriname,2011,5.61,I,0.224,0.035,39.062,10.654,27.3,Berkeley Earth,2331.0,Climatological Mean (World Bank / FAO),556269.0,111.18
SUR,Suriname,2012,5.97,I,46.581,5.811999999999999,7.53,28.648,27.41,Berkeley Earth,2331.0,Climatological Mean (World Bank / FAO),562633.0,111.61
SUR,Suriname,2013,5.97,I,,,12.043,2.979,27.32,Berkeley Earth,2331.0,Climatological Mean (World Bank / FAO),569020.0,108.62
SUR,Suriname,2014,5.87,I,,,1.305,1.303,27.45,Berkeley Earth,2331.0,Climatological Mean (World Bank / FAO),575373.0,98.97
SUR,Suriname,2015,6.0,I,0.066,0.043,0.798,0.603,27.6,Berkeley Earth,2331.0,Climatological Mean (World Bank / FAO),581627.0,52.38
SUR,Suriname,2016,5.53,I,,,4.323,1.005,27.85,Berkeley Earth,2331.0,Climatological Mean (World Bank / FAO),587757.0,43.63
SUR,Suriname,2017,5.8,E,53.401,23.594,1.709,3.47,25.53,ERA5 (Open-Meteo),2331.0,Climatological Mean (World Bank / FAO),593713.0,54.22
SUR,Suriname,2018,5.78,E,,,1.402,2.119,24.96,ERA5 (Open-Meteo),2331.0,Climatological Mean (World Bank / FAO),599513.0,71.12
SUR,Suriname,2019,5.44,I,1.734,1.841,7.050000000000001,5.761,25.56,ERA5 (Open-Meteo),2331.0,Climatological Mean (World Bank / FAO),605768.0,64.38
SUR,Suriname,2020,5.49,I,88.017,19.303,5.012,0.595,25.43,ERA5 (Open-Meteo),2331.0,Climatological Mean (World Bank / FAO),612317.0,41.89
SUR,Suriname,2021,6.14,I,0.535,0.06,2.92,0.204,24.96,ERA5 (Open-Meteo),2331.0,Climatological Mean (World Bank / FAO),617896.0,70.68
SUR,Suriname,2022,6.22,I,,,29.337,7.331,24.78,ERA5 (Open-Meteo),2331.0,Climatological Mean (World Bank / FAO),623164.0,100.98
SUR,Suriname,2023,6.22,I,,,46.953,21.817,25.89,ERA5 (Open-Meteo),2331.0,Climatological Mean (World Bank / FAO),628886.0,82.5
SUR,Suriname,2024,6.22,I,,,75.646,24.712,26.36,ERA5 (Open-Meteo),2331.0,Climatological Mean (World Bank / FAO),634431.0,80.55
THA,Thailand,1995,86450.0,A,214449.444,78124.223,558.664,213.222,26.7,Berkeley Earth,1622.0,Climatological Mean (World Bank / FAO),59098232.0,17.03
THA,Thailand,1996,80287.0,A,123686.645,66815.418,24.312,20.937,26.37,Berkeley Earth,1622.0,Climatological Mean (World Bank / FAO),59920064.0,20.64
THA,Thailand,1997,83810.0,A,99276.432,72214.437,191.301,81.749,26.69,Berkeley Earth,1622.0,Climatological Mean (World Bank / FAO),60724584.0,19.15
THA,Thailand,1998,78444.0,A,96995.877,59409.401,2190.352,1348.3760000000002,27.48,Berkeley Earth,1622.0,Climatological Mean (World Bank / FAO),61522630.0,12.79
THA,Thailand,1999,54923.0,A,36910.448,26820.525,262.773,129.008,26.31,Berkeley Earth,1622.0,Climatological Mean (World Bank / FAO),62299043.0,17.85
THA,Thailand,2000,81057.0,A,47007.09,46045.209,10908.754,14443.319,26.41,Berkeley Earth,1622.0,Climatological Mean (World Bank / FAO),63007815.0,28.57
THA,Thailand,2001,86009.0,A,30736.517,53341.085,236.591,163.578,26.75,Berkeley Earth,1622.0,Climatological Mean (World Bank / FAO),63651141.0,24.49
THA,Thailand,2002,53447.0,A,8035.401000000001,9867.751,109.295,58.872,26.87,Berkeley Earth,1622.0,Climatological Mean (World Bank / FAO),64266437.0,25.0
THA,Thailand,2003,53907.0,A,8460.616,9532.626,214.238,166.572,26.75,Berkeley Earth,1622.0,Climatological Mean (World Bank / FAO),64868166.0,28.88
THA,Thailand,2004,61765.0,A,13630.169999999998,17727.454999999998,41.004,53.363,26.63,Berkeley Earth,1622.0,Climatological Mean (World Bank / FAO),65452047.0,38.23
THA,Thailand,2005,59644.0,A,15036.736,13789.67,337.15500000000003,211.131,27.02,Berkeley Earth,1622.0,Climatological Mean (World Bank / FAO),66017420.0,54.49
THA,Thailand,2006,46873.0,A,39537.255,31668.879,240.072,391.398,26.85,Berkeley Earth,1622.0,Climatological Mean (World Bank / FAO),66567687.0,65.18
THA,Thailand,2007,55660.0,A,33256.141,17948.122,399.233,394.10100000000006,26.72,Berkeley Earth,1622.0,Climatological Mean (World Bank / FAO),67102394.0,72.58
THA,Thailand,2008,50442.0,A,17729.302,6448.692,33888.361000000004,14789.361,26.31,Berkeley Earth,1622.0,Climatological Mean (World Bank / FAO),67619830.0,97.02
THA,Thailand,2009,56315.0,A,2944.323,1106.501,8799.476999999999,6330.221,26.73,Berkeley Earth,1622.0,Climatological Mean (World Bank / FAO),68121080.0,61.56
THA,Thailand,2010,48955.0,A,4029.61,1277.29,22976.51,14047.589,27.47,Berkeley Earth,1622.0,Climatological Mean (World Bank / FAO),68579447.0,79.45
THA,Thailand,2011,42394.0,A,5036.359,1015.817,83933.143,33540.119,26.31,Berkeley Earth,1622.0,Climatological Mean (World Bank / FAO),69007208.0,111.18
THA,Thailand,2012,41461.0,A,8403.913,2804.5660000000003,63793.19899999999,28817.625,27.23,Berkeley Earth,1622.0,Climatological Mean (World Bank / FAO),69436098.0,111.61
THA,Thailand,2013,37569.0,A,9098.399,2798.705,71022.411,34305.876,26.91,Berkeley Earth,1622.0,Climatological Mean (World Bank / FAO),69845114.0,108.62
THA,Thailand,2014,37950.0,A,4349.782,1053.17,94874.11699999998,46192.995,26.92,Berkeley Earth,1622.0,Climatological Mean (World Bank / FAO),70216367.0,98.97
THA,Thailand,2015,26089.0,A,4560.806,1212.175,106880.509,56878.571,27.37,Berkeley Earth,1622.0,Climatological Mean (World Bank / FAO),70540795.0,52.38
THA,Thailand,2016,30579.0,A,5122.485,1115.832,88636.93599999999,46024.927,27.49,Berkeley Earth,1622.0,Climatological Mean (World Bank / FAO),70859841.0,43.63
THA,Thailand,2017,25909.0,A,2274.519,395.742,125472.323,54609.237,27.85,ERA5 (Open-Meteo),1622.0,Climatological Mean (World Bank / FAO),71160187.0,54.22
THA,Thailand,2018,23619.0,A,4859.984,1041.783,118506.304,32632.38,28.12,ERA5 (Open-Meteo),1622.0,Climatological Mean (World Bank / FAO),71376079.0,71.12
THA,Thailand,2019,26424.38,A,4084.93,786.615,80251.125,45027.379,29.19,ERA5 (Open-Meteo),1622.0,Climatological Mean (World Bank / FAO),71522271.0,64.38
THA,Thailand,2020,22483.0,A,2754.778,456.632,95350.165,58306.46600000001,29.14,ERA5 (Open-Meteo),1622.0,Climatological Mean (World Bank / FAO),71641484.0,41.89
THA,Thailand,2021,21774.51,A,3193.405,536.557,108458.817,57897.469000000005,27.99,ERA5 (Open-Meteo),1622.0,Climatological Mean (World Bank / FAO),71727332.0,70.68
THA,Thailand,2022,18740.0,A,4703.645,766.437,147779.39,61157.426,27.41,ERA5 (Open-Meteo),1622.0,Climatological Mean (World Bank / FAO),71735329.0,100.98
THA,Thailand,2023,16690.0,A,3027.182,415.12,189341.429,62074.09,28.72,ERA5 (Open-Meteo),1622.0,Climatological Mean (World Bank / FAO),71702435.0,82.5
THA,Thailand,2024,16623.48,A,3480.974,668.7860000000001,246483.596,61560.69,28.91,ERA5 (Open-Meteo),1622.0,Climatological Mean (World Bank / FAO),71668011.0,80.55
TLS,Timor-Leste,1995,10000.0,E,,,,,26.42,Berkeley Earth,1500.0,Climatological Mean (World Bank / FAO),868146.0,17.03
TLS,Timor-Leste,1996,10987.0,A,,,,,26.49,Berkeley Earth,1500.0,Climatological Mean (World Bank / FAO),892282.0,20.64
TLS,Timor-Leste,1997,9723.0,X,,,,,26.13,Berkeley Earth,1500.0,Climatological Mean (World Bank / FAO),917184.0,19.15
TLS,Timor-Leste,1998,11000.0,E,,,,,27.0,Berkeley Earth,1500.0,Climatological Mean (World Bank / FAO),942530.0,12.79
TLS,Timor-Leste,1999,12000.0,E,,,,,26.15,Berkeley Earth,1500.0,Climatological Mean (World Bank / FAO),834697.0,17.85
TLS,Timor-Leste,2000,13000.0,E,980.71,1087.683,0.657,1.343,26.14,Berkeley Earth,1500.0,Climatological Mean (World Bank / FAO),745088.0,28.57
TLS,Timor-Leste,2001,14134.0,X,3382.744,3422.242,0.175,0.863,26.43,Berkeley Earth,1500.0,Climatological Mean (World Bank / FAO),812249.0,24.49
TLS,Timor-Leste,2002,14000.0,E,2899.515,2860.304,1.203,0.909,26.7,Berkeley Earth,1500.0,Climatological Mean (World Bank / FAO),879159.0,25.0
TLS,Timor-Leste,2003,12000.0,E,5891.677,4847.495,0.017,0.026,26.64,Berkeley Earth,1500.0,Climatological Mean (World Bank / FAO),916878.0,28.88
TLS,Timor-Leste,2004,14500.0,X,6677.857,4973.192,40.208,28.499,26.57,Berkeley Earth,1500.0,Climatological Mean (World Bank / FAO),929074.0,38.23
TLS,Timor-Leste,2005,14500.0,X,7527.381,4932.335,70.373,52.37,26.99,Berkeley Earth,1500.0,Climatological Mean (World Bank / FAO),948311.0,54.49
TLS,Timor-Leste,2006,14000.0,X,8849.053,4068.535,,,26.19,Berkeley Earth,1500.0,Climatological Mean (World Bank / FAO),976597.0,65.18
TLS,Timor-Leste,2007,14000.0,X,5335.493,1983.979,,,26.53,Berkeley Earth,1500.0,Climatological Mean (World Bank / FAO),1004889.0,72.58
TLS,Timor-Leste,2008,14009.0,A,11557.578,4268.949,108.112,35.053,26.39,Berkeley Earth,1500.0,Climatological Mean (World Bank / FAO),1032429.0,97.02
TLS,Timor-Leste,2009,10122.0,A,7230.769,2773.574,73.95700000000001,79.312,26.71,Berkeley Earth,1500.0,Climatological Mean (World Bank / FAO),1058782.0,61.56
TLS,Timor-Leste,2010,12653.0,A,13626.981,4535.133,0.208,0.174,26.81,Berkeley Earth,1500.0,Climatological Mean (World Bank / FAO),1084679.0,79.45
TLS,Timor-Leste,2011,8320.0,A,25941.710000000003,8043.523999999999,0.288,0.042,26.08,Berkeley Earth,1500.0,Climatological Mean (World Bank / FAO),1110207.0,111.18
TLS,Timor-Leste,2012,3660.0,X,11899.275,3807.105,1.183,0.107,26.19,Berkeley Earth,1500.0,Climatological Mean (World Bank / FAO),1134885.0,111.61
TLS,Timor-Leste,2013,4800.0,X,10719.65,3330.548,0.204,0.045,26.64,Berkeley Earth,1500.0,Climatological Mean (World Bank / FAO),1158695.0,108.62
TLS,Timor-Leste,2014,6660.0,X,18181.777,5288.737,,,26.48,Berkeley Earth,1500.0,Climatological Mean (World Bank / FAO),1181903.0,98.97
TLS,Timor-Leste,2015,3540.0,X,11753.645,3384.53,45.067,2.52,26.44,Berkeley Earth,1500.0,Climatological Mean (World Bank / FAO),1205131.0,52.38
TLS,Timor-Leste,2016,4920.0,X,14090.007,4755.028,21.978,6.734,27.51,Berkeley Earth,1500.0,Climatological Mean (World Bank / FAO),1228312.0,43.63
TLS,Timor-Leste,2017,3900.0,X,16623.263,5160.703,1474.2949999999998,1204.6840000000002,22.04,ERA5 (Open-Meteo),1500.0,Climatological Mean (World Bank / FAO),1251703.0,54.22
TLS,Timor-Leste,2018,8340.0,X,18093.042,5234.786,1316.3069999999998,734.909,21.95,ERA5 (Open-Meteo),1500.0,Climatological Mean (World Bank / FAO),1275959.0,71.12
TLS,Timor-Leste,2019,6180.0,X,17997.144,5618.522999999999,733.7,499.277,21.82,ERA5 (Open-Meteo),1500.0,Climatological Mean (World Bank / FAO),1300945.0,64.38
TLS,Timor-Leste,2020,9088.23,I,12305.776,3571.558,196.549,186.584,22.2,ERA5 (Open-Meteo),1500.0,Climatological Mean (World Bank / FAO),1326053.0,41.89
TLS,Timor-Leste,2021,13313.98,A,18183.287,5011.858,8.831999999999999,2.758,22.09,ERA5 (Open-Meteo),1500.0,Climatological Mean (World Bank / FAO),1350139.0,70.68
TLS,Timor-Leste,2022,11571.53,I,31880.394,7239.556,11.409,5.122,22.17,ERA5 (Open-Meteo),1500.0,Climatological Mean (World Bank / FAO),1369295.0,100.98
TLS,Timor-Leste,2023,9637.22,I,18998.712,6281.974,8.247,1.195,21.8,ERA5 (Open-Meteo),1500.0,Climatological Mean (World Bank / FAO),1384286.0,82.5
TLS,Timor-Leste,2024,9522.52,I,14395.978,3717.455,6.5680000000000005,0.585,21.95,ERA5 (Open-Meteo),1500.0,Climatological Mean (World Bank / FAO),1400638.0,80.55
TGO,Togo,1995,12080.0,A,33460.456,11468.817,311.499,99.214,27.47,Berkeley Earth,1168.0,Climatological Mean (World Bank / FAO),4410832.0,17.03
TGO,Togo,1996,22400.0,A,11792.222,4881.593,52.04,28.267000000000003,27.41,Berkeley Earth,1168.0,Climatological Mean (World Bank / FAO),4577860.0,20.64
TGO,Togo,1997,10600.0,A,31002.18,15926.978,119.384,40.854,27.4,Berkeley Earth,1168.0,Climatological Mean (World Bank / FAO),4725030.0,19.15
TGO,Togo,1998,20000.0,A,22333.823,11711.015,570.658,711.687,27.96,Berkeley Earth,1168.0,Climatological Mean (World Bank / FAO),4860913.0,12.79
TGO,Togo,1999,17000.0,A,31351.278,17004.525,1456.706,1650.0,27.39,Berkeley Earth,1168.0,Climatological Mean (World Bank / FAO),5000269.0,17.85
TGO,Togo,2000,15200.0,A,18375.079,13621.847,4481.551,4127.098,27.4,Berkeley Earth,1168.0,Climatological Mean (World Bank / FAO),5140037.0,28.57
TGO,Togo,2001,16900.0,A,10088.46,12444.51,303.183,503.146,27.56,Berkeley Earth,1168.0,Climatological Mean (World Bank / FAO),5277382.0,24.49
TGO,Togo,2002,7900.0,A,6969.944,9511.045,41.161,89.667,27.62,Berkeley Earth,1168.0,Climatological Mean (World Bank / FAO),5413274.0,25.0
TGO,Togo,2003,5500.0,A,6007.641,6854.566,45.441,52.974,27.87,Berkeley Earth,1168.0,Climatological Mean (World Bank / FAO),5552167.0,28.88
TGO,Togo,2004,9300.0,A,7772.157,8965.375,55.614,305.137,27.75,Berkeley Earth,1168.0,Climatological Mean (World Bank / FAO),5696508.0,38.23
TGO,Togo,2005,7200.0,A,13013.054,12793.992,7.456,7.032,27.96,Berkeley Earth,1168.0,Climatological Mean (World Bank / FAO),5844631.0,54.49
TGO,Togo,2006,8900.0,A,11551.82,8489.502,,,27.95,Berkeley Earth,1168.0,Climatological Mean (World Bank / FAO),6010668.0,65.18
TGO,Togo,2007,9300.0,A,24408.496,13179.603,189.919,335.221,27.84,Berkeley Earth,1168.0,Climatological Mean (World Bank / FAO),6188344.0,72.58
TGO,Togo,2008,9143.0,A,36430.939,15927.959,55.222,19.159,27.58,Berkeley Earth,1168.0,Climatological Mean (World Bank / FAO),6368812.0,97.02
TGO,Togo,2009,11700.0,A,22123.285,11564.7,5.785,1.349,27.68,Berkeley Earth,1168.0,Climatological Mean (World Bank / FAO),6551865.0,61.56
TGO,Togo,2010,11500.0,A,48498.817,30104.960000000003,53.719,19.033,28.0,Berkeley Earth,1168.0,Climatological Mean (World Bank / FAO),6732590.0,79.45
TGO,Togo,2011,12500.0,A,91583.131,39875.466,581.422,762.9269999999999,27.71,Berkeley Earth,1168.0,Climatological Mean (World Bank / FAO),6916474.0,111.18
TGO,Togo,2012,10843.0,A,56471.85,25750.969,1342.407,853.699,27.49,Berkeley Earth,1168.0,Climatological Mean (World Bank / FAO),7100736.0,111.61
TGO,Togo,2013,10950.0,A,24537.051,10795.246,3529.176,320.93000000000006,27.57,Berkeley Earth,1168.0,Climatological Mean (World Bank / FAO),7285442.0,108.62
TGO,Togo,2014,15500.0,A,17453.767,8499.458999999999,100.993,37.708,27.74,Berkeley Earth,1168.0,Climatological Mean (World Bank / FAO),7472450.0,98.97
TGO,Togo,2015,16093.0,A,22999.181,10656.427,39.137,23.224,27.8,Berkeley Earth,1168.0,Climatological Mean (World Bank / FAO),7663195.0,52.38
TGO,Togo,2016,17933.0,A,14149.185,7205.811,12.374,12.349,28.04,Berkeley Earth,1168.0,Climatological Mean (World Bank / FAO),7858289.0,43.63
TGO,Togo,2017,18476.0,A,9250.577,4234.75,52.684,77.57900000000001,27.13,ERA5 (Open-Meteo),1168.0,Climatological Mean (World Bank / FAO),8057140.0,54.22
TGO,Togo,2018,19076.0,A,15596.958000000002,8391.661,65.384,21.731,26.55,ERA5 (Open-Meteo),1168.0,Climatological Mean (World Bank / FAO),8258778.0,71.12
TGO,Togo,2019,21316.0,A,10403.338,6152.255,57.199,23.598,26.92,ERA5 (Open-Meteo),1168.0,Climatological Mean (World Bank / FAO),8463068.0,64.38
TGO,Togo,2020,22006.0,A,6328.61,3985.987,47.817,28.434,26.87,ERA5 (Open-Meteo),1168.0,Climatological Mean (World Bank / FAO),8669720.0,41.89
TGO,Togo,2021,23106.0,A,4987.388,3043.847,15.009,5.208,27.12,ERA5 (Open-Meteo),1168.0,Climatological Mean (World Bank / FAO),8878379.0,70.68
TGO,Togo,2022,25132.0,A,10141.464,5007.459,31.267,10.831,26.27,ERA5 (Open-Meteo),1168.0,Climatological Mean (World Bank / FAO),9089738.0,100.98
TGO,Togo,2023,22619.45,I,12905.619,6568.158,104.966,41.062,26.59,ERA5 (Open-Meteo),1168.0,Climatological Mean (World Bank / FAO),9304337.0,82.5
TGO,Togo,2024,21769.41,I,16606.07,5217.049,15.667,13.593,27.26,ERA5 (Open-Meteo),1168.0,Climatological Mean (World Bank / FAO),9515236.0,80.55
TON,Tonga,1995,14.0,A,,,,,24.04,Berkeley Earth,2700.0,Climatological Mean (published reference),100225.0,17.03
TON,Tonga,1996,15.0,E,,,,,24.16,Berkeley Earth,2700.0,Climatological Mean (published reference),100275.0,20.64
TON,Tonga,1997,14.46,I,,,,,23.56,Berkeley Earth,2700.0,Climatological Mean (published reference),100674.0,19.15
TON,Tonga,1998,14.02,I,,,,,24.27,Berkeley Earth,2700.0,Climatological Mean (published reference),101388.0,12.79
TON,Tonga,1999,14.05,I,30.597,15.125,,,24.04,Berkeley Earth,2700.0,Climatological Mean (published reference),102046.0,17.85
TON,Tonga,2000,14.08,I,195.744,138.417,,,24.21,Berkeley Earth,2700.0,Climatological Mean (published reference),102677.0,28.57
TON,Tonga,2001,14.1,I,38.867,59.83,1.484,0.672,24.19,Berkeley Earth,2700.0,Climatological Mean (published reference),103288.0,24.49
TON,Tonga,2002,14.12,I,,,1.501,0.06,24.2,Berkeley Earth,2700.0,Climatological Mean (published reference),103874.0,25.0
TON,Tonga,2003,14.13,I,,,9.817,1.64,24.01,Berkeley Earth,2700.0,Climatological Mean (published reference),104464.0,28.88
TON,Tonga,2004,14.09,I,24.443,18.73,7.105,5.187,24.03,Berkeley Earth,2700.0,Climatological Mean (published reference),105071.0,38.23
TON,Tonga,2005,15.69,I,5.036,0.6,0.423,0.024,24.05,Berkeley Earth,2700.0,Climatological Mean (published reference),105671.0,54.49
TON,Tonga,2006,18.0,E,19.051,9.458,22.009,16.045,24.11,Berkeley Earth,2700.0,Climatological Mean (published reference),106253.0,65.18
TON,Tonga,2007,17.12,I,4.866,0.622,1.969,0.245,24.49,Berkeley Earth,2700.0,Climatological Mean (published reference),106726.0,72.58
TON,Tonga,2008,16.89,I,52.917,20.92,16.415,4.516,24.19,Berkeley Earth,2700.0,Climatological Mean (published reference),107020.0,97.02
TON,Tonga,2009,16.65,I,0.941,0.055,28.54,6.706,23.52,Berkeley Earth,2700.0,Climatological Mean (published reference),107203.0,61.56
TON,Tonga,2010,16.36,I,64.26400000000001,41.48,37.678,3.461,24.52,Berkeley Earth,2700.0,Climatological Mean (published reference),107400.0,79.45
TON,Tonga,2011,16.02,I,0.158,0.063,25.741000000000003,3.5460000000000003,24.59,Berkeley Earth,2700.0,Climatological Mean (published reference),107570.0,111.18
TON,Tonga,2012,15.73,I,0.51,0.056,30.902,2.985,24.11,Berkeley Earth,2700.0,Climatological Mean (published reference),107460.0,111.61
TON,Tonga,2013,15.0,E,,,82.493,9.587,24.53,Berkeley Earth,2700.0,Climatological Mean (published reference),107078.0,108.62
TON,Tonga,2014,14.86,I,,,97.859,14.585,24.04,Berkeley Earth,2700.0,Climatological Mean (published reference),106609.0,98.97
TON,Tonga,2015,15.99,I,,,5.181,0.916,23.68,Berkeley Earth,2700.0,Climatological Mean (published reference),106095.0,52.38
TON,Tonga,2016,15.28,E,,,2.61,0.666,24.35,Berkeley Earth,2700.0,Climatological Mean (published reference),105524.0,43.63
TON,Tonga,2017,15.2,I,,,3.248,0.316,25.22,ERA5 (Open-Meteo),2700.0,Climatological Mean (published reference),105356.0,54.22
TON,Tonga,2018,15.22,I,,,1.36,0.333,25.07,ERA5 (Open-Meteo),2700.0,Climatological Mean (published reference),105567.0,71.12
TON,Tonga,2019,15.24,I,10.087,5.967,9.603,0.883,24.98,ERA5 (Open-Meteo),2700.0,Climatological Mean (published reference),105669.0,64.38
TON,Tonga,2020,15.32,I,0.041,0.005,10.614,1.662,25.2,ERA5 (Open-Meteo),2700.0,Climatological Mean (published reference),105704.0,41.89
TON,Tonga,2021,15.38,I,,,26.746,4.379,25.15,ERA5 (Open-Meteo),2700.0,Climatological Mean (published reference),105490.0,70.68
TON,Tonga,2022,15.24,I,,,13.74,1.685,25.66,ERA5 (Open-Meteo),2700.0,Climatological Mean (published reference),105042.0,100.98
TON,Tonga,2023,15.21,I,1.005,0.242,15.1,2.575,25.0,ERA5 (Open-Meteo),2700.0,Climatological Mean (published reference),104597.0,82.5
TON,Tonga,2024,15.18,I,,,0.98,0.076,25.3,ERA5 (Open-Meteo),2700.0,Climatological Mean (published reference),104175.0,80.55
TTO,Trinidad and Tobago,1995,831.0,A,149.10500000000002,43.575,149.045,37.393,27.18,Berkeley Earth,2200.0,Climatological Mean (World Bank / FAO),1295169.0,17.03
TTO,Trinidad and Tobago,1996,352.0,A,605.707,178.74,125.163,74.195,26.86,Berkeley Earth,2200.0,Climatological Mean (World Bank / FAO),1300928.0,20.64
TTO,Trinidad and Tobago,1997,1102.0,A,282.857,19.709,124.929,28.187,26.94,Berkeley Earth,2200.0,Climatological Mean (World Bank / FAO),1305836.0,19.15
TTO,Trinidad and Tobago,1998,367.0,A,174.585,14.066,122.83,27.745,27.5,Berkeley Earth,2200.0,Climatological Mean (World Bank / FAO),1310225.0,12.79
TTO,Trinidad and Tobago,1999,343.0,A,275.698,21.705,782.923,375.21,26.98,Berkeley Earth,2200.0,Climatological Mean (World Bank / FAO),1314708.0,17.85
TTO,Trinidad and Tobago,2000,553.0,A,822.6560000000001,676.329,136.223,93.97,26.74,Berkeley Earth,2200.0,Climatological Mean (World Bank / FAO),1319774.0,28.57
TTO,Trinidad and Tobago,2001,406.0,A,235.897,202.059,249.531,4542.125,27.04,Berkeley Earth,2200.0,Climatological Mean (World Bank / FAO),1325567.0,24.49
TTO,Trinidad and Tobago,2002,247.0,A,85.81,43.469,5.281000000000001,0.892,26.91,Berkeley Earth,2200.0,Climatological Mean (World Bank / FAO),1332011.0,25.0
TTO,Trinidad and Tobago,2003,586.0,A,48.396,6.09,9.476,2.865,27.25,Berkeley Earth,2200.0,Climatological Mean (World Bank / FAO),1338709.0,28.88
TTO,Trinidad and Tobago,2004,109.0,A,74.457,6.549,42.394,18.936,26.97,Berkeley Earth,2200.0,Climatological Mean (World Bank / FAO),1345380.0,38.23
TTO,Trinidad and Tobago,2005,350.0,E,34.493,7.058,67.566,17.293,27.45,Berkeley Earth,2200.0,Climatological Mean (World Bank / FAO),1294494.0,54.49
TTO,Trinidad and Tobago,2006,720.0,X,50.859,22.37,140.76000000000002,55.824,27.16,Berkeley Earth,2200.0,Climatological Mean (World Bank / FAO),1297944.0,65.18
TTO,Trinidad and Tobago,2007,60.0,X,38.574,9.153,233.894,93.385,27.05,Berkeley Earth,2200.0,Climatological Mean (World Bank / FAO),1303188.0,72.58
TTO,Trinidad and Tobago,2008,60.0,X,39.432,7.1000000000000005,472.782,162.194,26.96,Berkeley Earth,2200.0,Climatological Mean (World Bank / FAO),1308587.0,97.02
TTO,Trinidad and Tobago,2009,129.01,I,109.362,29.687,570.0,9546.351,27.14,Berkeley Earth,2200.0,Climatological Mean (World Bank / FAO),1310106.0,61.56
TTO,Trinidad and Tobago,2010,51.27,I,28.396,20.068,538.748,220.286,27.61,Berkeley Earth,2200.0,Climatological Mean (World Bank / FAO),1317714.0,79.45
TTO,Trinidad and Tobago,2011,72.72,I,68.836,14.862,654.7189999999999,290.905,27.14,Berkeley Earth,2200.0,Climatological Mean (World Bank / FAO),1328019.0,111.18
TTO,Trinidad and Tobago,2012,50.78,I,105.108,56.135,609.813,199.913,27.06,Berkeley Earth,2200.0,Climatological Mean (World Bank / FAO),1335194.0,111.61
TTO,Trinidad and Tobago,2013,51.25,I,45.752,5.862,840.754,323.454,27.12,Berkeley Earth,2200.0,Climatological Mean (World Bank / FAO),1340557.0,108.62
TTO,Trinidad and Tobago,2014,51.16,I,21.373,2.616,666.0930000000001,256.749,27.22,Berkeley Earth,2200.0,Climatological Mean (World Bank / FAO),1345343.0,98.97
TTO,Trinidad and Tobago,2015,30.79,I,18.168,3.798,663.567,278.492,27.37,Berkeley Earth,2200.0,Climatological Mean (World Bank / FAO),1349667.0,52.38
TTO,Trinidad and Tobago,2016,707.0,X,19.813,2.299,639.1279999999999,240.844,27.5,Berkeley Earth,2200.0,Climatological Mean (World Bank / FAO),1353895.0,43.63
TTO,Trinidad and Tobago,2017,707.0,X,40.391,9.29,828.021,251.377,24.53,ERA5 (Open-Meteo),2200.0,Climatological Mean (World Bank / FAO),1356633.0,54.22
TTO,Trinidad and Tobago,2018,720.0,X,38.039,7.924,849.429,303.995,24.11,ERA5 (Open-Meteo),2200.0,Climatological Mean (World Bank / FAO),1359193.0,71.12
TTO,Trinidad and Tobago,2019,800.0,X,107.986,9.864,741.07,299.019,24.56,ERA5 (Open-Meteo),2200.0,Climatological Mean (World Bank / FAO),1363985.0,64.38
TTO,Trinidad and Tobago,2020,742.33,E,536.311,159.79899999999998,717.881,312.247,24.69,ERA5 (Open-Meteo),2200.0,Climatological Mean (World Bank / FAO),1366725.0,41.89
TTO,Trinidad and Tobago,2021,754.11,E,653.3950000000001,153.488,1051.837,341.88300000000004,24.34,ERA5 (Open-Meteo),2200.0,Climatological Mean (World Bank / FAO),1367558.0,70.68
TTO,Trinidad and Tobago,2022,765.48,E,435.166,87.997,1108.362,297.618,24.14,ERA5 (Open-Meteo),2200.0,Climatological Mean (World Bank / FAO),1365805.0,100.98
TTO,Trinidad and Tobago,2023,753.98,E,728.792,165.336,846.7460000000001,252.998,24.76,ERA5 (Open-Meteo),2200.0,Climatological Mean (World Bank / FAO),1367510.0,82.5
TTO,Trinidad and Tobago,2024,757.86,E,519.053,142.11,1032.146,242.023,25.32,ERA5 (Open-Meteo),2200.0,Climatological Mean (World Bank / FAO),1368333.0,80.55
UGA,Uganda,1995,181465.0,A,559217.741,162297.27,388.547,122.898,23.46,Berkeley Earth,1180.0,Climatological Mean (World Bank / FAO),20665667.0,17.03
UGA,Uganda,1996,287925.0,A,652379.282,273756.165,1235.883,643.601,23.13,Berkeley Earth,1180.0,Climatological Mean (World Bank / FAO),21231550.0,20.64
UGA,Uganda,1997,219624.0,A,503030.571,250690.623,192.126,55.917,23.71,Berkeley Earth,1180.0,Climatological Mean (World Bank / FAO),21856046.0,19.15
UGA,Uganda,1998,205056.0,A,431604.737,183563.763,52.851,26.102,23.73,Berkeley Earth,1180.0,Climatological Mean (World Bank / FAO),22515806.0,12.79
UGA,Uganda,1999,251881.0,A,428803.104,157592.998,876.59,460.999,23.16,Berkeley Earth,1180.0,Climatological Mean (World Bank / FAO),23257281.0,17.85
UGA,Uganda,2000,143475.0,A,203397.817,159438.288,251.547,151.296,23.48,Berkeley Earth,1180.0,Climatological Mean (World Bank / FAO),24000150.0,28.57
UGA,Uganda,2001,197410.0,A,123504.171,142307.797,53.352,44.61,23.36,Berkeley Earth,1180.0,Climatological Mean (World Bank / FAO),24745676.0,24.49
UGA,Uganda,2002,209547.0,A,131892.701,176124.141,70.706,19.691,23.72,Berkeley Earth,1180.0,Climatological Mean (World Bank / FAO),25532870.0,25.0
UGA,Uganda,2003,150871.0,A,152038.927,163675.505,4098.407,4052.211,23.74,Berkeley Earth,1180.0,Climatological Mean (World Bank / FAO),26352124.0,28.88
UGA,Uganda,2004,170081.0,A,173994.409,157052.501,8062.963000000001,6429.117,23.81,Berkeley Earth,1180.0,Climatological Mean (World Bank / FAO),27154515.0,38.23
UGA,Uganda,2005,158100.0,A,207378.287,140997.468,1176.265,437.566,24.3,Berkeley Earth,1180.0,Climatological Mean (World Bank / FAO),27963289.0,54.49
UGA,Uganda,2006,133310.0,A,193191.865,101157.37,377.002,306.558,23.86,Berkeley Earth,1180.0,Climatological Mean (World Bank / FAO),28794003.0,65.18
UGA,Uganda,2007,175346.0,A,271124.337,138384.201,314.702,419.872,23.59,Berkeley Earth,1180.0,Climatological Mean (World Bank / FAO),29653430.0,72.58
UGA,Uganda,2008,211726.0,A,405509.619,165600.152,532.917,304.811,23.63,Berkeley Earth,1180.0,Climatological Mean (World Bank / FAO),30539553.0,97.02
UGA,Uganda,2009,195871.0,A,372728.785,184461.025,216.532,148.579,24.16,Berkeley Earth,1180.0,Climatological Mean (World Bank / FAO),31451151.0,61.56
UGA,Uganda,2010,166968.0,A,329748.017,155154.165,1438.167,803.9590000000001,24.07,Berkeley Earth,1180.0,Climatological Mean (World Bank / FAO),32390802.0,79.45
UGA,Uganda,2011,191371.0,A,488891.26,184929.822,884.462,324.486,23.82,Berkeley Earth,1180.0,Climatological Mean (World Bank / FAO),33354543.0,111.18
UGA,Uganda,2012,186125.0,A,442806.493,157620.801,640.551,429.62,23.82,Berkeley Earth,1180.0,Climatological Mean (World Bank / FAO),34337438.0,111.61
UGA,Uganda,2013,222894.0,A,465180.258,197740.091,831.965,6925.524000000001,23.82,Berkeley Earth,1180.0,Climatological Mean (World Bank / FAO),35337042.0,108.62
UGA,Uganda,2014,220135.0,A,433749.43,193352.284,1641.81,935.21,23.82,Berkeley Earth,1180.0,Climatological Mean (World Bank / FAO),36395539.0,98.97
UGA,Uganda,2015,229149.0,A,458683.022,204093.805,1474.069,2886.236,24.03,Berkeley Earth,1180.0,Climatological Mean (World Bank / FAO),37531446.0,52.38
UGA,Uganda,2016,243061.0,A,398708.355,176269.212,2090.473,1657.104,24.2,Berkeley Earth,1180.0,Climatological Mean (World Bank / FAO),38799152.0,43.63
UGA,Uganda,2017,302063.0,A,542655.475,232143.055,9406.745,4506.662,23.36,ERA5 (Open-Meteo),1180.0,Climatological Mean (World Bank / FAO),40177388.0,54.22
UGA,Uganda,2018,284225.0,A,504842.666,243269.127,11193.722,11820.758,22.93,ERA5 (Open-Meteo),1180.0,Climatological Mean (World Bank / FAO),41565831.0,71.12
UGA,Uganda,2019,313933.0,A,471489.822,252165.465,11281.518,8294.91,23.17,ERA5 (Open-Meteo),1180.0,Climatological Mean (World Bank / FAO),42999637.0,64.38
UGA,Uganda,2020,360103.0,A,566225.428,304772.424,14150.872,27604.922,23.18,ERA5 (Open-Meteo),1180.0,Climatological Mean (World Bank / FAO),44457152.0,41.89
UGA,Uganda,2021,414007.0,A,718918.9600000001,369107.159,2045.136,1579.1219999999998,23.42,ERA5 (Open-Meteo),1180.0,Climatological Mean (World Bank / FAO),45910930.0,70.68
UGA,Uganda,2022,507000.0,A,948141.055,359680.943,2287.128,1080.597,23.3,ERA5 (Open-Meteo),1180.0,Climatological Mean (World Bank / FAO),47312719.0,100.98
UGA,Uganda,2023,468000.0,A,994801.442,370712.699,2485.922,4054.003,23.61,ERA5 (Open-Meteo),1180.0,Climatological Mean (World Bank / FAO),48656601.0,82.5
UGA,Uganda,2024,402000.0,X,1353364.532,357255.226,810.253,1188.271,23.91,ERA5 (Open-Meteo),1180.0,Climatological Mean (World Bank / FAO),50015092.0,80.55
TZA,United Republic of Tanzania,1995,41971.0,A,140357.859,38586.45,2018.878,590.683,22.92,Berkeley Earth,1071.0,Climatological Mean (World Bank / FAO),30383497.0,17.03
TZA,United Republic of Tanzania,1996,52490.0,A,129641.209,50532.045,3109.648,1478.415,22.72,Berkeley Earth,1071.0,Climatological Mean (World Bank / FAO),30945762.0,20.64
TZA,United Republic of Tanzania,1997,43568.0,A,118110.836,39702.549,2384.459,2827.08,22.92,Berkeley Earth,1071.0,Climatological Mean (World Bank / FAO),31578089.0,19.15
TZA,United Republic of Tanzania,1998,38002.0,A,119903.947,39287.21,2795.682,4333.045999999999,23.05,Berkeley Earth,1071.0,Climatological Mean (World Bank / FAO),32420458.0,12.79
TZA,United Republic of Tanzania,1999,46670.0,A,95629.282,41273.073,8313.996,4940.578,22.64,Berkeley Earth,1071.0,Climatological Mean (World Bank / FAO),33300330.0,17.85
TZA,United Republic of Tanzania,2000,47800.0,A,88959.68400000001,47397.863,873.928,741.484,22.77,Berkeley Earth,1071.0,Climatological Mean (World Bank / FAO),34260139.0,28.57
TZA,United Republic of Tanzania,2001,58100.0,A,71040.922,52117.12,4773.103,5154.079,22.68,Berkeley Earth,1071.0,Climatological Mean (World Bank / FAO),35198299.0,24.49
TZA,United Republic of Tanzania,2002,66170.0,A,40381.982,36997.315,195.816,210.378,22.92,Berkeley Earth,1071.0,Climatological Mean (World Bank / FAO),36121304.0,25.0
TZA,United Republic of Tanzania,2003,52320.0,A,63409.317,52304.226,3067.269,3034.393,23.22,Berkeley Earth,1071.0,Climatological Mean (World Bank / FAO),37089555.0,28.88
TZA,United Republic of Tanzania,2004,72440.0,A,55522.362,40694.304,10113.749000000002,5801.417,22.98,Berkeley Earth,1071.0,Climatological Mean (World Bank / FAO),38109668.0,38.23
TZA,United Republic of Tanzania,2005,95390.0,A,94669.16,53608.601,404.381,257.608,23.67,Berkeley Earth,1071.0,Climatological Mean (World Bank / FAO),39182076.0,54.49
TZA,United Republic of Tanzania,2006,34300.0,A,82610.944,38711.605,1431.792,848.905,22.98,Berkeley Earth,1071.0,Climatological Mean (World Bank / FAO),40294902.0,65.18
TZA,United Republic of Tanzania,2007,48869.0,A,119111.74,51888.961,376.764,336.339,22.87,Berkeley Earth,1071.0,Climatological Mean (World Bank / FAO),41435512.0,72.58
TZA,United Republic of Tanzania,2008,43100.0,A,117453.458,43023.149,365.133,163.25,22.66,Berkeley Earth,1071.0,Climatological Mean (World Bank / FAO),42570728.0,97.02
TZA,United Republic of Tanzania,2009,62350.0,A,165619.601,63656.168000000005,429.484,163.679,23.09,Berkeley Earth,1071.0,Climatological Mean (World Bank / FAO),43633982.0,61.56
TZA,United Republic of Tanzania,2010,40000.0,A,131558.234,44749.6,19.339,49.415,23.22,Berkeley Earth,1071.0,Climatological Mean (World Bank / FAO),44758488.0,79.45
TZA,United Republic of Tanzania,2011,60575.0,A,210448.714,51797.246,72.041,20.944,23.0,Berkeley Earth,1071.0,Climatological Mean (World Bank / FAO),46029367.0,111.18
TZA,United Republic of Tanzania,2012,66204.0,A,176218.645,46455.495,1962.03,518.6700000000001,23.05,Berkeley Earth,1071.0,Climatological Mean (World Bank / FAO),47374260.0,111.61
TZA,United Republic of Tanzania,2013,71200.0,A,178107.063,65997.509,17.652,6.7330000000000005,23.02,Berkeley Earth,1071.0,Climatological Mean (World Bank / FAO),48824128.0,108.62
TZA,United Republic of Tanzania,2014,48982.0,A,144443.087,47331.037,26.376,12.03,22.87,Berkeley Earth,1071.0,Climatological Mean (World Bank / FAO),50351512.0,98.97
TZA,United Republic of Tanzania,2015,42674.0,A,162232.705,51694.889,6.895,12.826,23.18,Berkeley Earth,1071.0,Climatological Mean (World Bank / FAO),52020962.0,52.38
TZA,United Republic of Tanzania,2016,60921.0,A,151108.215,53887.003,316.796,149.522,23.45,Berkeley Earth,1071.0,Climatological Mean (World Bank / FAO),53824013.0,43.63
TZA,United Republic of Tanzania,2017,47693.0,A,141678.354,46675.98,57.726,23.153,23.97,ERA5 (Open-Meteo),1071.0,Climatological Mean (World Bank / FAO),55652890.0,54.22
TZA,United Republic of Tanzania,2018,45254.0,A,155503.399,50270.931,67.866,46.126000000000005,22.89,ERA5 (Open-Meteo),1071.0,Climatological Mean (World Bank / FAO),57437145.0,71.12
TZA,United Republic of Tanzania,2019,68147.0,A,158604.146,64469.069,11.885000000000002,1.977,23.64,ERA5 (Open-Meteo),1071.0,Climatological Mean (World Bank / FAO),59174891.0,64.38
TZA,United Republic of Tanzania,2020,60651.0,A,138284.192,56612.476,157.588,64.83,22.66,ERA5 (Open-Meteo),1071.0,Climatological Mean (World Bank / FAO),60972798.0,41.89
TZA,United Republic of Tanzania,2021,73027.0,A,178246.229,69269.549,3045.918,849.609,23.22,ERA5 (Open-Meteo),1071.0,Climatological Mean (World Bank / FAO),62830412.0,70.68
TZA,United Republic of Tanzania,2022,66837.0,A,249918.715,63688.474,3118.567,2171.148,23.07,ERA5 (Open-Meteo),1071.0,Climatological Mean (World Bank / FAO),64711821.0,100.98
TZA,United Republic of Tanzania,2023,62917.0,A,284735.765,85621.361,1386.155,931.877,23.82,ERA5 (Open-Meteo),1071.0,Climatological Mean (World Bank / FAO),66617606.0,82.5
TZA,United Republic of Tanzania,2024,77417.0,A,311841.084,76048.775,949.342,474.066,24.11,ERA5 (Open-Meteo),1071.0,Climatological Mean (World Bank / FAO),68560157.0,80.55
VUT,Vanuatu,1995,32.86,I,56.484,36.0,3.162,0.308,25.75,Berkeley Earth (proxy: fiji),2000.0,Climatological Mean (World Bank / FAO),167137.0,17.03
VUT,Vanuatu,1996,40.0,E,58.716,30.011,19.873,2.562,25.85,Berkeley Earth (proxy: fiji),2000.0,Climatological Mean (World Bank / FAO),170911.0,20.64
VUT,Vanuatu,1997,38.34,I,20.437,12.621,15.917,2.625,25.43,Berkeley Earth (proxy: fiji),2000.0,Climatological Mean (World Bank / FAO),174626.0,19.15
VUT,Vanuatu,1998,50.0,A,27.171,16.64,3.301,0.375,25.96,Berkeley Earth (proxy: fiji),2000.0,Climatological Mean (World Bank / FAO),178313.0,12.79
VUT,Vanuatu,1999,44.69,I,64.548,47.679,0.539,0.062,25.76,Berkeley Earth (proxy: fiji),2000.0,Climatological Mean (World Bank / FAO),182048.0,17.85
VUT,Vanuatu,2000,30.0,E,,,0.29,0.021,25.88,Berkeley Earth (proxy: fiji),2000.0,Climatological Mean (World Bank / FAO),186281.0,28.57
VUT,Vanuatu,2001,15.0,E,,,,,25.88,Berkeley Earth (proxy: fiji),2000.0,Climatological Mean (World Bank / FAO),191031.0,24.49
VUT,Vanuatu,2002,20.2,I,4.781,1.313,3.934,0.147,25.9,Berkeley Earth (proxy: fiji),2000.0,Climatological Mean (World Bank / FAO),195863.0,25.0
VUT,Vanuatu,2003,15.85,I,,,9.682,0.568,25.65,Berkeley Earth (proxy: fiji),2000.0,Climatological Mean (World Bank / FAO),200746.0,28.88
VUT,Vanuatu,2004,15.71,I,,,6.747,2.1,25.65,Berkeley Earth (proxy: fiji),2000.0,Climatological Mean (World Bank / FAO),205711.0,38.23
VUT,Vanuatu,2005,14.0,E,77.869,72.0,16.473000000000003,4.154999999999999,25.77,Berkeley Earth (proxy: fiji),2000.0,Climatological Mean (World Bank / FAO),210760.0,54.49
VUT,Vanuatu,2006,15.53,I,462.657,288.708,162.981,78.833,25.76,Berkeley Earth (proxy: fiji),2000.0,Climatological Mean (World Bank / FAO),215923.0,65.18
VUT,Vanuatu,2007,15.57,I,,,5.197,9.831,26.21,Berkeley Earth (proxy: fiji),2000.0,Climatological Mean (World Bank / FAO),221276.0,72.58
VUT,Vanuatu,2008,15.0,E,,,5.617,2.185,25.83,Berkeley Earth (proxy: fiji),2000.0,Climatological Mean (World Bank / FAO),226896.0,97.02
VUT,Vanuatu,2009,15.38,I,0.668,0.041,4.798,2.438,25.34,Berkeley Earth (proxy: fiji),2000.0,Climatological Mean (World Bank / FAO),232731.0,61.56
VUT,Vanuatu,2010,15.47,I,46.704,10.251,7.188999999999999,0.6749999999999999,26.07,Berkeley Earth (proxy: fiji),2000.0,Climatological Mean (World Bank / FAO),238248.0,79.45
VUT,Vanuatu,2011,15.47,I,85.047,20.589,50.1,24.743,25.94,Berkeley Earth (proxy: fiji),2000.0,Climatological Mean (World Bank / FAO),243474.0,111.18
VUT,Vanuatu,2012,15.46,I,9.429,0.763,231.769,115.302,25.65,Berkeley Earth (proxy: fiji),2000.0,Climatological Mean (World Bank / FAO),248883.0,111.61
VUT,Vanuatu,2013,15.64,I,63.606,13.555,3.214,0.433,26.03,Berkeley Earth (proxy: fiji),2000.0,Climatological Mean (World Bank / FAO),254482.0,108.62
VUT,Vanuatu,2014,15.3,I,243.527,43.308,1.035,0.032,25.82,Berkeley Earth (proxy: fiji),2000.0,Climatological Mean (World Bank / FAO),260240.0,98.97
VUT,Vanuatu,2015,15.22,I,174.319,22.557,5.414,1.0,25.7,Berkeley Earth (proxy: fiji),2000.0,Climatological Mean (World Bank / FAO),266101.0,52.38
VUT,Vanuatu,2016,15.13,I,12.681,1.0,91.721,18.699,26.15,Berkeley Earth (proxy: fiji),2000.0,Climatological Mean (World Bank / FAO),272087.0,43.63
VUT,Vanuatu,2017,15.03,I,40.98,6.22,5.089,0.074,21.01,ERA5 (Open-Meteo),2000.0,Climatological Mean (World Bank / FAO),278507.0,54.22
VUT,Vanuatu,2018,14.93,I,168.401,31.827,,,20.78,ERA5 (Open-Meteo),2000.0,Climatological Mean (World Bank / FAO),285259.0,71.12
VUT,Vanuatu,2019,14.59,I,26.452,3.0,1.93,0.072,20.78,ERA5 (Open-Meteo),2000.0,Climatological Mean (World Bank / FAO),291985.0,64.38
VUT,Vanuatu,2020,14.37,I,107.901,17.269,65.029,17.987000000000002,21.19,ERA5 (Open-Meteo),2000.0,Climatological Mean (World Bank / FAO),298858.0,41.89
VUT,Vanuatu,2021,14.44,I,78.357,12.946,22.111,2.16,21.12,ERA5 (Open-Meteo),2000.0,Climatological Mean (World Bank / FAO),305868.0,70.68
VUT,Vanuatu,2022,15.0,A,79.824,13.336,47.635,5.896999999999999,21.45,ERA5 (Open-Meteo),2000.0,Climatological Mean (World Bank / FAO),313046.0,100.98
VUT,Vanuatu,2023,14.49,I,43.712,6.449,152.293,34.371,20.82,ERA5 (Open-Meteo),2000.0,Climatological Mean (World Bank / FAO),320409.0,82.5
VUT,Vanuatu,2024,13.43,I,,,70.96100000000001,8.85,21.29,ERA5 (Open-Meteo),2000.0,Climatological Mean (World Bank / FAO),327777.0,80.55
VEN,Venezuela (Bolivarian Republic of),1995,65088.0,A,19251.432,6037.291,,,26.13,Berkeley Earth,2044.0,Climatological Mean (World Bank / FAO),22193821.0,17.03
VEN,Venezuela (Bolivarian Republic of),1996,73026.0,A,61366.254,24010.599,,,25.84,Berkeley Earth,2044.0,Climatological Mean (World Bank / FAO),22662113.0,20.64
VEN,Venezuela (Bolivarian Republic of),1997,63000.0,A,27663.239,7568.732,312.474,197.85,26.04,Berkeley Earth,2044.0,Climatological Mean (World Bank / FAO),23131685.0,19.15
VEN,Venezuela (Bolivarian Republic of),1998,66840.0,A,29970.293,12234.857,,,26.37,Berkeley Earth,2044.0,Climatological Mean (World Bank / FAO),23601337.0,12.79
VEN,Venezuela (Bolivarian Republic of),1999,79854.0,A,61799.038,26589.629,531.0840000000001,158.389,25.76,Berkeley Earth,2044.0,Climatological Mean (World Bank / FAO),24066593.0,17.85
VEN,Venezuela (Bolivarian Republic of),2000,78440.0,A,5662.614,2408.786,305.135,359.693,25.72,Berkeley Earth,2044.0,Climatological Mean (World Bank / FAO),24526708.0,28.57
VEN,Venezuela (Bolivarian Republic of),2001,91877.0,A,1553.536,1454.353,127.614,106.908,26.06,Berkeley Earth,2044.0,Climatological Mean (World Bank / FAO),24979922.0,24.49
VEN,Venezuela (Bolivarian Republic of),2002,84470.0,A,14571.901,12002.769,7.874,16.038,26.18,Berkeley Earth,2044.0,Climatological Mean (World Bank / FAO),25435671.0,25.0
VEN,Venezuela (Bolivarian Republic of),2003,64265.0,A,15824.661,12970.443,980.578,692.279,26.37,Berkeley Earth,2044.0,Climatological Mean (World Bank / FAO),25892703.0,28.88
VEN,Venezuela (Bolivarian Republic of),2004,71503.0,A,10732.283,7252.333,4.671,1.749,26.17,Berkeley Earth,2044.0,Climatological Mean (World Bank / FAO),26340838.0,38.23
VEN,Venezuela (Bolivarian Republic of),2005,64484.0,A,879.2669999999999,615.082,278.572,112.124,26.29,Berkeley Earth,2044.0,Climatological Mean (World Bank / FAO),26785804.0,54.49
VEN,Venezuela (Bolivarian Republic of),2006,74332.0,A,4857.777,2341.279,90.036,21.531,26.11,Berkeley Earth,2044.0,Climatological Mean (World Bank / FAO),27224686.0,65.18
VEN,Venezuela (Bolivarian Republic of),2007,70311.0,A,5974.013,2553.914,53.261,21.603,26.09,Berkeley Earth,2044.0,Climatological Mean (World Bank / FAO),27649363.0,72.58
VEN,Venezuela (Bolivarian Republic of),2008,72000.0,A,13943.364,4279.001,4.604,1.479,25.93,Berkeley Earth,2044.0,Climatological Mean (World Bank / FAO),28053696.0,97.02
VEN,Venezuela (Bolivarian Republic of),2009,63193.0,A,1697.187,766.377,58354.57,18074.21,26.35,Berkeley Earth,2044.0,Climatological Mean (World Bank / FAO),28438298.0,61.56
VEN,Venezuela (Bolivarian Republic of),2010,71687.0,A,2005.813,819.062,61572.684,19193.144,26.51,Berkeley Earth,2044.0,Climatological Mean (World Bank / FAO),28813101.0,79.45
VEN,Venezuela (Bolivarian Republic of),2011,72109.0,A,0.039,0.01,123555.198,21988.784,26.09,Berkeley Earth,2044.0,Climatological Mean (World Bank / FAO),29185212.0,111.18
VEN,Venezuela (Bolivarian Republic of),2012,60917.0,A,517.166,149.006,203132.099,44934.097,26.04,Berkeley Earth,2044.0,Climatological Mean (World Bank / FAO),29553826.0,111.61
VEN,Venezuela (Bolivarian Republic of),2013,62069.0,A,822.483,319.033,200275.121,39034.308,26.2,Berkeley Earth,2044.0,Climatological Mean (World Bank / FAO),29912198.0,108.62
VEN,Venezuela (Bolivarian Republic of),2014,52683.0,A,13.051,1.45,62964.478,16123.394,26.28,Berkeley Earth,2044.0,Climatological Mean (World Bank / FAO),30254079.0,98.97
VEN,Venezuela (Bolivarian Republic of),2015,49987.0,A,583.071,134.469,119711.276,33907.163,26.46,Berkeley Earth,2044.0,Climatological Mean (World Bank / FAO),30573972.0,52.38
VEN,Venezuela (Bolivarian Republic of),2016,50947.58,A,0.001,0.0,14915.123,5412.178999999999,26.44,Berkeley Earth,2044.0,Climatological Mean (World Bank / FAO),30765720.0,43.63
VEN,Venezuela (Bolivarian Republic of),2017,56630.0,A,2141.718,898.703,5700.392000000001,2389.796,27.09,ERA5 (Open-Meteo),2044.0,Climatological Mean (World Bank / FAO),30565323.0,54.22
VEN,Venezuela (Bolivarian Republic of),2018,58188.0,A,5571.4400000000005,4274.2570000000005,6852.589,2051.292,27.18,ERA5 (Open-Meteo),2044.0,Climatological Mean (World Bank / FAO),29807592.0,71.12
VEN,Venezuela (Bolivarian Republic of),2019,57015.0,A,3233.355,3159.638,4616.717,2752.204,27.58,ERA5 (Open-Meteo),2044.0,Climatological Mean (World Bank / FAO),28938098.0,64.38
VEN,Venezuela (Bolivarian Republic of),2020,54242.0,A,5443.023,2325.2090000000003,4834.687,3136.1600000000003,27.99,ERA5 (Open-Meteo),2044.0,Climatological Mean (World Bank / FAO),28444077.0,41.89
VEN,Venezuela (Bolivarian Republic of),2021,53723.0,A,12792.431,3554.952,38.815,8.189,26.75,ERA5 (Open-Meteo),2044.0,Climatological Mean (World Bank / FAO),28237826.0,70.68
VEN,Venezuela (Bolivarian Republic of),2022,57177.0,A,35848.909,7866.624,854.2810000000001,382.942,26.9,ERA5 (Open-Meteo),2044.0,Climatological Mean (World Bank / FAO),28213017.0,100.98
VEN,Venezuela (Bolivarian Republic of),2023,58625.0,A,7156.298,1904.462,992.838,366.323,28.2,ERA5 (Open-Meteo),2044.0,Climatological Mean (World Bank / FAO),28300854.0,82.5
VEN,Venezuela (Bolivarian Republic of),2024,58268.29,I,15094.397,3552.905,38.942,9.068,29.16,ERA5 (Open-Meteo),2044.0,Climatological Mean (World Bank / FAO),28405543.0,80.55
VNM,Viet Nam,1995,218000.0,A,712005.3250000001,250122.743,113.003,33.19,24.14,Berkeley Earth,1821.0,Climatological Mean (World Bank / FAO),72049940.0,17.03
VNM,Viet Nam,1996,320100.0,A,420854.192,235270.821,979.633,513.085,23.96,Berkeley Earth,1821.0,Climatological Mean (World Bank / FAO),73156447.0,20.64
VNM,Viet Nam,1997,420500.0,A,549443.233,379109.648,1041.533,834.687,24.32,Berkeley Earth,1821.0,Climatological Mean (World Bank / FAO),74226889.0,19.15
VNM,Viet Nam,1998,409300.0,A,703287.022,421429.457,794.485,503.534,25.14,Berkeley Earth,1821.0,Climatological Mean (World Bank / FAO),75299660.0,12.79
VNM,Viet Nam,1999,553200.0,A,633313.8489999999,432699.222,1317.925,857.12,24.31,Berkeley Earth,1821.0,Climatological Mean (World Bank / FAO),76287452.0,17.85
VNM,Viet Nam,2000,802500.0,A,610977.729,578031.528,945.241,535.244,24.22,Berkeley Earth,1821.0,Climatological Mean (World Bank / FAO),77154011.0,28.57
VNM,Viet Nam,2001,840600.0,A,484024.706,634625.423,7137.786,5742.505999999999,24.45,Berkeley Earth,1821.0,Climatological Mean (World Bank / FAO),77969361.0,24.49
VNM,Viet Nam,2002,699500.0,A,407722.914,650671.082,3775.171,3577.965,24.65,Berkeley Earth,1821.0,Climatological Mean (World Bank / FAO),78772224.0,25.0
VNM,Viet Nam,2003,793700.0,A,563941.151,655203.268,4330.303,3670.625,24.71,Berkeley Earth,1821.0,Climatological Mean (World Bank / FAO),79563777.0,28.88
VNM,Viet Nam,2004,913800.0,X,693076.002,768370.135,3351.6739999999995,2343.329,24.28,Berkeley Earth,1821.0,Climatological Mean (World Bank / FAO),80338971.0,38.23
VNM,Viet Nam,2005,831000.0,X,915941.36,837683.236,1573.117,939.176,24.59,Berkeley Earth,1821.0,Climatological Mean (World Bank / FAO),81088313.0,54.49
VNM,Viet Nam,2006,985300.0,A,1316950.899,1008582.931,1974.495,1224.231,24.79,Berkeley Earth,1821.0,Climatological Mean (World Bank / FAO),82167897.0,65.18
VNM,Viet Nam,2007,1251000.0,X,2011665.917,1183799.277,7732.908,4827.615,24.51,Berkeley Earth,1821.0,Climatological Mean (World Bank / FAO),83633375.0,72.58
VNM,Viet Nam,2008,1055811.0,A,2280792.4250000003,1015944.736,9896.555,3913.836,23.99,Berkeley Earth,1821.0,Climatological Mean (World Bank / FAO),85175788.0,97.02
VNM,Viet Nam,2009,1057539.6,A,1881931.879,1056538.411,13848.204,4775.342,24.66,Berkeley Earth,1821.0,Climatological Mean (World Bank / FAO),86460018.0,61.56
VNM,Viet Nam,2010,1105700.0,A,1900116.259,1159480.484,10523.645,5047.412,25.03,Berkeley Earth,1821.0,Climatological Mean (World Bank / FAO),87455152.0,79.45
VNM,Viet Nam,2011,1276506.0,A,2771747.629,1149699.828,26849.602,8035.048,23.89,Berkeley Earth,1821.0,Climatological Mean (World Bank / FAO),88468314.0,111.18
VNM,Viet Nam,2012,1260463.0,A,3444777.965,1520344.248,30921.349,13092.68,24.82,Berkeley Earth,1821.0,Climatological Mean (World Bank / FAO),89510356.0,111.61
VNM,Viet Nam,2013,1326688.0,A,2837532.494,1295436.606,47569.546,17004.653000000002,24.51,Berkeley Earth,1821.0,Climatological Mean (World Bank / FAO),90573104.0,108.62
VNM,Viet Nam,2014,1406469.0,A,3160640.973,1484735.309,62356.709,16128.77,24.63,Berkeley Earth,1821.0,Climatological Mean (World Bank / FAO),91679578.0,98.97
VNM,Viet Nam,2015,1452999.3,A,2593981.742,1264445.171,39672.19,15348.721,25.2,Berkeley Earth,1821.0,Climatological Mean (World Bank / FAO),92823254.0,52.38
VNM,Viet Nam,2016,1460800.01,A,3109583.357,1648917.21,53967.269,32056.317,25.11,Berkeley Earth,1821.0,Climatological Mean (World Bank / FAO),94000117.0,43.63
VNM,Viet Nam,2017,1542397.88,A,3218149.643,1437272.725,83480.879,36452.243,19.78,ERA5 (Open-Meteo),1821.0,Climatological Mean (World Bank / FAO),95176977.0,54.22
VNM,Viet Nam,2018,1616307.25,A,3254275.448,1251802.388,102660.689,33867.897000000004,19.87,ERA5 (Open-Meteo),1821.0,Climatological Mean (World Bank / FAO),96237319.0,71.12
VNM,Viet Nam,2019,1686765.17,A,2582443.661,1503971.052,69510.739,32206.037,20.8,ERA5 (Open-Meteo),1821.0,Climatological Mean (World Bank / FAO),97173776.0,64.38
VNM,Viet Nam,2020,1763476.04,A,2405204.554,1389821.596,87226.552,37805.178,20.37,ERA5 (Open-Meteo),1821.0,Climatological Mean (World Bank / FAO),98079191.0,41.89
VNM,Viet Nam,2021,1845032.98,A,2348027.379,1272064.872,77396.227,25023.102,20.14,ERA5 (Open-Meteo),1821.0,Climatological Mean (World Bank / FAO),98935098.0,70.68
VNM,Viet Nam,2022,1953990.16,A,3337660.967,1430056.251,105222.008,26762.845,19.57,ERA5 (Open-Meteo),1821.0,Climatological Mean (World Bank / FAO),99680655.0,100.98
VNM,Viet Nam,2023,1956782.46,A,3545600.981,1361025.088,146421.37600000002,40383.015,20.49,ERA5 (Open-Meteo),1821.0,Climatological Mean (World Bank / FAO),100352192.0,82.5
VNM,Viet Nam,2024,2015289.0,A,4065975.479,1092837.248,268571.322,69787.493,20.85,ERA5 (Open-Meteo),1821.0,Climatological Mean (World Bank / FAO),100987686.0,80.55
YEM,Yemen,1995,8993.0,A,20289.583,3911.662,153.36700000000002,36.726,26.68,Berkeley Earth,167.0,Climatological Mean (World Bank / FAO),16740058.0,17.03
YEM,Yemen,1996,10600.0,A,15791.929000000002,3735.0,174.381,79.43599999999999,26.36,Berkeley Earth,167.0,Climatological Mean (World Bank / FAO),17313177.0,20.64
YEM,Yemen,1997,10325.0,A,6071.834,1028.404,2617.511,939.487,26.8,Berkeley Earth,167.0,Climatological Mean (World Bank / FAO),17873936.0,19.15
YEM,Yemen,1998,11283.0,A,10321.364,3186.681,1440.534,461.773,27.07,Berkeley Earth,167.0,Climatological Mean (World Bank / FAO),18446013.0,12.79
YEM,Yemen,1999,11182.0,A,12470.164,3934.892,2090.363,746.488,27.08,Berkeley Earth,167.0,Climatological Mean (World Bank / FAO),19029420.0,17.85
YEM,Yemen,2000,11363.0,A,10343.856,4067.634,2123.365,1103.371,27.1,Berkeley Earth,167.0,Climatological Mean (World Bank / FAO),19624141.0,28.57
YEM,Yemen,2001,11906.0,A,13256.638,6166.7880000000005,1822.089,1253.4,26.78,Berkeley Earth,167.0,Climatological Mean (World Bank / FAO),20226147.0,24.49
YEM,Yemen,2002,11499.0,A,10649.354,5604.661,1096.857,821.723,26.97,Berkeley Earth,167.0,Climatological Mean (World Bank / FAO),20835086.0,25.0
YEM,Yemen,2003,11608.0,A,12840.302,6538.004999999999,961.218,668.708,27.2,Berkeley Earth,167.0,Climatological Mean (World Bank / FAO),21456379.0,28.88
YEM,Yemen,2004,10260.0,A,13227.524,5241.859,585.704,253.747,27.09,Berkeley Earth,167.0,Climatological Mean (World Bank / FAO),22095167.0,38.23
YEM,Yemen,2005,11331.0,A,19296.795,6066.317,369.115,278.596,27.09,Berkeley Earth,167.0,Climatological Mean (World Bank / FAO),22790085.0,54.49
YEM,Yemen,2006,17292.0,A,13836.308,3316.817,523.149,256.19,27.24,Berkeley Earth,167.0,Climatological Mean (World Bank / FAO),23543083.0,65.18
YEM,Yemen,2007,18330.0,A,17391.223,3917.701,1345.651,567.146,27.15,Berkeley Earth,167.0,Climatological Mean (World Bank / FAO),24318082.0,72.58
YEM,Yemen,2008,18788.0,A,17010.742,4647.986,1255.875,588.2,26.69,Berkeley Earth,167.0,Climatological Mean (World Bank / FAO),25111941.0,97.02
YEM,Yemen,2009,18924.0,A,14360.263,2542.442,697.031,333.127,27.25,Berkeley Earth,167.0,Climatological Mean (World Bank / FAO),25927724.0,61.56
YEM,Yemen,2010,19029.0,A,13644.979,2699.585,2310.287,1557.667,27.23,Berkeley Earth,167.0,Climatological Mean (World Bank / FAO),26754387.0,79.45
YEM,Yemen,2011,19275.0,A,16420.310999999998,2953.381,392.988,140.375,27.07,Berkeley Earth,167.0,Climatological Mean (World Bank / FAO),27582897.0,111.18
YEM,Yemen,2012,19828.0,A,16790.111,3570.672,1332.041,843.028,27.14,Berkeley Earth,167.0,Climatological Mean (World Bank / FAO),28433647.0,111.61
YEM,Yemen,2013,19984.0,A,17683.705,3255.892,2802.158,1582.346,26.96,Berkeley Earth,167.0,Climatological Mean (World Bank / FAO),29312952.0,108.62
YEM,Yemen,2014,20059.0,A,13853.476,3839.604,855.525,376.889,27.14,Berkeley Earth,167.0,Climatological Mean (World Bank / FAO),30226309.0,98.97
YEM,Yemen,2015,19257.0,A,12205.442,2765.76,1532.997,1112.748,27.55,Berkeley Earth,167.0,Climatological Mean (World Bank / FAO),31159379.0,52.38
YEM,Yemen,2016,18945.0,A,10063.099,2156.491,414.203,248.78,27.46,Berkeley Earth,167.0,Climatological Mean (World Bank / FAO),32109010.0,43.63
YEM,Yemen,2017,18767.0,A,15534.998,2897.512,1080.99,528.076,21.08,ERA5 (Open-Meteo),167.0,Climatological Mean (World Bank / FAO),33090921.0,54.22
YEM,Yemen,2018,18642.0,A,16686.093,4008.247,1301.629,595.206,21.14,ERA5 (Open-Meteo),167.0,Climatological Mean (World Bank / FAO),34085182.0,71.12
YEM,Yemen,2019,20812.0,A,12597.429999999998,2832.062,4652.773,2511.033,21.88,ERA5 (Open-Meteo),167.0,Climatological Mean (World Bank / FAO),35111408.0,64.38
YEM,Yemen,2020,21443.0,X,7827.866,935.622,4203.157,1827.757,21.56,ERA5 (Open-Meteo),167.0,Climatological Mean (World Bank / FAO),36134863.0,41.89
YEM,Yemen,2021,41933.49,X,11743.249,1402.132,7287.316,2341.495,21.39,ERA5 (Open-Meteo),167.0,Climatological Mean (World Bank / FAO),37140230.0,70.68
YEM,Yemen,2022,23945.0,X,11194.66,1222.656,8775.175,2293.107,21.52,ERA5 (Open-Meteo),167.0,Climatological Mean (World Bank / FAO),38222876.0,100.98
YEM,Yemen,2023,24640.0,X,10799.085,1397.532,6365.097,1677.318,21.89,ERA5 (Open-Meteo),167.0,Climatological Mean (World Bank / FAO),39390799.0,82.5
YEM,Yemen,2024,26544.19,I,6887.698,651.638,648.388,191.584,22.36,ERA5 (Open-Meteo),167.0,Climatological Mean (World Bank / FAO),40583164.0,80.55
ZMB,Zambia,1995,1232.0,A,6100.911,1826.616,3.556,1.463,22.38,Berkeley Earth,1020.0,Climatological Mean (World Bank / FAO),8785763.0,17.03
ZMB,Zambia,1996,1580.0,A,6992.148,1473.418,19.484,0.0,21.89,Berkeley Earth,1020.0,Climatological Mean (World Bank / FAO),9004053.0,20.64
ZMB,Zambia,1997,2167.0,A,6133.877,2031.069,879.305,369.625,21.9,Berkeley Earth,1020.0,Climatological Mean (World Bank / FAO),9237063.0,19.15
ZMB,Zambia,1998,2628.0,A,10130.708,2591.435,1175.856,672.125,22.3,Berkeley Earth,1020.0,Climatological Mean (World Bank / FAO),9482408.0,12.79
ZMB,Zambia,1999,3450.0,A,8840.478,3089.386,91.875,39.027,21.57,Berkeley Earth,1020.0,Climatological Mean (World Bank / FAO),9740005.0,17.85
ZMB,Zambia,2000,2200.0,A,9330.611,4995.761,14.814,3.157,21.61,Berkeley Earth,1020.0,Climatological Mean (World Bank / FAO),10017631.0,28.57
ZMB,Zambia,2001,5868.0,A,9453.077,6430.41,35.346,31.891,21.8,Berkeley Earth,1020.0,Climatological Mean (World Bank / FAO),10325185.0,24.49
ZMB,Zambia,2002,5000.0,A,7639.637,4947.548,147.584,54.265,22.21,Berkeley Earth,1020.0,Climatological Mean (World Bank / FAO),10647949.0,25.0
ZMB,Zambia,2003,6500.0,A,9902.184,6405.764999999999,63.193,39.802,22.19,Berkeley Earth,1020.0,Climatological Mean (World Bank / FAO),10983595.0,28.88
ZMB,Zambia,2004,5881.0,A,14052.556,7180.56,102.723,74.84200000000001,21.74,Berkeley Earth,1020.0,Climatological Mean (World Bank / FAO),11338198.0,38.23
ZMB,Zambia,2005,6684.64,A,15039.435,6743.394,32.125,12.489,22.69,Berkeley Earth,1020.0,Climatological Mean (World Bank / FAO),11718819.0,54.49
ZMB,Zambia,2006,6126.7,A,12456.755,5026.69,45.859,11.084,21.98,Berkeley Earth,1020.0,Climatological Mean (World Bank / FAO),12129553.0,65.18
ZMB,Zambia,2007,3431.84,A,10318.678,3622.618,68.37,22.182,22.13,Berkeley Earth,1020.0,Climatological Mean (World Bank / FAO),12565085.0,72.58
ZMB,Zambia,2008,6584.09,I,10350.004,3387.187,147.168,57.731,21.82,Berkeley Earth,1020.0,Climatological Mean (World Bank / FAO),13021324.0,97.02
ZMB,Zambia,2009,7140.61,I,7579.045,2616.1310000000003,102.785,49.078,21.84,Berkeley Earth,1020.0,Climatological Mean (World Bank / FAO),13490389.0,61.56
ZMB,Zambia,2010,7390.95,I,5016.793,1449.961,133.189,37.479,22.4,Berkeley Earth,1020.0,Climatological Mean (World Bank / FAO),13965594.0,79.45
ZMB,Zambia,2011,7120.19,I,2273.421,488.13,127.87,20.339,22.01,Berkeley Earth,1020.0,Climatological Mean (World Bank / FAO),14437796.0,111.18
ZMB,Zambia,2012,7372.36,I,2205.54,504.646,122.287,30.052,22.04,Berkeley Earth,1020.0,Climatological Mean (World Bank / FAO),14913629.0,111.61
ZMB,Zambia,2013,7415.12,I,2002.007,736.705,121.397,44.621,22.22,Berkeley Earth,1020.0,Climatological Mean (World Bank / FAO),15398997.0,108.62
ZMB,Zambia,2014,7564.41,I,1128.921,318.747,96.282,24.789,22.13,Berkeley Earth,1020.0,Climatological Mean (World Bank / FAO),15895315.0,98.97
ZMB,Zambia,2015,8051.05,I,751.4590000000001,219.923,149.251,57.222,22.63,Berkeley Earth,1020.0,Climatological Mean (World Bank / FAO),16399089.0,52.38
ZMB,Zambia,2016,8732.02,I,2825.8,711.5349999999999,159.189,58.244,22.72,Berkeley Earth,1020.0,Climatological Mean (World Bank / FAO),16914423.0,43.63
ZMB,Zambia,2017,8760.77,I,3727.97,1089.359,110.369,33.634,22.74,ERA5 (Open-Meteo),1020.0,Climatological Mean (World Bank / FAO),17441320.0,54.22
ZMB,Zambia,2018,8514.61,E,5807.473999999999,1566.298,176.41000000000005,55.391,23.46,ERA5 (Open-Meteo),1020.0,Climatological Mean (World Bank / FAO),17973569.0,71.12
ZMB,Zambia,2019,9003.91,I,5633.05,1713.403,132.71099999999998,50.158,24.15,ERA5 (Open-Meteo),1020.0,Climatological Mean (World Bank / FAO),18513839.0,64.38
ZMB,Zambia,2020,8759.76,E,7846.167,2877.335,196.542,70.268,23.97,ERA5 (Open-Meteo),1020.0,Climatological Mean (World Bank / FAO),19059395.0,41.89
ZMB,Zambia,2021,8759.43,E,14161.649,3061.482,163.07500000000002,48.374,23.72,ERA5 (Open-Meteo),1020.0,Climatological Mean (World Bank / FAO),19603607.0,70.68
ZMB,Zambia,2022,8841.03,E,19634.371,3764.767,214.387,25.228,23.41,ERA5 (Open-Meteo),1020.0,Climatological Mean (World Bank / FAO),20152938.0,100.98
ZMB,Zambia,2023,8786.74,E,16438.732,3430.2200000000003,92.039,18.421,24.56,ERA5 (Open-Meteo),1020.0,Climatological Mean (World Bank / FAO),20723965.0,82.5
ZMB,Zambia,2024,8795.73,E,22594.246,5596.192999999999,120.259,35.36,25.31,ERA5 (Open-Meteo),1020.0,Climatological Mean (World Bank / FAO),21314956.0,80.55
ZWE,Zimbabwe,1995,7860.0,X,31717.836,10288.448,,,22.32,Berkeley Earth,657.0,Climatological Mean (World Bank / FAO),10974599.0,17.03
ZWE,Zimbabwe,1996,11500.0,A,18698.79,7018.196,155.195,108.0,21.43,Berkeley Earth,657.0,Climatological Mean (World Bank / FAO),11158360.0,20.64
ZWE,Zimbabwe,1997,9300.0,A,35070.774000000005,10393.617,,,21.52,Berkeley Earth,657.0,Climatological Mean (World Bank / FAO),11369827.0,19.15
ZWE,Zimbabwe,1998,10000.0,A,32414.696,8044.097,,,22.06,Berkeley Earth,657.0,Climatological Mean (World Bank / FAO),11594297.0,12.79
ZWE,Zimbabwe,1999,10000.0,A,22443.15,7433.865,,,21.43,Berkeley Earth,657.0,Climatological Mean (World Bank / FAO),11783458.0,17.85
ZWE,Zimbabwe,2000,9100.0,A,17422.547,8653.113,48.967000000000006,18.018,21.12,Berkeley Earth,657.0,Climatological Mean (World Bank / FAO),11892055.0,28.57
ZWE,Zimbabwe,2001,7518.0,A,10761.737,7108.871,40.209,27.515,21.6,Berkeley Earth,657.0,Climatological Mean (World Bank / FAO),11971901.0,24.49
ZWE,Zimbabwe,2002,8050.0,A,11269.336,6614.527,0.254,0.0789999999999999,22.01,Berkeley Earth,657.0,Climatological Mean (World Bank / FAO),12087653.0,25.0
ZWE,Zimbabwe,2003,10000.0,A,8786.54,5389.229,56.58,31.466,21.83,Berkeley Earth,657.0,Climatological Mean (World Bank / FAO),12232323.0,28.88
ZWE,Zimbabwe,2004,5800.0,X,10427.959,7347.295,111.951,63.898,21.39,Berkeley Earth,657.0,Climatological Mean (World Bank / FAO),12365896.0,38.23
ZWE,Zimbabwe,2005,3960.0,X,8870.618,4439.646,20.633,2.779,22.56,Berkeley Earth,657.0,Climatological Mean (World Bank / FAO),12483432.0,54.49
ZWE,Zimbabwe,2006,2700.0,X,6848.35,3152.669,76.174,24.092,21.71,Berkeley Earth,657.0,Climatological Mean (World Bank / FAO),12636445.0,65.18
ZWE,Zimbabwe,2007,1860.0,X,4580.812,2208.806,33.731,8.547,21.72,Berkeley Earth,657.0,Climatological Mean (World Bank / FAO),12804058.0,72.58
ZWE,Zimbabwe,2008,1440.0,X,3784.419,1386.152,147.615,49.6,21.67,Berkeley Earth,657.0,Climatological Mean (World Bank / FAO),12959149.0,97.02
ZWE,Zimbabwe,2009,1260.0,X,2903.469,1219.443,225.092,72.497,21.62,Berkeley Earth,657.0,Climatological Mean (World Bank / FAO),13142790.0,61.56
ZWE,Zimbabwe,2010,600.0,X,1316.276,448.879,252.033,53.538,22.14,Berkeley Earth,657.0,Climatological Mean (World Bank / FAO),13356548.0,79.45
ZWE,Zimbabwe,2011,540.0,X,1282.01,243.544,197.07,44.569,21.74,Berkeley Earth,657.0,Climatological Mean (World Bank / FAO),13595424.0,111.18
ZWE,Zimbabwe,2012,540.0,X,1123.272,246.156,95.741,29.18,22.06,Berkeley Earth,657.0,Climatological Mean (World Bank / FAO),13817887.0,111.61
ZWE,Zimbabwe,2013,763.9,I,599.135,149.638,80.372,26.983,21.82,Berkeley Earth,657.0,Climatological Mean (World Bank / FAO),14013808.0,108.62
ZWE,Zimbabwe,2014,850.0,E,1390.009,714.8969999999999,116.244,28.585,21.82,Berkeley Earth,657.0,Climatological Mean (World Bank / FAO),14207359.0,98.97
ZWE,Zimbabwe,2015,500.0,E,1788.221,566.579,46.74,18.951,22.5,Berkeley Earth,657.0,Climatological Mean (World Bank / FAO),14399013.0,52.38
ZWE,Zimbabwe,2016,700.0,E,2425.001,810.179,30.663000000000004,9.133,22.67,Berkeley Earth,657.0,Climatological Mean (World Bank / FAO),14600294.0,43.63
ZWE,Zimbabwe,2017,545.66,I,560.028,146.35399999999998,23.231,10.572,20.84,ERA5 (Open-Meteo),657.0,Climatological Mean (World Bank / FAO),14812482.0,54.22
ZWE,Zimbabwe,2018,491.71,I,678.529,190.7,71.743,8.143,21.82,ERA5 (Open-Meteo),657.0,Climatological Mean (World Bank / FAO),15034452.0,71.12
ZWE,Zimbabwe,2019,531.0,A,2386.312,448.232,281.696,37.934,22.84,ERA5 (Open-Meteo),657.0,Climatological Mean (World Bank / FAO),15271368.0,64.38
ZWE,Zimbabwe,2020,579.0,A,1890.349,342.77500000000003,22.268,36.224,21.74,ERA5 (Open-Meteo),657.0,Climatological Mean (World Bank / FAO),15526888.0,41.89
ZWE,Zimbabwe,2021,608.0,A,2073.099,367.972,34.741,11.363,21.59,ERA5 (Open-Meteo),657.0,Climatological Mean (World Bank / FAO),15797210.0,70.68
ZWE,Zimbabwe,2022,681.0,A,1037.639,148.912,180.17,51.355,21.55,ERA5 (Open-Meteo),657.0,Climatological Mean (World Bank / FAO),16069056.0,100.98
ZWE,Zimbabwe,2023,665.49,I,480.239,98.148,87.37,26.126,22.32,ERA5 (Open-Meteo),657.0,Climatological Mean (World Bank / FAO),16340822.0,82.5
ZWE,Zimbabwe,2024,572.0,A,2839.201,444.39,12.075,18.526,22.92,ERA5 (Open-Meteo),657.0,Climatological Mean (World Bank / FAO),16634373.0,80.55
