ISO3,Country_Name,Year,Production_tonnes,FAO_Flag,Export_Value_1000USD,Export_Qty_tonnes,Import_Value_1000USD,Import_Qty_tonnes
AGO,Angola,1961,168600.0,A,,,,
AGO,Angola,1962,185000.0,A,,,,
AGO,Angola,1963,168300.0,A,,,,
AGO,Angola,1964,198200.0,A,,,,
AGO,Angola,1965,205000.0,A,,,,
AGO,Angola,1966,225700.0,A,,,,
AGO,Angola,1967,235200.0,A,,,,
AGO,Angola,1968,198000.0,A,,,,
AGO,Angola,1969,215000.0,A,,,,
AGO,Angola,1970,204000.0,A,,,,
AGO,Angola,1971,228000.0,A,,,,
AGO,Angola,1972,225000.0,A,,,,
AGO,Angola,1973,210000.0,A,,,,
AGO,Angola,1974,224772.0,A,,,,
AGO,Angola,1975,180000.0,X,,,,
AGO,Angola,1976,57480.0,X,,,,
AGO,Angola,1977,57060.0,X,,,,
AGO,Angola,1978,34320.0,X,,,,
AGO,Angola,1979,17340.0,X,,,,
AGO,Angola,1980,43260.0,X,,,,
AGO,Angola,1981,20640.0,X,,,,
AGO,Angola,1982,17400.0,X,,,,
AGO,Angola,1983,13000.0,X,,,,
AGO,Angola,1984,15000.0,X,,,,
AGO,Angola,1985,12000.0,X,,,,
AGO,Angola,1986,14800.0,A,,,,
AGO,Angola,1987,8700.0,A,,,,
AGO,Angola,1988,11000.0,A,,,,
AGO,Angola,1989,10000.0,A,,,,
AGO,Angola,1990,5000.0,A,,,,
AGO,Angola,1991,5000.0,A,,,,
AGO,Angola,1992,5000.0,A,,,,
AGO,Angola,1993,4620.0,A,,,,
AGO,Angola,1994,2160.0,X,,,,
AGO,Angola,1995,3300.0,X,4710.835999999999,1573.431,18.325,2.487
AGO,Angola,1996,2820.0,X,6967.37,3132.637,120.042,66.722
AGO,Angola,1997,3840.0,X,6171.448,2980.873,269.389,123.643
AGO,Angola,1998,5100.0,X,6076.847,2872.51,17.475,2.437
AGO,Angola,1999,3300.0,X,5637.214,3304.8,213.242,107.811
AGO,Angola,2000,4260.0,X,2729.834,1973.246,43.122,10.308
AGO,Angola,2001,3300.0,X,955.581,963.235,76.05,27.508
AGO,Angola,2002,1260.0,X,418.362,542.86,264.825,211.088
AGO,Angola,2003,2040.0,X,815.587,845.919,254.279,94.477
AGO,Angola,2004,1980.0,X,661.73,698.287,122.271,84.258
AGO,Angola,2005,3500.0,E,468.65,424.878,102.21,40.07299999999999
AGO,Angola,2006,5000.0,E,533.296,394.695,221.192,39.643
AGO,Angola,2007,11523.0,A,503.244,56579.342,182.081,38.658
AGO,Angola,2008,4000.0,A,843.993,330.056,603.504,171.831
AGO,Angola,2009,11982.0,A,981.654,34601.71,504.43,81.002
AGO,Angola,2010,9951.0,A,528.62,12890.063,224.314,361.814
AGO,Angola,2011,10192.0,A,861.607,8100.822999999999,277.623,53.401
AGO,Angola,2012,11740.03,I,1118.478,6988.492,195.055,58.747
AGO,Angola,2013,12550.0,A,501.18000000000006,6639.578,366.473,108.594
AGO,Angola,2014,15009.0,A,736.173,2606.124,585.427,147.988
AGO,Angola,2015,15000.0,A,1780.472,894.5569999999999,674.3,159.007
AGO,Angola,2016,14679.61,I,997.175,505.215,301.05600000000004,132.263
AGO,Angola,2017,13542.99,I,1218.538,529.986,169.314,47.405
AGO,Angola,2018,13228.18,I,1322.866,650.694,226.459,46.229
AGO,Angola,2019,13256.51,I,1625.919,982.561,286.088,48.881
AGO,Angola,2020,11652.14,I,2157.711,1312.803,274.932,18.434
AGO,Angola,2021,10304.0,A,1657.634,962.801,144.06099999999998,29.939
AGO,Angola,2022,5206.0,A,1640.582,754.783,184.319,43.63
AGO,Angola,2023,6229.0,A,2652.108,1049.584,161.419,25.539
AGO,Angola,2024,7584.0,A,4877.724999999999,1640.076,164.328,35.337
BLZ,Belize,1998,93.0,A,33.421,8.437000000000001,2.26,3.891
BLZ,Belize,1999,70.0,A,,,5.7330000000000005,22.624
BLZ,Belize,2000,165.0,E,109.99,64.594,26.804,17.822
BLZ,Belize,2001,229.0,A,214.31500000000003,146.108,42.281,38.252
BLZ,Belize,2002,227.0,A,66.209,35.38,3.95,3.404
BLZ,Belize,2003,229.0,A,16.62,8.999,52.057,41.52
BLZ,Belize,2004,231.0,A,60.437000000000005,50.498,23.985,15.233999999999998
BLZ,Belize,2005,54.0,A,52.18,19.361,15.951,6.001
BLZ,Belize,2006,95.0,A,93.733,19.365,38.028,31.228
BLZ,Belize,2007,45.0,A,131.669,34.45,43.788,15.211
BLZ,Belize,2008,90.0,E,15.241,2.994,24.963,8.665000000000001
BLZ,Belize,2009,105.19,I,229.288,88.16900000000001,7.931,3.69
BLZ,Belize,2010,90.46,I,223.819,80.451,5.462,3.423
BLZ,Belize,2011,90.68,I,347.949,60.54,9.891,5.992999999999999
BLZ,Belize,2012,88.98,I,280.799,81.982,10.353,5.065
BLZ,Belize,2013,87.27,I,58.407,22.329,16.752000000000002,9.04
BLZ,Belize,2014,87.54,I,345.205,100.619,151.677,46.182
BLZ,Belize,2015,91.22,I,199.346,61.059,67.268,27.321
BLZ,Belize,2016,89.13,I,56.976,26.875,651.508,230.215
BLZ,Belize,2017,89.3,E,494.772,165.737,338.761,91.144
BLZ,Belize,2018,89.88,E,917.327,339.505,117.655,21.302
BLZ,Belize,2019,89.44,E,275.654,106.102,619.065,263.271
BLZ,Belize,2020,89.54,E,359.083,165.228,210.128,61.919
BLZ,Belize,2021,89.62,E,653.875,240.735,386.911,105.153
BLZ,Belize,2022,89.53,E,1151.691,237.55,232.6,45.67
BLZ,Belize,2023,89.56,E,12.274,2.377,391.966,129.275
BLZ,Belize,2024,89.57,E,962.948,230.011,300.107,67.074
BEN,Benin,1961,2090.0,E,,,,
BEN,Benin,1962,1730.0,E,,,,
BEN,Benin,1963,1002.0,E,,,,
BEN,Benin,1964,1065.0,E,,,,
BEN,Benin,1965,891.0,E,,,,
BEN,Benin,1966,1041.0,E,,,,
BEN,Benin,1967,1086.0,E,,,,
BEN,Benin,1968,511.0,E,,,,
BEN,Benin,1969,2268.0,E,,,,
BEN,Benin,1970,1940.0,E,,,,
BEN,Benin,1971,2229.0,E,,,,
BEN,Benin,1972,2724.0,E,,,,
BEN,Benin,1973,1341.0,E,,,,
BEN,Benin,1974,161.0,E,,,,
BEN,Benin,1975,477.0,E,,,,
BEN,Benin,1976,599.0,E,,,,
BEN,Benin,1977,610.0,E,,,,
BEN,Benin,1978,185.0,E,,,,
BEN,Benin,1979,31.0,E,,,,
BEN,Benin,1980,321.0,E,,,,
BEN,Benin,1981,585.0,E,,,,
BEN,Benin,1982,1629.0,E,,,,
BEN,Benin,1983,1000.0,E,,,,
BEN,Benin,1984,3000.0,X,,,,
BEN,Benin,1985,700.0,X,,,,
BEN,Benin,1986,1100.0,X,,,,
BEN,Benin,1987,1900.0,X,,,,
BEN,Benin,1988,2700.0,X,,,,
BEN,Benin,1989,800.0,E,,,,
BEN,Benin,1990,120.0,X,,,,
BEN,Benin,1991,180.0,X,,,,
BEN,Benin,1992,200.0,X,,,,
BEN,Benin,1993,300.0,E,,,,
BEN,Benin,1994,200.0,E,,,,
BEN,Benin,1995,174.67,I,424.679,169.385,51.089,17.039
BEN,Benin,1996,165.26,I,36.36,34.378,34.641,7.245
BEN,Benin,1997,160.65,I,22.302,19.093,,
BEN,Benin,1998,153.89,I,99.162,70.134,14.858,7.0
BEN,Benin,1999,150.68,I,23.117,20.527,16.381,29.312
BEN,Benin,2000,142.51,I,0.057,0.116,2.205,0.354
BEN,Benin,2001,150.0,E,6.532,5.726,1.667,0.791
BEN,Benin,2002,100.0,E,,,8.522,2.185
BEN,Benin,2003,60.0,X,,,0.979,0.625
BEN,Benin,2004,85.77,I,,,6.218,1.0
BEN,Benin,2005,82.25,I,661.953,129.6,5.53,5.273
BEN,Benin,2006,60.0,X,,,2.393,3.523
BEN,Benin,2007,60.0,X,,,17.213,9.099
BEN,Benin,2008,70.43,I,,,13.919,25.814
BEN,Benin,2009,67.34,I,,,49.17100000000001,22.99
BEN,Benin,2010,60.0,E,,,78.691,97.024
BEN,Benin,2011,65.0,E,,,15.182,31.454
BEN,Benin,2012,68.0,E,,,36.559,55.65
BEN,Benin,2013,70.0,E,0.189,0.137,110.194,141.893
BEN,Benin,2014,57.3,I,0.215,0.202,128.619,143.48
BEN,Benin,2015,48.76,I,0.115,0.011,95.012,111.621
BEN,Benin,2016,58.69,E,0.495,4.812,235.257,274.994
BEN,Benin,2017,54.91,E,0.455,0.475,254.673,262.426
BEN,Benin,2018,54.12,E,,,181.166,184.932
BEN,Benin,2019,55.91,E,,,38.401,11.658
BEN,Benin,2020,54.98,E,,,0.795,1.854
BEN,Benin,2021,55.0,E,,,117.345,63.119
BEN,Benin,2022,55.3,E,0.13,0.045,37.699,8.23
BEN,Benin,2023,55.09,E,81.14699999999999,20.165,92.425,41.429
BEN,Benin,2024,55.13,E,0.009,0.007,8.433,1.602
BOL,Bolivia (Plurinational State of),1961,4400.0,X,,,,
BOL,Bolivia (Plurinational State of),1962,4400.0,X,,,,
BOL,Bolivia (Plurinational State of),1963,4400.0,A,,,,
BOL,Bolivia (Plurinational State of),1964,7400.0,A,,,,
BOL,Bolivia (Plurinational State of),1965,4700.0,A,,,,
BOL,Bolivia (Plurinational State of),1966,7700.0,A,,,,
BOL,Bolivia (Plurinational State of),1967,8200.0,A,,,,
BOL,Bolivia (Plurinational State of),1968,9500.0,A,,,,
BOL,Bolivia (Plurinational State of),1969,10100.0,A,,,,
BOL,Bolivia (Plurinational State of),1970,11200.0,A,,,,
BOL,Bolivia (Plurinational State of),1971,12400.0,A,,,,
BOL,Bolivia (Plurinational State of),1972,13000.0,A,,,,
BOL,Bolivia (Plurinational State of),1973,13400.0,A,,,,
BOL,Bolivia (Plurinational State of),1974,13870.0,A,,,,
BOL,Bolivia (Plurinational State of),1975,14900.0,A,,,,
BOL,Bolivia (Plurinational State of),1976,14664.0,A,,,,
BOL,Bolivia (Plurinational State of),1977,13372.0,A,,,,
BOL,Bolivia (Plurinational State of),1978,13424.0,A,,,,
BOL,Bolivia (Plurinational State of),1979,15700.0,A,,,,
BOL,Bolivia (Plurinational State of),1980,20540.0,A,,,,
BOL,Bolivia (Plurinational State of),1981,21325.0,A,,,,
BOL,Bolivia (Plurinational State of),1982,21179.0,A,,,,
BOL,Bolivia (Plurinational State of),1983,21141.0,A,,,,
BOL,Bolivia (Plurinational State of),1984,21566.0,A,,,,
BOL,Bolivia (Plurinational State of),1985,23361.0,A,,,,
BOL,Bolivia (Plurinational State of),1986,24153.0,A,,,,
BOL,Bolivia (Plurinational State of),1987,25200.0,A,,,,
BOL,Bolivia (Plurinational State of),1988,25450.0,A,,,,
BOL,Bolivia (Plurinational State of),1989,26740.0,A,,,,
BOL,Bolivia (Plurinational State of),1990,24378.0,A,,,,
BOL,Bolivia (Plurinational State of),1991,14071.0,A,,,,
BOL,Bolivia (Plurinational State of),1992,15179.0,A,,,,
BOL,Bolivia (Plurinational State of),1993,13153.0,A,,,,
BOL,Bolivia (Plurinational State of),1994,19216.0,A,,,,
BOL,Bolivia (Plurinational State of),1995,20323.0,A,19588.206,6521.073,,
BOL,Bolivia (Plurinational State of),1996,22015.0,A,21427.524,9213.76,,
BOL,Bolivia (Plurinational State of),1997,22608.0,A,31811.965,8258.518,,
BOL,Bolivia (Plurinational State of),1998,22532.0,A,20776.117,7622.672,4.297,0.066
BOL,Bolivia (Plurinational State of),1999,26931.0,A,17184.849000000002,8929.264000000001,,
BOL,Bolivia (Plurinational State of),2000,27696.0,A,14189.468,8235.304,66.463,58.914
BOL,Bolivia (Plurinational State of),2001,24086.0,A,9365.486,6442.816,62.59,103.585
BOL,Bolivia (Plurinational State of),2002,24513.0,A,6969.877,5105.223,9.443,19.459
BOL,Bolivia (Plurinational State of),2003,24700.0,A,7396.85,4835.502,264.687,276.562
BOL,Bolivia (Plurinational State of),2004,24546.0,A,9570.062,5509.757,4.593,2.308
BOL,Bolivia (Plurinational State of),2005,24976.0,A,11948.346,5189.743,232.571,107.028
BOL,Bolivia (Plurinational State of),2006,25272.0,A,14262.63,5560.532,176.852,73.006
BOL,Bolivia (Plurinational State of),2007,27012.0,A,15585.267999999998,5522.648,18.969,6.2250000000000005
BOL,Bolivia (Plurinational State of),2008,27305.0,A,16143.999,4739.971,35.912,7.954
BOL,Bolivia (Plurinational State of),2009,28270.0,A,17670.003,5218.214,0.475,0.158
BOL,Bolivia (Plurinational State of),2010,27327.02,A,15959.437,4678.52,0.206,0.27
BOL,Bolivia (Plurinational State of),2011,27596.4,A,26886.338,4805.66,0.589,0.443
BOL,Bolivia (Plurinational State of),2012,28136.86,A,21362.328,4372.102,5.683,0.7300000000000001
BOL,Bolivia (Plurinational State of),2013,29455.13,A,16204.14,3733.812,121.37399999999998,41.235
BOL,Bolivia (Plurinational State of),2014,20496.0,A,17157.769,3747.875,,
BOL,Bolivia (Plurinational State of),2015,20954.0,A,11345.314,2116.243,5.007,0.645
BOL,Bolivia (Plurinational State of),2016,21427.0,A,8291.065999999999,1499.629,24.105,4.640000000000001
BOL,Bolivia (Plurinational State of),2017,21181.0,A,9865.422,1527.597,15.338,8.588000000000001
BOL,Bolivia (Plurinational State of),2018,22120.99,A,10364.511,1725.11,1.598,0.784
BOL,Bolivia (Plurinational State of),2019,24841.0,A,8998.301,1322.827,2.292,1.218
BOL,Bolivia (Plurinational State of),2020,23401.0,A,8796.537,1350.741,3.791,1.432
BOL,Bolivia (Plurinational State of),2021,23451.98,A,10107.955,1705.005,21.106,4.952
BOL,Bolivia (Plurinational State of),2022,23238.78,A,13947.45,2510.628,41.069,7.267
BOL,Bolivia (Plurinational State of),2023,23579.45,A,12629.751,1925.125,32.256,5.598999999999999
BOL,Bolivia (Plurinational State of),2024,23063.65,A,15402.878,2459.456,28.164,6.091
BRA,Brazil,1961,2228704.0,A,,,,
BRA,Brazil,1962,2190303.0,A,,,,
BRA,Brazil,1963,1650527.0,A,,,,
BRA,Brazil,1964,1042013.0,A,,,,
BRA,Brazil,1965,2294047.0,A,,,,
BRA,Brazil,1966,1202868.0,A,,,,
BRA,Brazil,1967,1507500.0,A,,,,
BRA,Brazil,1968,1057700.0,A,,,,
BRA,Brazil,1969,1283500.0,A,,,,
BRA,Brazil,1970,754800.0,A,,,,
BRA,Brazil,1971,1551462.0,A,,,,
BRA,Brazil,1972,1495705.0,A,,,,
BRA,Brazil,1973,872897.0,A,,,,
BRA,Brazil,1974,1615309.0,A,,,,
BRA,Brazil,1975,1272298.0,A,,,,
BRA,Brazil,1976,375985.0,A,,,,
BRA,Brazil,1977,975385.0,A,,,,
BRA,Brazil,1978,1267661.0,A,,,,
BRA,Brazil,1979,1332772.0,A,,,,
BRA,Brazil,1980,1061195.0,A,,,,
BRA,Brazil,1981,2032210.0,A,,,,
BRA,Brazil,1982,957931.0,A,,,,
BRA,Brazil,1983,1671588.0,A,,,,
BRA,Brazil,1984,1420281.0,A,,,,
BRA,Brazil,1985,1910646.0,A,,,,
BRA,Brazil,1986,1041406.0,A,,,,
BRA,Brazil,1987,2202708.0,A,,,,
BRA,Brazil,1988,1348014.0,A,,,,
BRA,Brazil,1989,1532335.0,A,,,,
BRA,Brazil,1990,1464856.0,A,,,,
BRA,Brazil,1991,1520382.0,A,,,,
BRA,Brazil,1992,1294373.0,A,,,,
BRA,Brazil,1993,1278759.0,A,,,,
BRA,Brazil,1994,1307289.0,A,,,,
BRA,Brazil,1995,930135.0,A,2329396.435,736269.004,5383.328,1526.466
BRA,Brazil,1996,1369196.0,A,1793437.895,743100.742,2160.029,1098.413
BRA,Brazil,1997,1228513.0,A,2821097.339,898454.9709999999,2008.547,717.511
BRA,Brazil,1998,1689366.0,A,2578815.471,983623.914,97.305,71.92099999999999
BRA,Brazil,1999,1631852.0,A,2324621.017,1280344.42,703.581,445.571
BRA,Brazil,2000,1903562.0,A,1753835.35,964450.558,302.196,217.691
BRA,Brazil,2001,1819569.0,A,1447699.508,1205630.044,301.729,264.205
BRA,Brazil,2002,2610524.0,A,1346067.525,1484625.825,132.258,171.401
BRA,Brazil,2003,1987074.0,A,1453903.482,1369064.315,243.008,129.551
BRA,Brazil,2004,2465710.0,A,1917460.547,1406752.541,67.62100000000001,104.866
BRA,Brazil,2005,2140169.0,A,2692912.51,1395529.948,162.844,113.522
BRA,Brazil,2006,2573368.0,A,3093725.972,1494150.923,241.288,149.78300000000002
BRA,Brazil,2007,2249011.0,A,3535537.9050000003,1532082.367,713.971,195.663
BRA,Brazil,2008,2796927.0,A,4197550.835,1576307.082,115.839,47.064
BRA,Brazil,2009,2440056.0,A,4050847.164,1708423.257,341.899,117.771
BRA,Brazil,2010,2907265.0,A,5330344.676,1805671.262,36.65,4.665
BRA,Brazil,2011,2700540.0,A,8248624.269,1840020.706,550.204,117.825
BRA,Brazil,2012,3037534.0,A,6199944.828000001,1558613.502,2565.807,829.008
BRA,Brazil,2013,2964538.0,A,5241897.021,1752541.59,434.99,132.70399999999998
BRA,Brazil,2014,2804070.0,A,6298726.899,2003063.869,1693.632,650.408
BRA,Brazil,2015,2647504.0,A,6016180.375,2046073.617,909.332,456.138
BRA,Brazil,2016,3024466.0,A,5191980.355,1892485.112,1301.772,378.895
BRA,Brazil,2017,2684508.0,A,5060431.450999999,1723396.74,918.25,402.287
BRA,Brazil,2018,3552729.0,A,4762255.715,1858338.062,2216.262,965.813
BRA,Brazil,2019,3011745.0,A,4986848.286,2269857.171,3282.184,1557.223
BRA,Brazil,2020,3705719.0,A,5158441.677,2342562.952,7038.496,3017.148
BRA,Brazil,2021,2985581.0,A,6116363.759,2345528.451,4501.615,2542.456
BRA,Brazil,2022,3179341.0,A,9141481.314,2221462.007,13024.357,5401.977
BRA,Brazil,2023,3348510.0,A,7891404.654,2170195.878,13884.359,6938.986999999999
BRA,Brazil,2024,3387724.0,A,11200593.703,2790450.358,5668.565,2244.429
BDI,Burundi,1961,14000.0,A,,,,
BDI,Burundi,1962,13001.0,A,,,,
BDI,Burundi,1963,5777.0,A,,,,
BDI,Burundi,1964,17737.0,A,,,,
BDI,Burundi,1965,12831.0,A,,,,
BDI,Burundi,1966,14071.0,A,,,,
BDI,Burundi,1967,18682.0,A,,,,
BDI,Burundi,1968,16539.0,A,,,,
BDI,Burundi,1969,14551.0,A,,,,
BDI,Burundi,1970,22084.0,A,,,,
BDI,Burundi,1971,25051.0,A,,,,
BDI,Burundi,1972,19403.0,A,,,,
BDI,Burundi,1973,21395.0,A,,,,
BDI,Burundi,1974,28140.0,A,,,,
BDI,Burundi,1975,16924.0,A,,,,
BDI,Burundi,1976,21428.0,A,,,,
BDI,Burundi,1977,17030.0,A,,,,
BDI,Burundi,1978,22783.0,A,,,,
BDI,Burundi,1979,27728.0,A,,,,
BDI,Burundi,1980,18894.0,A,,,,
BDI,Burundi,1981,43824.0,A,,,,
BDI,Burundi,1982,20221.0,A,,,,
BDI,Burundi,1983,35954.0,A,,,,
BDI,Burundi,1984,27005.0,A,,,,
BDI,Burundi,1985,32493.0,A,,,,
BDI,Burundi,1986,31290.0,A,,,,
BDI,Burundi,1987,37338.0,A,,,,
BDI,Burundi,1988,35247.0,A,,,,
BDI,Burundi,1989,31400.0,A,,,,
BDI,Burundi,1990,32694.0,A,,,,
BDI,Burundi,1991,34204.0,A,,,,
BDI,Burundi,1992,37215.0,A,,,,
BDI,Burundi,1993,22991.0,A,,,,
BDI,Burundi,1994,41293.0,A,,,,
BDI,Burundi,1995,25516.0,A,146656.909,40268.799,131.742,52.847
BDI,Burundi,1996,26875.0,A,57502.271,22895.3,,
BDI,Burundi,1997,19991.0,A,78778.983,21695.872,,
BDI,Burundi,1998,16937.0,A,67919.931,23149.555,,
BDI,Burundi,1999,29130.0,A,48401.841,22473.401,181.565,90.0
BDI,Burundi,2000,67439.0,A,45187.107,24489.319,48.037,28.391
BDI,Burundi,2001,70980.0,A,26019.582,17603.38,25.364,21.416
BDI,Burundi,2002,182182.0,A,18901.134,14815.977,17.051,18.13
BDI,Burundi,2003,35682.0,A,32080.354,23906.869,28.769,37.2
BDI,Burundi,2004,204509.0,A,27207.563,15312.031,134.28,94.73
BDI,Burundi,2005,34828.0,A,74494.945,35686.641,199.721,104.34
BDI,Burundi,2006,149460.0,A,38394.468,18630.255,108.927,44.524
BDI,Burundi,2007,31964.0,A,59365.511,24728.726,,
BDI,Burundi,2008,100475.0,A,35803.605,13319.447,556.876,980.0
BDI,Burundi,2009,20517.0,A,75304.669,26436.25,70.76899999999999,45.916
BDI,Burundi,2010,89960.0,A,69610.48300000001,20389.979,530.4670000000001,97.8
BDI,Burundi,2011,41960.0,A,100968.193,21633.589,0.196,0.35
BDI,Burundi,2012,26340.0,A,66361.437,16605.516,0.776,0.3
BDI,Burundi,2013,22625.0,A,38543.747,11862.522,15.927,4.069999999999999
BDI,Burundi,2014,10405.0,A,32407.49,9421.227,1.225,0.68
BDI,Burundi,2015,18367.0,A,40596.763,10823.737,0.0849999999999999,0.04
BDI,Burundi,2016,13624.46,A,43238.851,13389.86,0.538,0.619
BDI,Burundi,2017,16340.0,A,38112.776,11465.49,3.263,0.722
BDI,Burundi,2018,14216.0,A,45490.968,16830.47,0.6799999999999999,0.484
BDI,Burundi,2019,14059.0,A,50629.118,17886.432,0.842,0.392
BDI,Burundi,2020,7111.0,A,44773.229,37129.944,1.516,1.267
BDI,Burundi,2021,13800.0,X,41835.866,13130.578,3.683,2.103
BDI,Burundi,2022,10500.0,X,35867.425,8632.201000000001,25.847,1.221
BDI,Burundi,2023,8400.0,X,43596.74,10511.961,28.099000000000004,7.742999999999999
BDI,Burundi,2024,6900.0,X,30268.434,6484.452,0.313,0.013
CPV,Cabo Verde,1961,52.0,A,,,,
CPV,Cabo Verde,1962,22.0,A,,,,
CPV,Cabo Verde,1963,40.0,A,,,,
CPV,Cabo Verde,1964,39.0,A,,,,
CPV,Cabo Verde,1965,45.0,A,,,,
CPV,Cabo Verde,1966,106.0,X,,,,
CPV,Cabo Verde,1967,121.0,X,,,,
CPV,Cabo Verde,1968,82.0,X,,,,
CPV,Cabo Verde,1969,94.0,A,,,,
CPV,Cabo Verde,1970,114.0,A,,,,
CPV,Cabo Verde,1971,185.0,A,,,,
CPV,Cabo Verde,1972,76.0,A,,,,
CPV,Cabo Verde,1973,8.0,A,,,,
CPV,Cabo Verde,1974,71.0,X,,,,
CPV,Cabo Verde,1975,103.0,X,,,,
CPV,Cabo Verde,1976,168.0,A,,,,
CPV,Cabo Verde,1977,53.0,A,,,,
CPV,Cabo Verde,1978,100.0,A,,,,
CPV,Cabo Verde,1979,150.0,A,,,,
CPV,Cabo Verde,1980,50.0,A,,,,
CPV,Cabo Verde,1981,100.0,A,,,,
CPV,Cabo Verde,1982,50.0,E,,,,
CPV,Cabo Verde,1983,50.0,E,,,,
CPV,Cabo Verde,1984,50.0,E,,,,
CPV,Cabo Verde,1985,30.0,A,,,,
CPV,Cabo Verde,1986,44.0,A,,,,
CPV,Cabo Verde,1987,34.0,A,,,,
CPV,Cabo Verde,1988,50.0,A,,,,
CPV,Cabo Verde,1989,100.0,A,,,,
CPV,Cabo Verde,1990,50.0,A,,,,
CPV,Cabo Verde,1991,10.0,A,,,,
CPV,Cabo Verde,2011,62.0,A,0.101,0.02,1863.696,516.8149999999999
CPV,Cabo Verde,2012,88.0,A,113.811,23.3,2117.659,620.8629999999999
CPV,Cabo Verde,2013,62.0,A,179.26100000000002,56.923,1667.678,564.491
CPV,Cabo Verde,2014,52.0,A,133.965,43.685,1578.87,555.386
CPV,Cabo Verde,2015,52.34,A,235.761,19.171,1388.429,553.509
CPV,Cabo Verde,2016,68.09,A,110.076,9.521,1426.534,583.058
CPV,Cabo Verde,2017,46.89,A,2.972,0.179,1873.778,654.285
CPV,Cabo Verde,2018,46.0,A,190.525,11.644,2179.644,771.601
CPV,Cabo Verde,2019,40.0,A,184.705,14.655,1736.952,713.53
CPV,Cabo Verde,2020,48.0,A,81.435,18.975,949.55,515.269
CPV,Cabo Verde,2021,40.73,A,4.599,0.7,1118.445,544.519
CPV,Cabo Verde,2022,47.0,A,6.518,0.591,1839.367,605.707
CPV,Cabo Verde,2023,17.17,A,28.214,3.236,1713.531,537.8589999999999
CPV,Cabo Verde,2024,14.0,A,96.045,18.975,2979.643,698.09
KHM,Cambodia,1961,240.0,E,,,,
KHM,Cambodia,1962,350.0,E,,,,
KHM,Cambodia,1963,400.0,A,,,,
KHM,Cambodia,1964,350.0,A,,,,
KHM,Cambodia,1965,400.0,A,,,,
KHM,Cambodia,1966,480.0,A,,,,
KHM,Cambodia,1967,433.0,A,,,,
KHM,Cambodia,1968,350.0,A,,,,
KHM,Cambodia,1969,460.0,A,,,,
KHM,Cambodia,1970,600.0,A,,,,
KHM,Cambodia,1971,600.0,A,,,,
KHM,Cambodia,1972,470.0,A,,,,
KHM,Cambodia,1973,124.0,A,,,,
KHM,Cambodia,1974,100.0,E,,,,
KHM,Cambodia,1975,100.0,E,,,,
KHM,Cambodia,1976,90.0,E,,,,
KHM,Cambodia,1977,85.0,E,,,,
KHM,Cambodia,1978,72.0,E,,,,
KHM,Cambodia,1979,50.0,E,,,,
KHM,Cambodia,1980,70.0,E,,,,
KHM,Cambodia,1981,68.0,E,,,,
KHM,Cambodia,1982,70.0,E,,,,
KHM,Cambodia,1983,80.0,E,,,,
KHM,Cambodia,1984,90.0,E,,,,
KHM,Cambodia,1985,100.0,E,,,,
KHM,Cambodia,1986,120.0,E,,,,
KHM,Cambodia,1987,130.0,E,,,,
KHM,Cambodia,1988,140.0,E,,,,
KHM,Cambodia,1989,150.0,E,,,,
KHM,Cambodia,1990,160.0,E,,,,
KHM,Cambodia,1991,170.0,E,,,,
KHM,Cambodia,1992,180.0,E,,,,
KHM,Cambodia,1993,198.08,I,,,,
KHM,Cambodia,1994,190.0,X,,,,
KHM,Cambodia,1995,200.0,X,89.681,23.699,4.098,0.0
KHM,Cambodia,1996,250.0,A,,,,
KHM,Cambodia,1997,280.0,E,5.692,3.687,46.768,17.0
KHM,Cambodia,1998,290.0,E,,,,
KHM,Cambodia,1999,300.0,A,51.238,20.968,,
KHM,Cambodia,2000,300.0,A,0.03,0.007,43.681,41.196000000000005
KHM,Cambodia,2001,300.0,A,,,8.244,9.002
KHM,Cambodia,2002,300.17,I,35.998000000000005,41.681,58.484,90.97
KHM,Cambodia,2003,305.02,I,2.033,1.944,10.13,10.039
KHM,Cambodia,2004,310.0,E,7.557,10.64,12.328,3.505
KHM,Cambodia,2005,319.57,I,11.927,10.03,92.314,23.927
KHM,Cambodia,2006,300.0,E,10.844,7.673999999999999,219.05400000000003,193.94000000000003
KHM,Cambodia,2007,320.0,E,21.95,18.169,37.709,13.508
KHM,Cambodia,2008,330.0,E,,,51.374,27.175
KHM,Cambodia,2009,350.0,E,92.805,33.341,68.598,29.255000000000003
KHM,Cambodia,2010,362.29,I,88.246,19.231,28.553,17.785
KHM,Cambodia,2011,348.8,I,13.651,1.1989999999999998,524.731,1504.317
KHM,Cambodia,2012,350.04,I,9.76,0.768,1752.639,4963.9490000000005
KHM,Cambodia,2013,353.12,I,0.069,0.033,766.622,1782.373
KHM,Cambodia,2014,356.58,I,0.033,0.009,110.078,71.257
KHM,Cambodia,2015,369.69,I,7.103,2.448,347.613,304.442
KHM,Cambodia,2016,359.8,E,20.461,5.408,1259.0800000000002,795.25
KHM,Cambodia,2017,356.64,I,12.234,3.145,1143.308,313.014
KHM,Cambodia,2018,356.82,I,99.597,29.64,1408.848,346.221
KHM,Cambodia,2019,357.51,I,10.742,2.039,3650.925,1749.201
KHM,Cambodia,2020,358.97,I,13.323,0.665,5082.7080000000005,2890.093
KHM,Cambodia,2021,362.38,I,31.493,5.561,2018.648,865.458
KHM,Cambodia,2022,361.76,I,13.171,1.869,3151.948,872.5360000000001
KHM,Cambodia,2023,362.22,I,16.091,1.449,3060.287,1112.948
KHM,Cambodia,2024,362.68,I,19.129,1.724,3800.622,1240.626
CMR,Cameroon,1961,44700.0,A,,,,
CMR,Cameroon,1962,45000.0,A,,,,
CMR,Cameroon,1963,53600.0,A,,,,
CMR,Cameroon,1964,59100.0,A,,,,
CMR,Cameroon,1965,74100.0,A,,,,
CMR,Cameroon,1966,63300.0,A,,,,
CMR,Cameroon,1967,79600.0,A,,,,
CMR,Cameroon,1968,81700.0,A,,,,
CMR,Cameroon,1969,81815.0,A,,,,
CMR,Cameroon,1970,92993.0,A,,,,
CMR,Cameroon,1971,94790.0,A,,,,
CMR,Cameroon,1972,96165.0,A,,,,
CMR,Cameroon,1973,93913.0,A,,,,
CMR,Cameroon,1974,104442.0,A,,,,
CMR,Cameroon,1975,92488.0,A,,,,
CMR,Cameroon,1976,79599.0,A,,,,
CMR,Cameroon,1977,86448.0,A,,,,
CMR,Cameroon,1978,107993.0,A,,,,
CMR,Cameroon,1979,101166.0,A,,,,
CMR,Cameroon,1980,112207.0,A,,,,
CMR,Cameroon,1981,109286.0,A,,,,
CMR,Cameroon,1982,128237.0,A,,,,
CMR,Cameroon,1983,63700.0,A,,,,
CMR,Cameroon,1984,137900.0,A,,,,
CMR,Cameroon,1985,100020.0,A,,,,
CMR,Cameroon,1986,132000.0,A,,,,
CMR,Cameroon,1987,82560.0,A,,,,
CMR,Cameroon,1988,119400.0,A,,,,
CMR,Cameroon,1989,115700.0,A,,,,
CMR,Cameroon,1990,100980.0,A,,,,
CMR,Cameroon,1991,115080.0,A,,,,
CMR,Cameroon,1992,76200.0,A,,,,
CMR,Cameroon,1993,68417.0,A,,,,
CMR,Cameroon,1994,73743.0,A,,,,
CMR,Cameroon,1995,74000.0,A,211853.254,70597.449,131.364,293.25
CMR,Cameroon,1996,104121.0,A,161862.99300000002,79730.006,47.721,205.199
CMR,Cameroon,1997,63600.0,A,173718.577,85612.21399999999,191.505,0.0
CMR,Cameroon,1998,112532.0,A,115113.79,59910.24799999999,149.123,36.021
CMR,Cameroon,1999,98000.0,A,99170.611,62103.967,2304.2870000000003,2.091
CMR,Cameroon,2000,86200.0,A,99856.379,88342.699,362.511,521.896
CMR,Cameroon,2001,70500.0,A,58781.305,72132.60900000001,51.739,73.25099999999999
CMR,Cameroon,2002,41000.0,X,35851.053,49299.396,97.739,515.724
CMR,Cameroon,2003,48000.0,X,45635.646,51057.295,0.8009999999999999,0.808
CMR,Cameroon,2004,54000.0,X,53897.281,57305.731,676.04,457.234
CMR,Cameroon,2005,60000.0,A,54720.628,47165.674,13.199,5.552
CMR,Cameroon,2006,62300.0,X,67105.77,47693.043,63.512,38.383
CMR,Cameroon,2007,47792.0,A,86309.454,46440.024,657.92,1072.283
CMR,Cameroon,2008,50687.0,A,81370.888,34874.801,75.381,81.123
CMR,Cameroon,2009,48123.0,X,60260.926,32364.275,213.686,216.785
CMR,Cameroon,2010,66584.0,A,90523.164,49573.212,29.225,57.665
CMR,Cameroon,2011,26322.0,A,113533.0,42102.267,88.177,87.865
CMR,Cameroon,2012,38127.0,A,96880.74,39204.39,30.333,13.662
CMR,Cameroon,2013,41800.0,A,57799.718,24338.537,22.409,4.76
CMR,Cameroon,2014,41143.17,I,52278.014,23766.142,10.192,4.164
CMR,Cameroon,2015,39702.17,I,78764.468,33190.049,146.69,24.791
CMR,Cameroon,2016,38411.7,A,71406.188,32455.803,10.957,22.323000000000004
CMR,Cameroon,2017,41916.8,A,74466.796,30215.316,98.276,44.359
CMR,Cameroon,2018,41184.5,A,43614.813,19082.394,18.673,14.415
CMR,Cameroon,2019,40907.3,A,40957.865,20851.222,33.806,13.912
CMR,Cameroon,2020,36359.9,A,37375.386,23493.331,38.611,34.873999999999995
CMR,Cameroon,2021,32487.61,I,35131.128,19667.929,81.909,77.338
CMR,Cameroon,2022,32255.27,I,28447.49,11286.982,35.566,33.318
CMR,Cameroon,2023,31009.61,I,39999.521,15339.566,178.78199999999998,136.10399999999998
CMR,Cameroon,2024,29774.37,I,29274.562,8028.376999999999,0.636,0.05
CHN,"China, mainland",1961,1500.0,E,,,,
CHN,"China, mainland",1962,1700.0,E,,,,
CHN,"China, mainland",1963,2000.0,E,,,,
CHN,"China, mainland",1964,2300.0,E,,,,
CHN,"China, mainland",1965,2500.0,E,,,,
CHN,"China, mainland",1966,3200.0,E,,,,
CHN,"China, mainland",1967,3500.0,E,,,,
CHN,"China, mainland",1968,3500.0,E,,,,
CHN,"China, mainland",1969,3700.0,E,,,,
CHN,"China, mainland",1970,3800.0,E,,,,
CHN,"China, mainland",1971,3900.0,E,,,,
CHN,"China, mainland",1972,5000.0,E,,,,
CHN,"China, mainland",1973,6000.0,E,,,,
CHN,"China, mainland",1974,6000.0,E,,,,
CHN,"China, mainland",1975,4000.0,E,,,,
CHN,"China, mainland",1976,4000.0,E,,,,
CHN,"China, mainland",1977,4000.0,E,,,,
CHN,"China, mainland",1978,4000.0,E,,,,
CHN,"China, mainland",1979,5000.0,E,,,,
CHN,"China, mainland",1980,5000.0,E,,,,
CHN,"China, mainland",1981,6000.0,E,,,,
CHN,"China, mainland",1982,6000.0,E,,,,
CHN,"China, mainland",1983,6000.0,E,,,,
CHN,"China, mainland",1984,9000.0,E,,,,
CHN,"China, mainland",1985,7000.0,E,,,,
CHN,"China, mainland",1986,7700.0,E,,,,
CHN,"China, mainland",1987,8600.0,E,,,,
CHN,"China, mainland",1988,10000.0,E,,,,
CHN,"China, mainland",1989,8000.0,E,,,,
CHN,"China, mainland",1990,6300.0,E,,,,
CHN,"China, mainland",1991,3500.0,E,,,,
CHN,"China, mainland",1992,3800.0,E,,,,
CHN,"China, mainland",1993,4000.0,E,,,,
CHN,"China, mainland",1994,3250.0,A,,,,
CHN,"China, mainland",1995,3196.0,A,2504.045,900.815,6111.828,2108.931
CHN,"China, mainland",1996,3023.0,A,1497.467,690.947,17347.926,12476.503
CHN,"China, mainland",1997,3573.0,A,18482.2,11138.633,5584.477,2447.229
CHN,"China, mainland",1998,6237.0,A,8981.357,3352.527,9124.737,3931.356
CHN,"China, mainland",1999,8743.0,A,10607.702,5573.916,13976.123,4831.289
CHN,"China, mainland",2000,11568.0,A,8662.369999999999,5306.772,5247.217,5449.9
CHN,"China, mainland",2001,17202.0,A,11319.779,10004.998,5921.589,7987.508
CHN,"China, mainland",2002,19456.0,A,12410.156,11367.523,6244.799000000001,9794.665
CHN,"China, mainland",2003,23144.0,A,19086.56,16027.204000000002,11120.446,12377.129
CHN,"China, mainland",2004,21659.0,A,22953.815,16646.262000000002,11260.293,11880.231000000002
CHN,"China, mainland",2005,21919.0,A,26252.116,12514.682,15782.816,14503.399
CHN,"China, mainland",2006,25655.0,A,33164.269,15617.918,23426.712000000003,17474.072
CHN,"China, mainland",2007,26000.0,E,50281.203,20715.855,31683.773,18421.762
CHN,"China, mainland",2008,33278.0,A,62896.275,21825.599,42412.174,19610.986
CHN,"China, mainland",2009,70405.0,A,75967.553,30477.173,36069.348,21315.16
CHN,"China, mainland",2010,49596.0,A,109651.425,36578.201,51218.312,30253.987
CHN,"China, mainland",2011,65384.0,A,132274.767,31230.79,97522.672,38597.655
CHN,"China, mainland",2012,92064.0,A,209185.385,56421.726,134488.112,57055.41099999999
CHN,"China, mainland",2013,116826.0,A,158666.42,58658.72,98887.656,44749.064
CHN,"China, mainland",2014,127585.93,I,151509.848,45785.262,123156.763,56661.166
CHN,"China, mainland",2015,115139.76,I,138971.425,46891.793,111126.527,47986.12
CHN,"China, mainland",2016,113345.44,I,160480.18600000002,64736.133,112941.442,41568.686
CHN,"China, mainland",2017,114163.14,I,153774.108,53397.238,126820.797,48145.039
CHN,"China, mainland",2018,115500.0,X,187845.221,72554.032,133238.321,48339.111
CHN,"China, mainland",2019,120000.0,X,151793.215,63977.898,130012.418,52846.311
CHN,"China, mainland",2020,114000.0,X,121286.127,45390.176,155505.078,59424.484
CHN,"China, mainland",2021,108000.0,X,84739.341,24062.699,324342.496,102723.469
CHN,"China, mainland",2022,108000.0,X,196728.829,41448.774,464446.261,99620.224
CHN,"China, mainland",2023,108000.0,X,83934.283,19950.097,670216.051,161219.078
CHN,"China, mainland",2024,114000.0,X,164520.597,38134.147,722316.866,157435.49599999998
TWN,"China, Taiwan Province of",1961,112.0,A,,,,
TWN,"China, Taiwan Province of",1962,56.0,A,,,,
TWN,"China, Taiwan Province of",1963,42.0,A,,,,
TWN,"China, Taiwan Province of",1964,46.0,A,,,,
TWN,"China, Taiwan Province of",1965,77.0,A,,,,
TWN,"China, Taiwan Province of",1966,36.0,A,,,,
TWN,"China, Taiwan Province of",1967,66.0,A,,,,
TWN,"China, Taiwan Province of",1968,40.0,A,,,,
TWN,"China, Taiwan Province of",1969,48.0,A,,,,
TWN,"China, Taiwan Province of",1970,36.0,A,,,,
TWN,"China, Taiwan Province of",1971,34.0,A,,,,
TWN,"China, Taiwan Province of",1972,29.0,A,,,,
TWN,"China, Taiwan Province of",1973,17.0,A,,,,
TWN,"China, Taiwan Province of",1974,68.0,A,,,,
TWN,"China, Taiwan Province of",1975,66.0,A,,,,
TWN,"China, Taiwan Province of",1976,9.0,A,,,,
TWN,"China, Taiwan Province of",1977,52.0,A,,,,
TWN,"China, Taiwan Province of",1978,47.0,A,,,,
TWN,"China, Taiwan Province of",1979,36.0,A,,,,
TWN,"China, Taiwan Province of",1980,51.0,A,,,,
TWN,"China, Taiwan Province of",1981,52.0,A,,,,
TWN,"China, Taiwan Province of",1982,54.0,A,,,,
TWN,"China, Taiwan Province of",2015,757.0,A,,,,
TWN,"China, Taiwan Province of",2016,841.0,A,,,,
TWN,"China, Taiwan Province of",2017,947.0,A,,,,
TWN,"China, Taiwan Province of",2018,1019.0,A,,,,
TWN,"China, Taiwan Province of",2019,1012.0,A,,,,
TWN,"China, Taiwan Province of",2020,970.0,A,,,,
TWN,"China, Taiwan Province of",2021,906.0,A,,,,
TWN,"China, Taiwan Province of",2022,980.0,A,,,,
TWN,"China, Taiwan Province of",2023,956.0,A,,,,
TWN,"China, Taiwan Province of",2024,951.29,I,,,,
COL,Colombia,1961,450000.0,A,,,,
COL,Colombia,1962,482100.0,A,,,,
COL,Colombia,1963,450000.0,A,,,,
COL,Colombia,1964,468000.0,A,,,,
COL,Colombia,1965,492000.0,A,,,,
COL,Colombia,1966,492000.0,A,,,,
COL,Colombia,1967,456000.0,A,,,,
COL,Colombia,1968,480000.0,A,,,,
COL,Colombia,1969,474000.0,A,,,,
COL,Colombia,1970,507000.0,A,,,,
COL,Colombia,1971,468000.0,A,,,,
COL,Colombia,1972,432000.0,A,,,,
COL,Colombia,1973,528000.0,A,,,,
COL,Colombia,1974,470000.0,A,,,,
COL,Colombia,1975,513200.0,A,,,,
COL,Colombia,1976,483000.0,A,,,,
COL,Colombia,1977,639420.0,A,,,,
COL,Colombia,1978,683220.0,A,,,,
COL,Colombia,1979,713340.0,A,,,,
COL,Colombia,1980,724380.0,A,,,,
COL,Colombia,1981,782200.0,A,,,,
COL,Colombia,1982,773600.0,A,,,,
COL,Colombia,1983,768600.0,A,,,,
COL,Colombia,1984,807800.0,A,,,,
COL,Colombia,1985,643100.0,A,,,,
COL,Colombia,1986,713500.0,A,,,,
COL,Colombia,1987,651600.0,A,,,,
COL,Colombia,1988,708700.0,A,,,,
COL,Colombia,1989,664000.0,A,,,,
COL,Colombia,1990,845000.0,A,,,,
COL,Colombia,1991,970740.0,A,,,,
COL,Colombia,1992,1100000.0,X,,,,
COL,Colombia,1993,818220.0,A,,,,
COL,Colombia,1994,721860.0,A,,,,
COL,Colombia,1995,821820.0,A,1966787.663,576778.462,1625.561,423.251
COL,Colombia,1996,671401.0,A,1699268.132,617083.811,325.693,59.129000000000005
COL,Colombia,1997,642239.0,A,2273322.525,617375.5769999999,356.87,102.321
COL,Colombia,1998,766980.0,A,2015431.318,650607.893,1156.699,144.199
COL,Colombia,1999,546720.0,A,1394292.112,577157.613,926.687,511.276
COL,Colombia,2000,637140.0,A,1140407.812,531001.3809999999,431.987,213.259
COL,Colombia,2001,656160.0,A,822267.368,568677.675,1406.934,1208.597
COL,Colombia,2002,696840.0,A,855431.583,594414.411,23.157,37.91
COL,Colombia,2003,694080.0,A,885378.362,599098.62,52.52,116.22
COL,Colombia,2004,674400.0,A,1023761.194,595754.473,3429.0820000000003,5189.189
COL,Colombia,2005,667140.0,A,1555324.813,655836.198,21182.613,21462.943
COL,Colombia,2006,724740.0,A,1575222.943,622761.485,23296.356,18434.294
COL,Colombia,2007,757080.0,A,1838768.981,657802.875,8881.539,5530.131
COL,Colombia,2008,688680.0,A,2032826.463,643051.917,16094.345,9543.453
COL,Colombia,2009,468720.0,A,1646705.948,482886.686,75922.611,42808.435
COL,Colombia,2010,535380.0,A,1953724.858,429406.692,72910.601,32253.029
COL,Colombia,2011,468540.0,A,2779230.307,457926.722,161331.91700000002,54928.172
COL,Colombia,2012,462000.0,A,2041385.834,416130.839,168610.239,61212.773
COL,Colombia,2013,653160.0,A,1993409.462,561728.419,48037.204,24464.303
COL,Colombia,2014,728400.0,A,2600767.104,645589.492,33266.458,17406.622
COL,Colombia,2015,827750.0,A,2686464.216,735382.364,13790.547,6252.302
COL,Colombia,2016,818243.0,A,2549637.019,750109.054,14363.075,11484.28
COL,Colombia,2017,851640.0,A,2677103.323,740780.8690000001,27514.021,21341.971
COL,Colombia,2018,813420.0,A,2414685.191,734460.484,95699.569,61467.994
COL,Colombia,2019,885120.0,A,2439371.817,777485.219,68079.44099999999,42316.04
COL,Colombia,2020,833400.0,A,2549858.948,720343.388,98464.011,63948.601
COL,Colombia,2021,560340.0,A,3168034.018,715443.476,200378.337,102717.801
COL,Colombia,2022,665015.95,A,4164039.486,664882.876,476611.84,141541.334
COL,Colombia,2023,680857.67,A,3057241.307,610098.127,249997.34,90041.14700000001
COL,Colombia,2024,839846.69,A,3565961.034,688139.412,109421.443,38296.657
COM,Comoros,1961,100.0,E,,,,
COM,Comoros,1962,100.0,E,,,,
COM,Comoros,1963,150.0,E,,,,
COM,Comoros,1964,100.0,E,,,,
COM,Comoros,1965,100.0,E,,,,
COM,Comoros,1966,180.0,X,,,,
COM,Comoros,1967,180.0,X,,,,
COM,Comoros,1968,180.0,X,,,,
COM,Comoros,1969,180.0,X,,,,
COM,Comoros,1970,180.0,X,,,,
COM,Comoros,1971,120.0,X,,,,
COM,Comoros,1972,120.0,X,,,,
COM,Comoros,1973,120.0,X,,,,
COM,Comoros,1974,120.0,X,,,,
COM,Comoros,1975,60.0,X,,,,
COM,Comoros,1976,60.0,X,,,,
COM,Comoros,1977,70.0,E,,,,
COM,Comoros,1978,90.0,E,,,,
COM,Comoros,1979,90.0,E,,,,
COM,Comoros,1980,80.0,E,,,,
COM,Comoros,1981,82.0,E,,,,
COM,Comoros,1982,82.0,E,,,,
COM,Comoros,1983,83.0,E,,,,
COM,Comoros,1984,84.0,E,,,,
COM,Comoros,1985,85.0,E,,,,
COM,Comoros,1986,85.0,E,,,,
COM,Comoros,1987,85.0,E,,,,
COM,Comoros,1988,87.0,E,,,,
COM,Comoros,1989,87.0,E,,,,
COM,Comoros,1990,90.0,E,,,,
COM,Comoros,1991,91.0,E,,,,
COM,Comoros,1992,92.0,E,,,,
COM,Comoros,1993,92.11,I,,,,
COM,Comoros,1994,92.87,I,,,,
COM,Comoros,1995,93.68,I,12.353,11.135,9.078,1.022
COM,Comoros,1996,94.0,E,464.033,167.601,2.72,1.582
COM,Comoros,1997,95.44,I,13.385,3.0,2.253,0.597
COM,Comoros,1998,96.0,E,13.584,3.0,735.79,261.241
COM,Comoros,1999,98.07,I,66.0,24.39,12.172,3.722
COM,Comoros,2000,98.0,E,13.083,7.628,0.047,0.198
COM,Comoros,2001,100.99,I,1.0,0.3,6.431000000000001,1.294
COM,Comoros,2002,102.67,I,,,15.004,67.13
COM,Comoros,2003,100.0,E,,,4.709,0.525
COM,Comoros,2004,110.1,I,0.312,0.06,1.885,0.996
COM,Comoros,2005,120.0,E,38.879,20.4,7.508999999999999,2.922
COM,Comoros,2006,119.09,I,2.513,5.803,8.184999999999999,4.425
COM,Comoros,2007,120.8,I,,,24.67,5.696000000000001
COM,Comoros,2008,122.62,I,38.148,26.29,5.048,1.283
COM,Comoros,2009,124.24,I,,,33.117,12.03
COM,Comoros,2010,125.78,I,,,77.367,20.434
COM,Comoros,2011,127.35,I,2.999,46.335,35.448,25.226
COM,Comoros,2012,130.0,E,,,30.811,26.742
COM,Comoros,2013,132.0,E,300.485,57.75,99.656,53.198
COM,Comoros,2014,133.48,I,132.771,43.389,45.077,23.129
COM,Comoros,2015,135.35,I,,,15.733,12.69
COM,Comoros,2016,136.26,I,0.001,0.0,81.838,49.356
COM,Comoros,2017,137.12,I,,,27.937,14.992
COM,Comoros,2018,138.18,I,0.001,0.0,47.833,50.036
COM,Comoros,2019,139.35,I,59.378,19.97,48.864,31.52
COM,Comoros,2020,140.59,I,,,56.709,38.373000000000005
COM,Comoros,2021,143.45,I,,,56.444,48.251
COM,Comoros,2022,141.13,E,0.105,0.003,275.704,90.377
COM,Comoros,2023,141.73,E,6.739,0.121,32.859,27.944000000000003
COM,Comoros,2024,142.1,E,,,3.395,0.791
COG,Congo,1961,900.0,A,,,,
COG,Congo,1962,1300.0,A,,,,
COG,Congo,1963,1500.0,A,,,,
COG,Congo,1964,1500.0,A,,,,
COG,Congo,1965,2700.0,A,,,,
COG,Congo,1966,910.0,A,,,,
COG,Congo,1967,920.0,A,,,,
COG,Congo,1968,890.0,A,,,,
COG,Congo,1969,1111.0,A,,,,
COG,Congo,1970,1102.0,A,,,,
COG,Congo,1971,1286.0,A,,,,
COG,Congo,1972,1021.0,A,,,,
COG,Congo,1973,1035.0,A,,,,
COG,Congo,1974,1292.0,A,,,,
COG,Congo,1975,1050.0,A,,,,
COG,Congo,1976,2160.0,A,,,,
COG,Congo,1977,5244.0,A,,,,
COG,Congo,1978,4843.0,A,,,,
COG,Congo,1979,3120.0,X,,,,
COG,Congo,1980,2700.0,X,,,,
COG,Congo,1981,2580.0,X,,,,
COG,Congo,1982,2900.0,E,,,,
COG,Congo,1983,3360.0,X,,,,
COG,Congo,1984,2980.0,E,,,,
COG,Congo,1985,3480.0,X,,,,
COG,Congo,1986,1444.0,A,,,,
COG,Congo,1987,1028.0,A,,,,
COG,Congo,1988,1830.0,A,,,,
COG,Congo,1989,1843.0,A,,,,
COG,Congo,1990,1354.0,A,,,,
COG,Congo,1991,1401.0,A,,,,
COG,Congo,1992,1450.0,A,,,,
COG,Congo,1993,1501.0,A,,,,
COG,Congo,1994,1553.0,A,,,,
COG,Congo,1995,1606.0,A,2175.813,1258.796,39.626,20.492
COG,Congo,1996,1600.0,X,694.4839999999999,391.322,3.517,0.5
COG,Congo,1997,1338.0,A,3598.264,1469.146,3.258,1.125
COG,Congo,1998,850.0,A,16441.186,7947.763,3300.283,85.3
COG,Congo,1999,1490.0,A,13315.52,7337.502,6811.945,0.0
COG,Congo,2000,1550.0,A,10302.757,7921.434,39.081,46.408
COG,Congo,2001,1612.0,A,7633.083,6883.001,10.083,21.726
COG,Congo,2002,1687.0,A,7040.198,7153.252,115.021,86.031
COG,Congo,2003,2000.0,X,8772.251,7995.428,246.43,199.237
COG,Congo,2004,2800.0,E,7135.033,7039.443,165.972,120.982
COG,Congo,2005,3300.0,E,6660.763,4256.413,29.597,20.799
COG,Congo,2006,3000.0,E,7284.085,4033.291,133.98600000000002,42.56
COG,Congo,2007,3000.0,E,19016.037,8788.003999999999,1.567,1.452
COG,Congo,2008,2400.0,A,19657.695,7968.065,26.74,3.585
COG,Congo,2009,2700.0,E,12309.404,5437.578,31.416,0.784
COG,Congo,2010,2826.61,I,11621.356,4412.616,51.375,2.181
COG,Congo,2011,2900.7,I,12672.686,3370.65,61.08,23.1
COG,Congo,2012,2934.58,I,15294.715,4764.427,329.16299999999995,126.736
COG,Congo,2013,2987.03,I,12334.103,4528.273,18.336,13.076
COG,Congo,2014,3005.38,I,14871.246,5083.084,33.620999999999995,6.393000000000001
COG,Congo,2015,3038.73,I,9820.42,3442.916,44.996,5.225
COG,Congo,2016,3062.07,I,12320.224,4630.091,67.232,38.049
COG,Congo,2017,3108.09,I,12398.767,4475.215999999999,84.728,37.399
COG,Congo,2018,3151.08,I,15905.013,6267.719999999999,123.149,44.005
COG,Congo,2019,3173.44,I,10799.841,4711.639999999999,205.121,93.617
COG,Congo,2020,3191.72,I,10110.642,4442.234,218.015,33.695
COG,Congo,2021,3172.08,E,13686.791,4592.263999999999,14.877,34.673
COG,Congo,2022,3179.08,E,13169.276,3217.957,62.178,19.953
COG,Congo,2023,3180.96,E,11727.208,3211.337,58.835,9.204
COG,Congo,2024,3177.37,E,26038.524,5217.427,275.862,64.516
COK,Cook Islands,1961,3.0,A,,,,
COK,Cook Islands,1962,5.0,E,,,,
COK,Cook Islands,1963,7.0,E,,,,
COK,Cook Islands,1964,11.0,A,,,,
COK,Cook Islands,1965,10.0,E,,,,
COK,Cook Islands,1966,11.0,E,,,,
COK,Cook Islands,1967,12.0,E,,,,
COK,Cook Islands,1968,10.0,E,,,,
COK,Cook Islands,1969,10.0,E,,,,
COK,Cook Islands,1970,10.0,E,,,,
COK,Cook Islands,1971,10.0,E,,,,
COK,Cook Islands,1972,10.0,E,,,,
COK,Cook Islands,1973,10.0,E,,,,
COK,Cook Islands,1974,10.0,E,,,,
COK,Cook Islands,1975,10.0,E,,,,
COK,Cook Islands,1976,2.0,A,,,,
COK,Cook Islands,1977,3.0,A,,,,
COK,Cook Islands,1978,2.0,A,,,,
COK,Cook Islands,1979,2.0,E,,,,
COK,Cook Islands,1980,2.0,E,,,,
COK,Cook Islands,1981,2.0,E,,,,
COK,Cook Islands,1982,2.0,E,,,,
COK,Cook Islands,1983,2.0,E,,,,
COK,Cook Islands,1984,2.0,E,,,,
COK,Cook Islands,1985,2.0,E,,,,
COK,Cook Islands,1986,2.0,E,,,,
COK,Cook Islands,1987,2.0,E,,,,
COK,Cook Islands,1988,1.0,A,,,,
COK,Cook Islands,1989,1.0,A,,,,
COK,Cook Islands,1990,2.0,A,,,,
COK,Cook Islands,1991,2.0,A,,,,
COK,Cook Islands,1992,5.0,A,,,,
COK,Cook Islands,1993,4.0,A,,,,
COK,Cook Islands,1994,8.0,A,,,,
COK,Cook Islands,1995,15.0,A,,,,
COK,Cook Islands,1996,20.0,A,,,,
COK,Cook Islands,1997,15.0,E,,,,
COK,Cook Islands,1998,10.0,E,,,,
COK,Cook Islands,1999,5.0,A,,,3.497,0.839
COK,Cook Islands,2000,6.5,I,,,9.051,2.367
COK,Cook Islands,2001,6.62,I,,,7.365,0.657
COK,Cook Islands,2002,6.78,I,,,7.954,0.8069999999999999
COK,Cook Islands,2003,3.0,A,,,24.924,3.696
COK,Cook Islands,2005,0.14,I,,,15.138,7.018000000000001
COK,Cook Islands,2008,0.12,I,,,26.977,3.27
COK,Cook Islands,2009,0.37,I,,,50.54,5.023000000000001
COK,Cook Islands,2010,0.35,I,,,40.255,4.7490000000000006
COK,Cook Islands,2011,0.33,I,,,31.879,4.404
COK,Cook Islands,2012,0.32,I,96.72,19.0,125.15,6.085
COK,Cook Islands,2013,0.3,I,,,135.095,8.022
COK,Cook Islands,2014,0.3,I,0.084,0.006,22.982,2.157
COK,Cook Islands,2015,0.4,I,0.007,0.001,67.594,2.377
COK,Cook Islands,2016,0.34,E,,,27.439,3.9
COK,Cook Islands,2017,0.3,I,,,56.631,8.16
COK,Cook Islands,2018,0.27,I,0.106,0.0,37.761,4.258
COK,Cook Islands,2019,0.26,I,,,17.429,0.605
COK,Cook Islands,2020,0.25,I,5.524,0.352,74.57799999999999,1.943
COK,Cook Islands,2021,0.34,I,,,57.955,2.352
COK,Cook Islands,2022,0.36,I,,,62.241,2.466
COK,Cook Islands,2023,0.36,I,,,5.898,0.573
COK,Cook Islands,2024,0.37,I,,,18.55,0.7939999999999999
CRI,Costa Rica,1961,61769.0,A,,,,
CRI,Costa Rica,1962,54523.0,A,,,,
CRI,Costa Rica,1963,62295.0,A,,,,
CRI,Costa Rica,1964,47219.0,A,,,,
CRI,Costa Rica,1965,58384.0,A,,,,
CRI,Costa Rica,1966,68344.0,A,,,,
CRI,Costa Rica,1967,76014.0,A,,,,
CRI,Costa Rica,1968,69372.0,A,,,,
CRI,Costa Rica,1969,84549.0,A,,,,
CRI,Costa Rica,1970,73192.0,A,,,,
CRI,Costa Rica,1971,89350.0,A,,,,
CRI,Costa Rica,1972,78787.0,A,,,,
CRI,Costa Rica,1973,95721.0,A,,,,
CRI,Costa Rica,1974,84287.0,A,,,,
CRI,Costa Rica,1975,80248.0,A,,,,
CRI,Costa Rica,1976,81784.0,A,,,,
CRI,Costa Rica,1977,87183.0,A,,,,
CRI,Costa Rica,1978,98549.0,A,,,,
CRI,Costa Rica,1979,98575.0,A,,,,
CRI,Costa Rica,1980,106389.0,A,,,,
CRI,Costa Rica,1981,113102.0,A,,,,
CRI,Costa Rica,1982,115087.0,A,,,,
CRI,Costa Rica,1983,124008.0,A,,,,
CRI,Costa Rica,1984,136857.0,A,,,,
CRI,Costa Rica,1985,124000.0,A,,,,
CRI,Costa Rica,1986,128227.0,A,,,,
CRI,Costa Rica,1987,138000.0,A,,,,
CRI,Costa Rica,1988,144900.0,A,,,,
CRI,Costa Rica,1989,157000.0,A,,,,
CRI,Costa Rica,1990,151100.0,A,,,,
CRI,Costa Rica,1991,158000.0,A,,,,
CRI,Costa Rica,1992,168000.0,A,,,,
CRI,Costa Rica,1993,156927.0,A,,,,
CRI,Costa Rica,1994,147998.0,A,,,,
CRI,Costa Rica,1995,150061.0,A,435262.866,129180.272,1459.846,382.109
CRI,Costa Rica,1996,154131.0,A,436422.16,160244.279,145.709,50.624
CRI,Costa Rica,1997,132015.0,A,443426.175,129709.184,165.858,36.875
CRI,Costa Rica,1998,152385.0,A,470856.975,141375.61000000002,1345.36,104.617
CRI,Costa Rica,1999,147868.0,A,312117.97000000003,130358.109,134.546,104.284
CRI,Costa Rica,2000,161395.0,A,309363.22,141883.164,157.312,114.772
CRI,Costa Rica,2001,150289.0,A,216320.894,140315.38199999998,165.905,345.909
CRI,Costa Rica,2002,140874.0,A,213005.182,135520.241,741.166,542.9010000000001
CRI,Costa Rica,2003,132259.0,A,231837.716,139320.244,281.535,220.272
CRI,Costa Rica,2004,126000.0,X,245623.315,128007.402,146.201,172.026
CRI,Costa Rica,2005,125669.0,A,292182.667,129842.861,696.643,306.534
CRI,Costa Rica,2006,101038.0,A,268523.11600000004,93426.741,358.825,196.961
CRI,Costa Rica,2007,121058.0,A,298224.939,97407.734,418.966,374.364
CRI,Costa Rica,2008,111959.0,A,378642.087,119773.637,1270.999,544.119
CRI,Costa Rica,2009,91403.0,A,271182.855,79379.154,6148.101,2176.455
CRI,Costa Rica,2010,91620.0,A,300816.722,80888.002,19365.165,7791.19
CRI,Costa Rica,2011,95038.0,A,452503.636,83388.11499999999,31891.948,10801.731
CRI,Costa Rica,2012,117873.0,A,465398.75,92886.143,7652.766,3065.5930000000003
CRI,Costa Rica,2013,71381.0,A,356986.13,90319.871,3777.456,1791.454
CRI,Costa Rica,2014,96735.0,A,348361.364,82854.567,25308.719,9957.625
CRI,Costa Rica,2015,83846.0,A,361629.297,78215.647,13145.957,6114.400000000001
CRI,Costa Rica,2016,93720.0,A,353582.042,83838.795,16021.9,8353.536
CRI,Costa Rica,2017,90419.0,A,346496.722,77769.657,9543.8,4683.381
CRI,Costa Rica,2018,92016.0,A,358501.481,85466.72,7909.187000000001,4803.188
CRI,Costa Rica,2019,76385.0,A,323055.205,74809.31,21916.376,13913.985
CRI,Costa Rica,2020,86791.0,A,364022.409,79474.86,18545.146,10979.283
CRI,Costa Rica,2021,95322.0,A,371586.333,79823.084,19208.145,9658.893
CRI,Costa Rica,2022,74620.26,A,442725.787,73879.438,31405.784,11381.655
CRI,Costa Rica,2023,80270.33,A,445149.315,72522.285,35810.401,13472.23
CRI,Costa Rica,2024,62153.98,A,410285.338,75257.069,17889.595999999998,7009.372
CIV,Côte d'Ivoire,1961,185500.0,A,,,,
CIV,Côte d'Ivoire,1962,97071.0,A,,,,
CIV,Côte d'Ivoire,1963,194639.0,A,,,,
CIV,Côte d'Ivoire,1964,260698.0,A,,,,
CIV,Côte d'Ivoire,1965,202105.0,A,,,,
CIV,Côte d'Ivoire,1966,272566.0,A,,,,
CIV,Côte d'Ivoire,1967,130759.0,A,,,,
CIV,Côte d'Ivoire,1968,287760.0,A,,,,
CIV,Côte d'Ivoire,1969,210124.0,A,,,,
CIV,Côte d'Ivoire,1970,279610.0,A,,,,
CIV,Côte d'Ivoire,1971,239706.0,A,,,,
CIV,Côte d'Ivoire,1972,268836.0,A,,,,
CIV,Côte d'Ivoire,1973,301804.0,A,,,,
CIV,Côte d'Ivoire,1974,195935.0,A,,,,
CIV,Côte d'Ivoire,1975,270400.0,A,,,,
CIV,Côte d'Ivoire,1976,308400.0,A,,,,
CIV,Côte d'Ivoire,1977,291339.0,A,,,,
CIV,Côte d'Ivoire,1978,195565.0,A,,,,
CIV,Côte d'Ivoire,1979,277048.0,A,,,,
CIV,Côte d'Ivoire,1980,249608.0,A,,,,
CIV,Côte d'Ivoire,1981,366839.0,A,,,,
CIV,Côte d'Ivoire,1982,247708.0,A,,,,
CIV,Côte d'Ivoire,1983,270581.0,A,,,,
CIV,Côte d'Ivoire,1984,85203.0,A,,,,
CIV,Côte d'Ivoire,1985,277082.0,A,,,,
CIV,Côte d'Ivoire,1986,265199.0,A,,,,
CIV,Côte d'Ivoire,1987,270130.0,A,,,,
CIV,Côte d'Ivoire,1988,186705.0,A,,,,
CIV,Côte d'Ivoire,1989,221350.0,A,,,,
CIV,Côte d'Ivoire,1990,285164.0,A,,,,
CIV,Côte d'Ivoire,1991,198909.0,A,,,,
CIV,Côte d'Ivoire,1992,257000.0,A,,,,
CIV,Côte d'Ivoire,1993,138937.0,A,,,,
CIV,Côte d'Ivoire,1994,145576.0,A,,,,
CIV,Côte d'Ivoire,1995,194968.0,A,396707.624,133412.21,206.229,47.156000000000006
CIV,Côte d'Ivoire,1996,167786.0,A,271084.177,144139.63999999998,124.063,36.982
CIV,Côte d'Ivoire,1997,279219.0,A,314102.622,207657.889,632.876,143.645
CIV,Côte d'Ivoire,1998,311000.0,A,420868.027,234965.472,110.685,60.548
CIV,Côte d'Ivoire,1999,307331.0,A,208866.43,126790.32,938.34,587.146
CIV,Côte d'Ivoire,2000,380000.0,A,209778.328,259989.866,281.552,158.744
CIV,Côte d'Ivoire,2001,301127.0,A,125932.924,209894.176,11.605,18.741
CIV,Côte d'Ivoire,2002,182001.0,A,93974.755,163483.932,113.215,97.081
CIV,Côte d'Ivoire,2003,140027.0,A,100192.919,128257.174,25.506,25.128
CIV,Côte d'Ivoire,2004,154081.0,A,112909.986,149385.957,24.209,130.15
CIV,Côte d'Ivoire,2005,230000.0,A,110839.456,111790.882,38.187,20.782
CIV,Côte d'Ivoire,2006,187000.0,A,125017.918,96619.13,11.57,4.38
CIV,Côte d'Ivoire,2007,170849.0,A,208529.785,118880.065,87.369,38.756
CIV,Côte d'Ivoire,2008,173118.0,A,184603.313,78668.89,277.417,134.90099999999998
CIV,Côte d'Ivoire,2009,142945.0,A,138869.26,76854.247,25.103,5.086
CIV,Côte d'Ivoire,2010,94372.0,A,157228.886,99280.15,11.201,1.911
CIV,Côte d'Ivoire,2011,32291.0,A,150860.794,49251.256,27.322,124.275
CIV,Côte d'Ivoire,2012,121426.0,A,186066.52,83095.457,92.002,52.859
CIV,Côte d'Ivoire,2013,103743.0,A,192224.077,86679.992,16.905,20.322
CIV,Côte d'Ivoire,2014,109913.47,I,152405.47999999998,70329.04400000001,1193.142,488.3109999999999
CIV,Côte d'Ivoire,2015,127000.0,A,130495.814,66168.43000000001,1677.0,749.629
CIV,Côte d'Ivoire,2016,106000.0,A,260819.764,111781.428,593.634,243.377
CIV,Côte d'Ivoire,2017,33600.0,A,103795.896,45652.929,195.77,62.413
CIV,Côte d'Ivoire,2018,123900.0,A,132919.763,70525.603,144.052,33.176
CIV,Côte d'Ivoire,2019,95204.0,A,153596.647,103531.541,165.2,44.026
CIV,Côte d'Ivoire,2020,82366.0,A,107318.798,71659.709,145.28199999999998,30.415
CIV,Côte d'Ivoire,2021,61312.0,A,49296.982,31563.167,77.589,17.178
CIV,Côte d'Ivoire,2022,89878.0,A,105620.791,52509.135,148.636,28.581
CIV,Côte d'Ivoire,2023,46975.0,A,83494.912,38101.583,176.447,31.762
CIV,Côte d'Ivoire,2024,72133.0,A,164495.884,60526.369000000006,83.647,12.218
CUB,Cuba,1961,37000.0,A,,,,
CUB,Cuba,1962,52206.0,A,,,,
CUB,Cuba,1963,34691.0,A,,,,
CUB,Cuba,1964,32028.0,A,,,,
CUB,Cuba,1965,23880.0,A,,,,
CUB,Cuba,1966,33407.0,A,,,,
CUB,Cuba,1967,34246.0,A,,,,
CUB,Cuba,1968,29246.0,A,,,,
CUB,Cuba,1969,31649.0,A,,,,
CUB,Cuba,1970,19742.0,A,,,,
CUB,Cuba,1971,25987.0,A,,,,
CUB,Cuba,1972,25391.0,A,,,,
CUB,Cuba,1973,21028.0,A,,,,
CUB,Cuba,1974,28795.0,A,,,,
CUB,Cuba,1975,20112.0,A,,,,
CUB,Cuba,1976,27151.0,A,,,,
CUB,Cuba,1977,16826.0,A,,,,
CUB,Cuba,1978,14807.0,A,,,,
CUB,Cuba,1979,22674.0,A,,,,
CUB,Cuba,1980,18973.0,A,,,,
CUB,Cuba,1981,21616.0,A,,,,
CUB,Cuba,1982,28684.0,A,,,,
CUB,Cuba,1983,18410.0,A,,,,
CUB,Cuba,1984,22051.0,A,,,,
CUB,Cuba,1985,23783.0,A,,,,
CUB,Cuba,1986,24509.0,A,,,,
CUB,Cuba,1987,26165.0,A,,,,
CUB,Cuba,1988,28801.0,A,,,,
CUB,Cuba,1989,28920.0,A,,,,
CUB,Cuba,1990,24900.0,X,,,,
CUB,Cuba,1991,22740.0,X,,,,
CUB,Cuba,1992,18720.0,X,,,,
CUB,Cuba,1993,17100.0,X,,,,
CUB,Cuba,1994,17040.0,X,,,,
CUB,Cuba,1995,17100.0,X,23683.703,5722.53,803.116,354.523
CUB,Cuba,1996,16680.0,X,13513.913,4216.958,1239.027,593.125
CUB,Cuba,1997,19980.0,X,16701.365,4539.255,37.49,10.125
CUB,Cuba,1998,13500.0,X,21261.912,5487.771,800.895,508.187
CUB,Cuba,1999,22020.0,X,14417.764,4956.748,8970.722,0.0
CUB,Cuba,2000,16500.0,X,20164.762,7369.469,4981.187,2728.489
CUB,Cuba,2001,15720.0,X,12785.78,6955.055,2689.036,1917.547
CUB,Cuba,2002,14700.0,X,8962.173,5182.4800000000005,2089.148,1632.358
CUB,Cuba,2003,15000.0,X,8232.671,5579.391,2737.914,1744.4630000000002
CUB,Cuba,2004,15240.0,X,5892.745,3060.821,4096.557,2782.407
CUB,Cuba,2005,10800.0,X,7324.888,4269.867,40279.982,25628.387
CUB,Cuba,2006,8400.0,X,2626.9,1510.681,17593.021,10975.803
CUB,Cuba,2007,13500.0,X,3078.019,737.529,40078.101,18138.443
CUB,Cuba,2008,6240.0,X,1590.652,216.806,35482.144,13896.935
CUB,Cuba,2009,7980.0,X,2344.185,431.191,32676.539,16087.263
CUB,Cuba,2010,8430.0,X,2222.446,305.514,39544.128,17959.075
CUB,Cuba,2011,10150.0,X,2904.229,379.735,21651.787,7542.799999999999
CUB,Cuba,2012,7560.0,X,5770.585,801.032,26708.339,8327.078
CUB,Cuba,2013,8944.0,X,3991.28,757.052,30706.803,10693.943
CUB,Cuba,2014,9203.03,I,4738.444,909.826,30886.92,11172.342
CUB,Cuba,2015,7416.54,I,2910.183,510.731,14123.052,5275.541
CUB,Cuba,2016,7539.75,I,5095.692,1042.616,29349.809,10717.64
CUB,Cuba,2017,6780.0,X,4011.196,943.771,25307.818,8444.708
CUB,Cuba,2018,7680.0,X,6645.304,1344.606,29729.997,10397.618
CUB,Cuba,2019,7800.0,X,5759.28,1188.065,18053.103,6417.829
CUB,Cuba,2020,7500.0,X,5767.016,1323.242,12343.301,5331.59
CUB,Cuba,2021,9100.0,A,6383.275,1344.736,14640.421,5628.328
CUB,Cuba,2022,6252.0,A,5536.737,1074.989,22682.213,4976.89
CUB,Cuba,2023,6000.0,X,3961.247,723.0550000000001,12776.19,3556.954
CUB,Cuba,2024,6000.0,X,4793.218,605.452,7302.289999999999,1986.368
COD,Democratic Republic of the Congo,1961,54000.0,X,,,,
COD,Democratic Republic of the Congo,1962,66000.0,X,,,,
COD,Democratic Republic of the Congo,1963,66000.0,X,,,,
COD,Democratic Republic of the Congo,1964,57000.0,X,,,,
COD,Democratic Republic of the Congo,1965,58500.0,X,,,,
COD,Democratic Republic of the Congo,1966,54000.0,X,,,,
COD,Democratic Republic of the Congo,1967,60000.0,X,,,,
COD,Democratic Republic of the Congo,1968,63300.0,A,,,,
COD,Democratic Republic of the Congo,1969,68000.0,A,,,,
COD,Democratic Republic of the Congo,1970,69600.0,A,,,,
COD,Democratic Republic of the Congo,1971,74600.0,A,,,,
COD,Democratic Republic of the Congo,1972,79200.0,A,,,,
COD,Democratic Republic of the Congo,1973,77700.0,A,,,,
COD,Democratic Republic of the Congo,1974,77100.0,A,,,,
COD,Democratic Republic of the Congo,1975,82500.0,A,,,,
COD,Democratic Republic of the Congo,1976,91100.0,A,,,,
COD,Democratic Republic of the Congo,1977,88500.0,A,,,,
COD,Democratic Republic of the Congo,1978,85600.0,A,,,,
COD,Democratic Republic of the Congo,1979,86700.0,A,,,,
COD,Democratic Republic of the Congo,1980,89000.0,A,,,,
COD,Democratic Republic of the Congo,1981,93400.0,A,,,,
COD,Democratic Republic of the Congo,1982,93400.0,A,,,,
COD,Democratic Republic of the Congo,1983,84200.0,A,,,,
COD,Democratic Republic of the Congo,1984,92700.0,A,,,,
COD,Democratic Republic of the Congo,1985,91600.0,A,,,,
COD,Democratic Republic of the Congo,1986,95000.0,A,,,,
COD,Democratic Republic of the Congo,1987,97200.0,A,,,,
COD,Democratic Republic of the Congo,1988,103080.0,A,,,,
COD,Democratic Republic of the Congo,1989,94740.0,A,,,,
COD,Democratic Republic of the Congo,1990,101594.0,A,,,,
COD,Democratic Republic of the Congo,1991,95000.0,A,,,,
COD,Democratic Republic of the Congo,1992,92400.0,A,,,,
COD,Democratic Republic of the Congo,1993,90109.0,A,,,,
COD,Democratic Republic of the Congo,1994,88346.0,A,,,,
COD,Democratic Republic of the Congo,1995,84714.0,A,83362.244,32900.761,2286.5460000000003,993.432
COD,Democratic Republic of the Congo,1996,73975.0,A,116466.002,58289.215,,
COD,Democratic Republic of the Congo,1997,70299.0,A,59667.781,32460.2,104.111,108.0
COD,Democratic Republic of the Congo,1998,55991.0,A,57805.652,28284.49,3.616,1.562
COD,Democratic Republic of the Congo,1999,48605.0,A,41612.202,24293.751,2.813,0.639
COD,Democratic Republic of the Congo,2000,46767.0,A,29831.078,20960.807,297.566,175.851
COD,Democratic Republic of the Congo,2001,34723.0,A,13145.013,11108.94,159.084,107.094
COD,Democratic Republic of the Congo,2002,32080.0,A,5177.583,4965.94,350.144,314.538
COD,Democratic Republic of the Congo,2003,32050.0,A,5820.98,5474.874,405.129,251.994
COD,Democratic Republic of the Congo,2004,32020.0,A,10790.776,7953.616000000001,66.211,20.535
COD,Democratic Republic of the Congo,2005,31990.0,A,11143.26,7698.026,233.79,116.399
COD,Democratic Republic of the Congo,2006,31960.0,A,11154.612,6205.529,112.444,33.649
COD,Democratic Republic of the Congo,2007,31930.0,A,8816.568,4495.161,448.818,168.65700000000004
COD,Democratic Republic of the Congo,2008,31900.0,A,18280.373,7221.256,358.425,316.404
COD,Democratic Republic of the Congo,2009,31870.0,A,16117.414,7112.487,178.828,21.727
COD,Democratic Republic of the Congo,2010,31840.0,A,14122.002,5547.643,53.189,4.986
COD,Democratic Republic of the Congo,2011,31810.0,A,15941.039,4058.627,106.089,16.707
COD,Democratic Republic of the Congo,2012,31561.74,I,15442.961,4081.241,288.697,67.618
COD,Democratic Republic of the Congo,2013,29700.71,I,10476.402,3453.769,205.545,62.632000000000005
COD,Democratic Republic of the Congo,2014,28233.0,I,14827.282,4248.066,34.059,6.626
COD,Democratic Republic of the Congo,2015,30999.41,I,18638.242,5769.026,126.584,37.134
COD,Democratic Republic of the Congo,2016,29644.37,E,14110.443,4723.335,35.201,29.429
COD,Democratic Republic of the Congo,2017,40342.18,I,22308.825,7507.651,69.003,54.047
COD,Democratic Republic of the Congo,2018,51485.0,A,19679.392,7429.709,159.525,54.808
COD,Democratic Republic of the Congo,2019,52940.0,A,19486.389,7850.8,64.791,32.887
COD,Democratic Republic of the Congo,2020,53303.0,A,21997.27,8024.897,50.948,29.79
COD,Democratic Republic of the Congo,2021,54159.65,I,21080.289,8058.902,6478.511,999.745
COD,Democratic Republic of the Congo,2022,58817.48,I,33678.888,7811.097,768.397,229.881
COD,Democratic Republic of the Congo,2023,62405.41,I,33202.333,7769.545,335.313,113.189
COD,Democratic Republic of the Congo,2024,65701.24,I,28782.34,5891.266,293.252,65.114
DMA,Dominica,1979,171.0,A,,,,
DMA,Dominica,1980,164.0,A,,,,
DMA,Dominica,1981,168.0,A,,,,
DMA,Dominica,1982,171.0,A,,,,
DMA,Dominica,1983,175.0,A,,,,
DMA,Dominica,1984,187.0,A,,,,
DMA,Dominica,1985,192.0,A,,,,
DMA,Dominica,1986,195.0,A,,,,
DMA,Dominica,1987,192.0,A,,,,
DMA,Dominica,1988,196.0,A,,,,
DMA,Dominica,1989,193.0,A,,,,
DMA,Dominica,1990,178.0,A,,,,
DMA,Dominica,1991,205.0,A,,,,
DMA,Dominica,1992,204.0,A,,,,
DMA,Dominica,1993,340.0,A,,,,
DMA,Dominica,1994,350.0,E,,,,
DMA,Dominica,1995,348.79,I,371.563,94.135,,
DMA,Dominica,1996,360.0,E,611.869,237.986,6.603,1.66
DMA,Dominica,1997,359.62,I,1526.305,350.25800000000004,471.876,124.988
DMA,Dominica,1998,362.38,I,1047.669,336.331,151.876,36.0
DMA,Dominica,1999,370.0,E,1232.326,517.76,2.998,0.952
DMA,Dominica,2000,307.71,I,200.693,81.038,3.702,0.826
DMA,Dominica,2001,289.72,I,98.645,50.169,77.822,72.463
DMA,Dominica,2002,271.73,I,145.722,72.98400000000001,76.086,79.857
DMA,Dominica,2003,253.74,I,472.7480000000001,171.324,13.41,5.929
DMA,Dominica,2004,235.76,I,299.153,106.842,40.653,22.882
DMA,Dominica,2005,217.8,I,73.671,25.418,188.341,72.018
DMA,Dominica,2006,199.84,I,456.073,103.346,100.858,54.938
DMA,Dominica,2007,82.0,A,17.357,2.899,12.12,5.598
DMA,Dominica,2008,67.0,A,280.347,69.556,103.583,41.342
DMA,Dominica,2009,58.0,A,98.235,24.696,25.974,2.9679999999999995
DMA,Dominica,2010,45.0,A,94.373,20.029000000000003,1986.304,1367.319
DMA,Dominica,2011,498.0,A,275.08,39.05,6107.75,2710.283
DMA,Dominica,2012,370.81,I,15.982,3.526,4469.828,2498.282
DMA,Dominica,2013,370.55,I,44.899,5.26,1166.302,577.1659999999999
DMA,Dominica,2014,370.3,I,83.47699999999999,19.524,5818.661999999999,2604.922
DMA,Dominica,2015,370.1,I,64.467,6.9670000000000005,159.74,36.815
DMA,Dominica,2016,369.63,I,77.90499999999999,8.529,104.896,22.249
DMA,Dominica,2017,369.36,I,45.252,6.262,4.321999999999999,1.174
DMA,Dominica,2018,369.7,E,91.74,23.994,149.002,73.617
DMA,Dominica,2019,353.64,I,96.359,15.924,12.085,2.883
DMA,Dominica,2020,364.23,E,34.869,5.292,10.297,3.51
DMA,Dominica,2021,362.53,E,51.932,5.47,154.906,22.528
DMA,Dominica,2022,360.13,E,61.399,8.491,8.982,2.291
DMA,Dominica,2023,362.3,E,0.615,0.0839999999999999,271.03,90.061
DMA,Dominica,2024,361.65,E,,,17.242,5.832
DOM,Dominican Republic,1961,36210.0,A,,,,
DOM,Dominican Republic,1962,45968.0,A,,,,
DOM,Dominican Republic,1963,44783.0,A,,,,
DOM,Dominican Republic,1964,51974.0,A,,,,
DOM,Dominican Republic,1965,43072.0,A,,,,
DOM,Dominican Republic,1966,44535.0,A,,,,
DOM,Dominican Republic,1967,42400.0,A,,,,
DOM,Dominican Republic,1968,44500.0,A,,,,
DOM,Dominican Republic,1969,43550.0,A,,,,
DOM,Dominican Republic,1970,42494.0,A,,,,
DOM,Dominican Republic,1971,45000.0,A,,,,
DOM,Dominican Republic,1972,45300.0,A,,,,
DOM,Dominican Republic,1973,58682.0,A,,,,
DOM,Dominican Republic,1974,54311.0,A,,,,
DOM,Dominican Republic,1975,51855.0,A,,,,
DOM,Dominican Republic,1976,56997.0,A,,,,
DOM,Dominican Republic,1977,60208.0,A,,,,
DOM,Dominican Republic,1978,43405.0,A,,,,
DOM,Dominican Republic,1979,60391.0,A,,,,
DOM,Dominican Republic,1980,60091.0,A,,,,
DOM,Dominican Republic,1981,52206.0,A,,,,
DOM,Dominican Republic,1982,63493.0,A,,,,
DOM,Dominican Republic,1983,68027.0,A,,,,
DOM,Dominican Republic,1984,72109.0,A,,,,
DOM,Dominican Republic,1985,71965.0,A,,,,
DOM,Dominican Republic,1986,68504.0,A,,,,
DOM,Dominican Republic,1987,67134.0,A,,,,
DOM,Dominican Republic,1988,67939.0,A,,,,
DOM,Dominican Republic,1989,64611.0,A,,,,
DOM,Dominican Republic,1990,59377.0,A,,,,
DOM,Dominican Republic,1991,55222.0,A,,,,
DOM,Dominican Republic,1992,42464.0,A,,,,
DOM,Dominican Republic,1993,37744.0,A,,,,
DOM,Dominican Republic,1994,32715.23,A,,,,
DOM,Dominican Republic,1995,42407.33,A,85366.028,26613.062,,
DOM,Dominican Republic,1996,47895.31,A,73150.28,28648.338,31.611,17.363
DOM,Dominican Republic,1997,33997.01,A,70672.4,18695.049,,
DOM,Dominican Republic,1998,56943.0,A,76657.34,22540.929,96.775,52.164
DOM,Dominican Republic,1999,34609.0,A,18273.683,7142.842000000001,1249.756,614.4639999999999
DOM,Dominican Republic,2000,45546.0,A,14709.773,6429.178,39.791,21.453000000000003
DOM,Dominican Republic,2001,35476.0,A,7572.087,4116.233,35.878,20.855
DOM,Dominican Republic,2002,37330.0,A,5663.264,2972.654,37.922,40.061
DOM,Dominican Republic,2003,36929.0,A,6491.342000000001,2770.519,9.836,4.553
DOM,Dominican Republic,2004,35421.0,A,6757.069,2597.123,2.232,0.201
DOM,Dominican Republic,2005,40303.0,A,6990.962,2471.531,35.273,22.307
DOM,Dominican Republic,2006,41352.17,A,9452.206,3447.266,5.812,1.728
DOM,Dominican Republic,2007,41231.97,A,8612.139,2572.554,72.032,42.245000000000005
DOM,Dominican Republic,2008,35582.42,A,9695.273,2771.5660000000003,50.988,25.426
DOM,Dominican Republic,2009,37950.0,A,8955.387999999999,2519.986,35.531,24.583
DOM,Dominican Republic,2010,21876.0,A,8938.208,2137.575,2645.446,720.819
DOM,Dominican Republic,2011,22679.85,A,18681.813,3180.062,7272.79,2184.664
DOM,Dominican Republic,2012,27009.0,A,14720.118,2812.852,4311.427,2063.502
DOM,Dominican Republic,2013,18552.12,A,8714.778999999999,1984.573,12584.065,3056.629
DOM,Dominican Republic,2014,13213.28,A,5979.6230000000005,1121.205,20667.846,7750.764999999999
DOM,Dominican Republic,2015,9888.42,A,4964.396000000001,833.908,60150.89200000001,19406.721
DOM,Dominican Republic,2016,11470.58,A,5182.602,813.936,38853.405,16907.345
DOM,Dominican Republic,2017,15241.0,A,5174.156,773.248,38703.633,15402.621
DOM,Dominican Republic,2018,18416.04,A,6281.715,999.796,33744.26,14878.824
DOM,Dominican Republic,2019,13873.31,A,4776.2300000000005,768.503,32588.234,15428.185
DOM,Dominican Republic,2020,15380.93,A,3329.84,517.99,22199.312,11684.767
DOM,Dominican Republic,2021,16558.97,A,4335.5470000000005,771.042,34331.993,15005.266
DOM,Dominican Republic,2022,20577.02,A,5464.826,796.447,42664.55,13949.024
DOM,Dominican Republic,2023,27397.26,A,5029.513,733.9499999999999,49173.247,15673.151
DOM,Dominican Republic,2024,24838.0,A,4274.884,671.294,27948.607,8969.508
ECU,Ecuador,1961,53500.0,A,,,,
ECU,Ecuador,1962,55500.0,A,,,,
ECU,Ecuador,1963,42800.0,A,,,,
ECU,Ecuador,1964,47000.0,A,,,,
ECU,Ecuador,1965,66200.0,A,,,,
ECU,Ecuador,1966,57222.0,A,,,,
ECU,Ecuador,1967,61731.0,A,,,,
ECU,Ecuador,1968,60493.0,A,,,,
ECU,Ecuador,1969,44345.0,A,,,,
ECU,Ecuador,1970,72053.0,A,,,,
ECU,Ecuador,1971,62252.0,A,,,,
ECU,Ecuador,1972,71385.0,A,,,,
ECU,Ecuador,1973,74980.0,A,,,,
ECU,Ecuador,1974,69638.0,A,,,,
ECU,Ecuador,1975,76437.0,A,,,,
ECU,Ecuador,1976,87101.0,A,,,,
ECU,Ecuador,1977,82680.0,A,,,,
ECU,Ecuador,1978,75447.0,A,,,,
ECU,Ecuador,1979,89728.0,A,,,,
ECU,Ecuador,1980,69445.0,A,,,,
ECU,Ecuador,1981,86085.0,A,,,,
ECU,Ecuador,1982,83938.0,A,,,,
ECU,Ecuador,1983,81075.0,A,,,,
ECU,Ecuador,1984,97258.0,A,,,,
ECU,Ecuador,1985,120861.0,A,,,,
ECU,Ecuador,1986,118000.0,A,,,,
ECU,Ecuador,1987,111720.0,X,,,,
ECU,Ecuador,1988,144401.0,A,,,,
ECU,Ecuador,1989,129309.0,A,,,,
ECU,Ecuador,1990,134980.0,A,,,,
ECU,Ecuador,1991,116917.0,A,,,,
ECU,Ecuador,1992,137671.0,A,,,,
ECU,Ecuador,1993,137004.0,A,,,,
ECU,Ecuador,1994,186797.0,A,,,,
ECU,Ecuador,1995,148205.0,A,237871.021,82394.265,3612.065000000001,3382.414
ECU,Ecuador,1996,168919.0,A,146945.992,73587.80799999999,3659.068,4203.815
ECU,Ecuador,1997,173868.0,A,107338.858,44307.324,3494.122,2956.71
ECU,Ecuador,1998,48190.0,A,74787.757,39916.346,493.697,849.7059999999999
ECU,Ecuador,1999,132939.0,A,68821.314,40282.357,7158.991,557.627
ECU,Ecuador,2000,27606.0,A,30649.213,21532.542,2959.273,3002.519
ECU,Ecuador,2001,164790.0,A,21395.758,22714.841,895.774,812.648
ECU,Ecuador,2002,23325.0,A,12738.534,12503.51,3019.587,4147.22
ECU,Ecuador,2003,23579.0,A,15837.372,13019.271,2818.667,3272.598
ECU,Ecuador,2004,27932.0,A,20402.377,16673.981,5520.092,6221.7480000000005
ECU,Ecuador,2005,40805.0,A,31910.36,25095.71,10837.513,10188.809
ECU,Ecuador,2006,31461.0,A,41144.192,23760.514,11137.771,9429.869
ECU,Ecuador,2007,38687.0,A,30559.141,13143.493,6597.2,4905.465999999999
ECU,Ecuador,2008,32096.0,A,25875.367,10678.735,43028.874,23643.0
ECU,Ecuador,2009,33624.0,A,51997.91100000001,28201.143,27101.887,16656.269
ECU,Ecuador,2010,31347.0,A,59664.167,22986.097,18949.791,9435.807
ECU,Ecuador,2011,23829.0,A,118662.618,36053.613000000005,30047.015,11006.278
ECU,Ecuador,2012,7340.03,A,77853.439,28611.01,105511.943,50583.239
ECU,Ecuador,2013,7760.0,A,30774.520000000004,12440.658,30589.001,17640.924000000003
ECU,Ecuador,2014,4224.53,A,26862.835,9322.914,89151.50700000001,45744.74800000001
ECU,Ecuador,2015,5297.44,A,20256.798,6497.078,54016.223,30615.403
ECU,Ecuador,2016,3904.53,A,19870.495,5256.328,63196.793,36640.519
ECU,Ecuador,2017,7564.0,A,18284.316,5202.831,41341.243,21108.677
ECU,Ecuador,2018,5065.0,A,15492.841,5093.889,4319.26,2674.112
ECU,Ecuador,2019,8140.98,A,7823.561,1727.456,33923.956,22739.618
ECU,Ecuador,2020,5280.29,A,9787.899,2002.222,22466.789,15643.607
ECU,Ecuador,2021,4916.87,A,16478.938,4101.949,30257.199,18730.977
ECU,Ecuador,2022,7965.97,A,24899.332,5045.228,21911.609,8895.841
ECU,Ecuador,2023,5584.19,A,12691.7,1950.619,35422.531,22219.607
ECU,Ecuador,2024,5465.05,A,10906.485,1711.547,29436.635,11734.692
SLV,El Salvador,1961,122500.0,A,,,,
SLV,El Salvador,1962,98300.0,A,,,,
SLV,El Salvador,1963,122700.0,A,,,,
SLV,El Salvador,1964,123100.0,A,,,,
SLV,El Salvador,1965,109200.0,A,,,,
SLV,El Salvador,1966,123100.0,A,,,,
SLV,El Salvador,1967,144800.0,A,,,,
SLV,El Salvador,1968,123800.0,A,,,,
SLV,El Salvador,1969,143980.0,A,,,,
SLV,El Salvador,1970,129490.0,A,,,,
SLV,El Salvador,1971,144624.0,A,,,,
SLV,El Salvador,1972,147476.0,A,,,,
SLV,El Salvador,1973,126500.0,A,,,,
SLV,El Salvador,1974,159436.0,A,,,,
SLV,El Salvador,1975,161415.0,A,,,,
SLV,El Salvador,1976,138690.0,A,,,,
SLV,El Salvador,1977,147465.0,A,,,,
SLV,El Salvador,1978,158490.0,A,,,,
SLV,El Salvador,1979,185625.0,A,,,,
SLV,El Salvador,1980,184230.0,A,,,,
SLV,El Salvador,1981,180000.0,A,,,,
SLV,El Salvador,1982,174616.0,A,,,,
SLV,El Salvador,1983,154560.0,A,,,,
SLV,El Salvador,1984,163852.0,A,,,,
SLV,El Salvador,1985,148810.0,A,,,,
SLV,El Salvador,1986,138184.0,A,,,,
SLV,El Salvador,1987,147890.0,A,,,,
SLV,El Salvador,1988,120290.0,A,,,,
SLV,El Salvador,1989,121900.0,A,,,,
SLV,El Salvador,1990,147200.0,A,,,,
SLV,El Salvador,1991,149450.0,A,,,,
SLV,El Salvador,1992,175720.0,A,,,,
SLV,El Salvador,1993,140576.0,A,,,,
SLV,El Salvador,1994,140534.0,A,,,,
SLV,El Salvador,1995,139513.0,A,404649.007,120992.828,359.873,133.077
SLV,El Salvador,1996,148859.0,A,391565.234,149714.474,57.504,19.184
SLV,El Salvador,1997,124239.0,A,535177.412,142174.051,88.417,22.437
SLV,El Salvador,1998,117214.0,A,340621.615,128327.542,554.259,181.801
SLV,El Salvador,1999,160782.0,A,257256.296,117420.807,130.981,60.892
SLV,El Salvador,2000,114087.0,A,309480.356,155925.943,689.585,540.8870000000001
SLV,El Salvador,2001,112201.0,A,129891.891,96696.476,369.66,568.419
SLV,El Salvador,2002,91513.0,A,113334.386,96897.172,203.738,82.111
SLV,El Salvador,2003,81157.0,A,111680.266,82137.65400000001,176.535,600.859
SLV,El Salvador,2004,83088.0,A,127686.58,82891.563,308.111,773.6379999999999
SLV,El Salvador,2005,87963.0,A,174228.486,80587.063,594.406,521.931
SLV,El Salvador,2006,85350.0,A,194246.673,79488.214,696.636,537.868
SLV,El Salvador,2007,96355.0,A,218406.875,82086.2,253.627,216.19
SLV,El Salvador,2008,97727.0,A,287715.98,96513.9,385.218,190.921
SLV,El Salvador,2009,76591.0,A,256050.066,87384.227,136.578,65.499
SLV,El Salvador,2010,112636.0,A,243845.391,71822.263,1717.574,728.5229999999999
SLV,El Salvador,2011,82095.0,A,491821.831,104485.797,40.918,46.889
SLV,El Salvador,2012,89489.0,A,317059.146,67057.056,2038.964,436.467
SLV,El Salvador,2013,32864.0,A,238509.447,67212.552,1497.9109999999998,367.481
SLV,El Salvador,2014,41965.0,A,111981.36,28694.995000000003,101.345,6.961
SLV,El Salvador,2015,35682.0,A,149929.094,35154.758,1180.165,450.232
SLV,El Salvador,2016,38636.0,A,109624.737,29078.401,2012.114,1253.879
SLV,El Salvador,2017,41141.36,A,119371.454,32125.746,14.64,1.909
SLV,El Salvador,2018,43318.8,A,116689.369,35637.06,248.445,195.74
SLV,El Salvador,2019,33640.91,A,110396.897,35941.066,195.85700000000003,141.753
SLV,El Salvador,2020,35000.0,A,94420.774,27128.794,818.2339999999999,446.17
SLV,El Salvador,2021,41910.91,A,111968.528,28996.215,419.315,186.11
SLV,El Salvador,2022,41866.0,A,180384.985,34193.305,630.3389999999999,172.035
SLV,El Salvador,2023,32570.72,I,153614.881,29873.223,258.592,20.914
SLV,El Salvador,2024,28487.64,I,146111.969,28183.456,23.8,1.491
GNQ,Equatorial Guinea,1961,6600.0,A,,,,
GNQ,Equatorial Guinea,1962,8100.0,A,,,,
GNQ,Equatorial Guinea,1963,6700.0,A,,,,
GNQ,Equatorial Guinea,1964,8235.0,A,,,,
GNQ,Equatorial Guinea,1965,6664.0,A,,,,
GNQ,Equatorial Guinea,1966,6400.0,A,,,,
GNQ,Equatorial Guinea,1967,8700.0,X,,,,
GNQ,Equatorial Guinea,1968,7500.0,X,,,,
GNQ,Equatorial Guinea,1969,7200.0,X,,,,
GNQ,Equatorial Guinea,1970,7200.0,X,,,,
GNQ,Equatorial Guinea,1971,6900.0,X,,,,
GNQ,Equatorial Guinea,1972,6900.0,X,,,,
GNQ,Equatorial Guinea,1973,6300.0,X,,,,
GNQ,Equatorial Guinea,1974,6600.0,X,,,,
GNQ,Equatorial Guinea,1975,5400.0,X,,,,
GNQ,Equatorial Guinea,1976,5400.0,X,,,,
GNQ,Equatorial Guinea,1977,4800.0,X,,,,
GNQ,Equatorial Guinea,1978,5400.0,X,,,,
GNQ,Equatorial Guinea,1979,6000.0,X,,,,
GNQ,Equatorial Guinea,1980,6000.0,X,,,,
GNQ,Equatorial Guinea,1981,6600.0,X,,,,
GNQ,Equatorial Guinea,1982,6700.0,E,,,,
GNQ,Equatorial Guinea,1983,6700.0,E,,,,
GNQ,Equatorial Guinea,1984,6800.0,E,,,,
GNQ,Equatorial Guinea,1985,7000.0,E,,,,
GNQ,Equatorial Guinea,1986,7000.0,E,,,,
GNQ,Equatorial Guinea,1987,7000.0,E,,,,
GNQ,Equatorial Guinea,1988,7000.0,E,,,,
GNQ,Equatorial Guinea,1989,7000.0,E,,,,
GNQ,Equatorial Guinea,1990,6500.0,E,,,,
GNQ,Equatorial Guinea,1991,6000.0,E,,,,
GNQ,Equatorial Guinea,1992,5500.0,E,,,,
GNQ,Equatorial Guinea,1993,5329.48,I,,,,
GNQ,Equatorial Guinea,1994,5000.0,E,,,,
GNQ,Equatorial Guinea,1995,4500.0,E,1627.131,518.713,15.11,5.226
GNQ,Equatorial Guinea,1996,5000.0,X,451.711,240.831,,
GNQ,Equatorial Guinea,1997,5000.0,X,77.853,69.699,,
GNQ,Equatorial Guinea,1998,5000.0,X,1324.6660000000002,741.987,,
GNQ,Equatorial Guinea,1999,3500.0,A,822.4599999999999,498.335,,
GNQ,Equatorial Guinea,2000,5000.0,X,19.267,19.880000000000003,0.234,0.148
GNQ,Equatorial Guinea,2001,5000.0,X,27.684,85.36,51.116,18.0
GNQ,Equatorial Guinea,2002,5000.0,X,28.118,30.685,3.106,2.839
GNQ,Equatorial Guinea,2003,5000.0,X,539.6329999999999,733.121,3.757,3.371
GNQ,Equatorial Guinea,2004,4000.0,X,,,,
GNQ,Equatorial Guinea,2005,4000.0,X,21.0,36.0,3.1260000000000003,1.379
GNQ,Equatorial Guinea,2006,4500.0,E,86.66999999999999,69.6,2.928,0.489
GNQ,Equatorial Guinea,2007,4397.59,I,208.154,116.62,25.893,4.614
GNQ,Equatorial Guinea,2008,4299.55,I,56.7,20.998,15.91,2.783
GNQ,Equatorial Guinea,2009,4000.0,E,,,11.812,1.934
GNQ,Equatorial Guinea,2010,4250.71,I,0.292,0.059,18.672,1.999
GNQ,Equatorial Guinea,2011,4342.63,I,42.778,20.405,17.518,4.627
GNQ,Equatorial Guinea,2012,4594.72,I,88.571,38.4,12.309,0.792
GNQ,Equatorial Guinea,2013,4401.74,I,33.103,21.0,132.25400000000002,10.644
GNQ,Equatorial Guinea,2014,4385.48,I,1.01,0.18,172.956,19.126
GNQ,Equatorial Guinea,2015,4254.38,I,,,99.144,15.02
GNQ,Equatorial Guinea,2016,4174.11,I,9.39,0.85,94.637,20.509
GNQ,Equatorial Guinea,2017,4134.3,I,27.019,9.073,118.497,23.054
GNQ,Equatorial Guinea,2018,4113.44,I,6.827,1.92,82.458,14.691
GNQ,Equatorial Guinea,2019,4094.87,I,,,101.852,8.905999999999999
GNQ,Equatorial Guinea,2020,4056.41,I,4.317,1.363,111.407,10.506
GNQ,Equatorial Guinea,2021,4062.25,I,,,151.075,9.727
GNQ,Equatorial Guinea,2022,4076.41,I,45.317,11.582,205.576,34.545
GNQ,Equatorial Guinea,2023,4055.45,I,48.115,19.174,314.813,76.09
GNQ,Equatorial Guinea,2024,4034.35,I,60.764,19.32,175.50000000000003,12.63
ETH,Ethiopia,1993,180000.0,X,,,,
ETH,Ethiopia,1994,207000.0,X,,,,
ETH,Ethiopia,1995,229980.0,X,304261.767,82113.50200000001,15.593,20.929
ETH,Ethiopia,1996,229980.0,X,269284.772,96771.231,187.896,112.116
ETH,Ethiopia,1997,228000.0,X,394345.397,113013.909,20.153,15.0
ETH,Ethiopia,1998,229980.0,X,416377.671,124294.959,3512.281,344.35
ETH,Ethiopia,1999,217450.0,A,255457.477,104995.739,7594.859,562.433
ETH,Ethiopia,2000,229980.0,X,265293.118,125537.237,764.0,612.437
ETH,Ethiopia,2001,157155.0,A,159636.346,91286.548,2333.389,6723.73
ETH,Ethiopia,2002,160000.0,E,166140.129,120058.217,106.022,154.549
ETH,Ethiopia,2003,126188.0,A,196977.639,143246.183,183.283,164.234
ETH,Ethiopia,2004,156170.0,A,251797.832,151899.959,783.3290000000001,239.619
ETH,Ethiopia,2005,171631.0,A,359023.026,164266.12,904.073,530.652
ETH,Ethiopia,2006,241482.0,A,389661.074,141017.027,88384.456,41117.753
ETH,Ethiopia,2007,273400.0,A,436964.447,134819.621,1179.8869999999995,388.39900000000006
ETH,Ethiopia,2008,260239.0,A,520758.943,140776.803,584.2850000000001,188.773
ETH,Ethiopia,2009,265469.0,A,410623.247,118328.717,240.471,63.69800000000001
ETH,Ethiopia,2010,370569.0,A,651870.7050000001,174153.277,562.04,161.881
ETH,Ethiopia,2011,442270.0,E,859900.378,165746.172,234.361,69.831
ETH,Ethiopia,2012,449740.0,E,797587.05,170911.991,334.332,104.681
ETH,Ethiopia,2013,392006.0,A,653413.321,169630.119,480.178,166.467
ETH,Ethiopia,2014,467860.0,E,722836.579,175545.6,156.22,83.666
ETH,Ethiopia,2015,501240.0,E,796010.806,188269.954,65.638,13.584
ETH,Ethiopia,2016,494819.0,A,716841.708,182584.913,49.321,5.176000000000001
ETH,Ethiopia,2017,549531.0,A,889347.448,215647.18,42.165,3.271
ETH,Ethiopia,2018,573986.0,A,713907.2390000001,194715.363,1.45,0.093
ETH,Ethiopia,2019,573580.0,E,834744.162,262367.978,105.875,29.062
ETH,Ethiopia,2020,584789.57,A,825949.601,241227.884,26.773,10.470999999999998
ETH,Ethiopia,2021,590400.0,E,1064964.71,283685.544,81.113,35.679
ETH,Ethiopia,2022,545566.36,A,1492977.51,287589.542,830.2439999999999,385.216
ETH,Ethiopia,2023,559400.0,X,1265646.141,241308.829,245.733,65.65
ETH,Ethiopia,2024,575696.18,I,1381353.515,269505.527,0.044,0.003
ETH,Ethiopia PDR,1961,127400.0,X,,,,
ETH,Ethiopia PDR,1962,132700.0,A,,,,
ETH,Ethiopia PDR,1963,139100.0,A,,,,
ETH,Ethiopia PDR,1964,170400.0,A,,,,
ETH,Ethiopia PDR,1965,140000.0,A,,,,
ETH,Ethiopia PDR,1966,140000.0,A,,,,
ETH,Ethiopia PDR,1967,155000.0,A,,,,
ETH,Ethiopia PDR,1968,160000.0,A,,,,
ETH,Ethiopia PDR,1969,165000.0,A,,,,
ETH,Ethiopia PDR,1970,170000.0,A,,,,
ETH,Ethiopia PDR,1971,182200.0,X,,,,
ETH,Ethiopia PDR,1972,163500.0,X,,,,
ETH,Ethiopia PDR,1973,180080.0,X,,,,
ETH,Ethiopia PDR,1974,153400.0,X,,,,
ETH,Ethiopia PDR,1975,171000.0,X,,,,
ETH,Ethiopia PDR,1976,178600.0,X,,,,
ETH,Ethiopia PDR,1977,191400.0,X,,,,
ETH,Ethiopia PDR,1978,190000.0,A,,,,
ETH,Ethiopia PDR,1979,188000.0,A,,,,
ETH,Ethiopia PDR,1980,187200.0,A,,,,
ETH,Ethiopia PDR,1981,202000.0,A,,,,
ETH,Ethiopia PDR,1982,202000.0,A,,,,
ETH,Ethiopia PDR,1983,157824.0,A,,,,
ETH,Ethiopia PDR,1984,145306.0,A,,,,
ETH,Ethiopia PDR,1985,155200.0,A,,,,
ETH,Ethiopia PDR,1986,186000.0,A,,,,
ETH,Ethiopia PDR,1987,186000.0,A,,,,
ETH,Ethiopia PDR,1988,190000.0,A,,,,
ETH,Ethiopia PDR,1989,200000.0,A,,,,
ETH,Ethiopia PDR,1990,204000.0,A,,,,
ETH,Ethiopia PDR,1991,210000.0,A,,,,
ETH,Ethiopia PDR,1992,216000.0,A,,,,
FJI,Fiji,1962,1.0,A,,,,
FJI,Fiji,1963,1.0,A,,,,
FJI,Fiji,1964,1.0,A,,,,
FJI,Fiji,1965,1.0,A,,,,
FJI,Fiji,1966,2.0,E,,,,
FJI,Fiji,1967,5.0,A,,,,
FJI,Fiji,1968,8.0,E,,,,
FJI,Fiji,1969,11.0,A,,,,
FJI,Fiji,1970,11.0,E,,,,
FJI,Fiji,1971,13.0,E,,,,
FJI,Fiji,1972,13.0,E,,,,
FJI,Fiji,1973,13.0,E,,,,
FJI,Fiji,1974,13.0,E,,,,
FJI,Fiji,1975,15.0,E,,,,
FJI,Fiji,1976,15.0,E,,,,
FJI,Fiji,1977,15.0,E,,,,
FJI,Fiji,1978,20.0,E,,,,
FJI,Fiji,1979,20.0,E,,,,
FJI,Fiji,1980,20.0,E,,,,
FJI,Fiji,1981,20.0,E,,,,
FJI,Fiji,1982,30.0,X,,,,
FJI,Fiji,1983,40.0,X,,,,
FJI,Fiji,1984,30.0,A,,,,
FJI,Fiji,1985,40.0,E,,,,
FJI,Fiji,1986,45.0,A,,,,
FJI,Fiji,1987,30.0,A,,,,
FJI,Fiji,1988,63.0,A,,,,
FJI,Fiji,1989,97.0,A,,,,
FJI,Fiji,1990,660.0,A,,,,
FJI,Fiji,1991,354.0,A,,,,
FJI,Fiji,1992,226.0,A,,,,
FJI,Fiji,1993,176.0,A,,,,
FJI,Fiji,1994,11.0,A,,,,
FJI,Fiji,1995,10.0,E,11.227,1.812,34.444,4.805
FJI,Fiji,1996,10.48,I,,,51.479,4.869000000000001
FJI,Fiji,1997,11.02,I,,,17.402,2.159
FJI,Fiji,1998,10.85,I,,,130.555,19.206
FJI,Fiji,1999,10.62,I,2.111,0.0,142.136,61.245
FJI,Fiji,2000,15.0,E,,,48.946,20.642
FJI,Fiji,2001,16.15,I,0.537,0.038,46.74,21.110000000000003
FJI,Fiji,2002,15.0,E,24.079,1.383,83.258,29.499
FJI,Fiji,2003,15.1,I,99.854,8.206,230.784,56.257
FJI,Fiji,2004,15.01,I,35.634,20.753,64.12100000000001,17.709
FJI,Fiji,2005,15.0,A,27.709000000000003,2.424,180.355,69.062
FJI,Fiji,2006,14.43,I,21.419,2.509,93.863,24.106
FJI,Fiji,2007,14.76,I,13.288,0.671,131.572,25.252
FJI,Fiji,2008,14.85,I,9.292,2.487,24.464,5.426
FJI,Fiji,2009,15.0,E,53.37,7.968,152.668,40.697
FJI,Fiji,2010,15.15,I,44.979,18.866,120.806,33.925
FJI,Fiji,2011,16.47,I,27.622000000000003,3.897,310.539,39.511
FJI,Fiji,2012,17.83,I,25.591,1.7959999999999998,915.134,230.804
FJI,Fiji,2013,20.0,E,57.372,7.519,257.197,40.146
FJI,Fiji,2014,21.14,I,73.104,10.429,127.247,15.211
FJI,Fiji,2015,7.76,I,0.605,0.131,209.33,26.026000000000003
FJI,Fiji,2016,16.3,E,1.7,0.055,395.1470000000001,46.126
FJI,Fiji,2017,15.07,E,1.617,0.9,301.836,40.284000000000006
FJI,Fiji,2018,13.04,E,55.949,13.56,332.777,47.344
FJI,Fiji,2019,14.8,E,10.189,1.252,207.65,33.730000000000004
FJI,Fiji,2020,14.3,E,24.891,1.381,44.739,11.233
FJI,Fiji,2021,14.05,E,26.755,4.098,28.732000000000003,5.061
FJI,Fiji,2022,14.38,E,51.332,5.9110000000000005,171.765,30.92
FJI,Fiji,2023,14.25,E,15.618,0.74,163.832,17.326
FJI,Fiji,2024,14.23,E,7.861999999999999,0.605,109.54,12.278
GAB,Gabon,1961,1100.0,X,,,,
GAB,Gabon,1962,2500.0,A,,,,
GAB,Gabon,1963,1100.0,E,,,,
GAB,Gabon,1964,1100.0,E,,,,
GAB,Gabon,1965,1100.0,E,,,,
GAB,Gabon,1966,900.0,X,,,,
GAB,Gabon,1967,900.0,X,,,,
GAB,Gabon,1968,1200.0,X,,,,
GAB,Gabon,1969,1200.0,X,,,,
GAB,Gabon,1970,900.0,X,,,,
GAB,Gabon,1971,600.0,X,,,,
GAB,Gabon,1972,900.0,X,,,,
GAB,Gabon,1973,540.0,X,,,,
GAB,Gabon,1974,600.0,X,,,,
GAB,Gabon,1975,259.0,A,,,,
GAB,Gabon,1976,145.0,A,,,,
GAB,Gabon,1977,360.0,A,,,,
GAB,Gabon,1978,502.0,A,,,,
GAB,Gabon,1979,269.0,A,,,,
GAB,Gabon,1980,680.0,A,,,,
GAB,Gabon,1981,750.0,X,,,,
GAB,Gabon,1982,1850.0,A,,,,
GAB,Gabon,1983,1400.0,A,,,,
GAB,Gabon,1984,1200.0,E,,,,
GAB,Gabon,1985,1295.0,A,,,,
GAB,Gabon,1986,1332.0,A,,,,
GAB,Gabon,1987,1724.0,A,,,,
GAB,Gabon,1988,1774.0,A,,,,
GAB,Gabon,1989,1920.0,X,,,,
GAB,Gabon,1990,269.0,A,,,,
GAB,Gabon,1991,451.0,A,,,,
GAB,Gabon,1992,193.0,A,,,,
GAB,Gabon,1993,256.0,A,,,,
GAB,Gabon,1994,259.0,A,,,,
GAB,Gabon,1995,159.0,A,1352.932,472.072,2.808,0.597
GAB,Gabon,1996,219.0,A,93.904,119.85,24.581,5.976
GAB,Gabon,1997,154.0,A,54.035,42.226,12.741,2.48
GAB,Gabon,1998,145.0,A,121.391,123.293,21.196,3.446
GAB,Gabon,1999,125.0,A,173.46300000000002,189.582,203.809,88.27
GAB,Gabon,2000,198.0,A,10.622,23.586,35.048,23.889
GAB,Gabon,2001,78.0,A,112.342,196.879,35.864,19.102
GAB,Gabon,2002,180.0,X,53.412,39.924,8.457,4.09
GAB,Gabon,2003,120.0,X,10.8,32.136,20.626,3.47
GAB,Gabon,2004,134.33,I,64.624,53.23,54.672,27.948
GAB,Gabon,2005,100.0,A,4.982,6.507,10.0,2.0
GAB,Gabon,2006,120.0,X,49.661,59.979,15.707,5.397
GAB,Gabon,2007,125.0,E,88.417,54.115,105.355,59.867
GAB,Gabon,2008,125.99,I,83.141,49.846,57.225,9.358
GAB,Gabon,2009,122.8,I,106.809,59.441,20.241,9.505
GAB,Gabon,2010,121.76,I,133.755,106.191,69.458,43.121
GAB,Gabon,2011,118.56,I,303.709,143.44,55.013000000000005,40.07
GAB,Gabon,2012,117.01,I,119.192,31.193,39.891,11.393999999999998
GAB,Gabon,2013,114.28,I,79.801,23.366,28.918000000000003,15.935
GAB,Gabon,2014,109.37,I,2.146,0.107,78.21000000000001,51.354
GAB,Gabon,2015,107.33,I,,,35.533,85.824
GAB,Gabon,2016,104.51,I,0.071,0.02,49.754000000000005,77.45400000000001
GAB,Gabon,2017,102.42,I,0.966,0.344,89.601,131.026
GAB,Gabon,2018,104.75,E,4.927,0.961,55.456,61.787000000000006
GAB,Gabon,2019,103.9,E,9.85,1.829,126.23,101.577
GAB,Gabon,2020,103.69,E,0.076,0.004,41.674,13.117
GAB,Gabon,2021,104.11,E,14.972,2.84,34.158,5.428
GAB,Gabon,2022,103.9,E,68.64,45.385000000000005,35.274,7.087999999999999
GAB,Gabon,2023,103.9,E,25.569,17.76,21.842,22.483
GAB,Gabon,2024,103.97,E,2.823,1.102,0.415,0.023
GHA,Ghana,1961,1700.0,A,,,,
GHA,Ghana,1962,3920.0,A,,,,
GHA,Ghana,1963,2650.0,A,,,,
GHA,Ghana,1964,6700.0,A,,,,
GHA,Ghana,1965,1644.0,A,,,,
GHA,Ghana,1966,8610.0,A,,,,
GHA,Ghana,1967,4057.0,A,,,,
GHA,Ghana,1968,6440.0,A,,,,
GHA,Ghana,1969,4700.0,X,,,,
GHA,Ghana,1970,6510.0,E,,,,
GHA,Ghana,1971,7322.0,E,,,,
GHA,Ghana,1972,7550.0,E,,,,
GHA,Ghana,1973,3910.0,E,,,,
GHA,Ghana,1974,2455.0,E,,,,
GHA,Ghana,1975,4000.0,E,,,,
GHA,Ghana,1976,5500.0,E,,,,
GHA,Ghana,1977,3800.0,E,,,,
GHA,Ghana,1978,1770.0,E,,,,
GHA,Ghana,1979,1700.0,E,,,,
GHA,Ghana,1980,1500.0,X,,,,
GHA,Ghana,1981,1500.0,X,,,,
GHA,Ghana,1982,1500.0,X,,,,
GHA,Ghana,1983,1300.0,X,,,,
GHA,Ghana,1984,700.0,X,,,,
GHA,Ghana,1985,500.0,X,,,,
GHA,Ghana,1986,531.0,A,,,,
GHA,Ghana,1987,791.0,A,,,,
GHA,Ghana,1988,377.0,A,,,,
GHA,Ghana,1989,700.0,X,,,,
GHA,Ghana,1990,1000.0,X,,,,
GHA,Ghana,1991,2300.0,X,,,,
GHA,Ghana,1992,2400.0,X,,,,
GHA,Ghana,1993,4000.0,X,,,,
GHA,Ghana,1994,3000.0,X,,,,
GHA,Ghana,1995,3575.44,I,26131.93,9416.717,693.9300000000001,223.829
GHA,Ghana,1996,6330.0,A,3574.528,1797.024,30.678,7.592
GHA,Ghana,1997,2880.0,A,3483.199,2073.134,33.431,8.904
GHA,Ghana,1998,8370.0,A,11399.74,7516.739,23.086,3.316
GHA,Ghana,1999,3965.0,A,9007.31,7341.008,15.121,3.301
GHA,Ghana,2000,1956.0,A,5800.792,5150.763,56.105,13.98
GHA,Ghana,2001,1379.0,A,2467.791,3549.423,47.288,13.996
GHA,Ghana,2002,1464.0,A,792.737,1257.848,71.67699999999999,69.545
GHA,Ghana,2003,900.0,A,1566.0890000000002,1349.48,82.71000000000001,97.878
GHA,Ghana,2004,1140.0,A,979.666,920.817,3.946,1.173
GHA,Ghana,2005,1200.0,X,1097.09,1074.933,62.63,41.702000000000005
GHA,Ghana,2006,1740.0,X,1061.826,869.466,52.924,17.262999999999998
GHA,Ghana,2007,1860.0,X,4274.341,2765.261,56.161,33.98
GHA,Ghana,2008,1620.0,X,3956.31,2145.994,53.191,28.815
GHA,Ghana,2009,1860.0,X,1844.497,1324.542,11.054,6.329
GHA,Ghana,2010,1200.0,X,3051.5,2155.394,663.5400000000001,310.833
GHA,Ghana,2011,550.0,A,28663.599,9599.799,47.689,22.939
GHA,Ghana,2012,600.0,A,23076.898,8954.5,70.537,36.193
GHA,Ghana,2013,698.0,A,11651.104,3763.892,103.237,31.896
GHA,Ghana,2014,736.0,A,999.418,594.25,233.655,73.188
GHA,Ghana,2015,736.0,A,235.306,125.728,69.59899999999999,53.641
GHA,Ghana,2016,736.0,X,223.624,89.21600000000001,116.945,58.166
GHA,Ghana,2017,736.0,E,34.93,8.083,201.666,72.091
GHA,Ghana,2018,736.0,E,53.774,144.833,74.53399999999999,19.618
GHA,Ghana,2019,736.0,E,797.1030000000001,328.67900000000003,105.312,28.028
GHA,Ghana,2020,736.0,E,358.524,153.647,58.13,18.184
GHA,Ghana,2021,736.0,E,89.215,70.584,187.339,345.711
GHA,Ghana,2022,736.0,E,386.923,200.228,132.616,59.073
GHA,Ghana,2023,736.0,E,100.776,132.51,92.114,28.401
GHA,Ghana,2024,736.0,E,2945.288,738.6869999999999,85.815,8.648
GLP,Guadeloupe,1961,500.0,A,,,,
GLP,Guadeloupe,1962,500.0,A,,,,
GLP,Guadeloupe,1963,300.0,A,,,,
GLP,Guadeloupe,1964,400.0,A,,,,
GLP,Guadeloupe,1965,200.0,E,,,,
GLP,Guadeloupe,1966,300.0,X,,,,
GLP,Guadeloupe,1967,300.0,A,,,,
GLP,Guadeloupe,1968,300.0,X,,,,
GLP,Guadeloupe,1969,300.0,E,,,,
GLP,Guadeloupe,1970,300.0,A,,,,
GLP,Guadeloupe,1971,270.0,A,,,,
GLP,Guadeloupe,1972,220.0,A,,,,
GLP,Guadeloupe,1973,180.0,A,,,,
GLP,Guadeloupe,1974,120.0,A,,,,
GLP,Guadeloupe,1975,100.0,A,,,,
GLP,Guadeloupe,1976,116.0,A,,,,
GLP,Guadeloupe,1977,95.0,A,,,,
GLP,Guadeloupe,1978,20.0,A,,,,
GLP,Guadeloupe,1979,20.0,A,,,,
GLP,Guadeloupe,1980,10.0,A,,,,
GLP,Guadeloupe,1981,10.0,E,,,,
GLP,Guadeloupe,1982,10.0,A,,,,
GLP,Guadeloupe,1983,20.0,A,,,,
GLP,Guadeloupe,1984,40.0,A,,,,
GLP,Guadeloupe,1985,40.0,E,,,,
GLP,Guadeloupe,1986,26.0,A,,,,
GLP,Guadeloupe,1987,40.0,A,,,,
GLP,Guadeloupe,1988,40.0,E,,,,
GLP,Guadeloupe,1989,35.0,E,,,,
GLP,Guadeloupe,1990,20.0,E,,,,
GLP,Guadeloupe,1991,20.0,A,,,,
GLP,Guadeloupe,1992,47.0,A,,,,
GLP,Guadeloupe,1993,53.0,A,,,,
GLP,Guadeloupe,1994,23.0,A,,,,
GLP,Guadeloupe,1995,15.12,I,,,,
GLP,Guadeloupe,1996,23.94,I,,,,
GLP,Guadeloupe,1997,27.0,E,,,,
GLP,Guadeloupe,1998,29.0,E,,,,
GLP,Guadeloupe,1999,32.0,E,,,,
GLP,Guadeloupe,2000,35.0,X,,,,
GLP,Guadeloupe,2001,35.0,X,,,,
GLP,Guadeloupe,2002,35.0,X,,,,
GLP,Guadeloupe,2003,30.0,X,,,,
GLP,Guadeloupe,2004,19.0,X,,,,
GLP,Guadeloupe,2005,25.0,E,,,,
GLP,Guadeloupe,2006,24.44,I,,,,
GTM,Guatemala,1961,100600.0,A,,,,
GTM,Guatemala,1962,117700.0,A,,,,
GTM,Guatemala,1963,104400.0,A,,,,
GTM,Guatemala,1964,105200.0,A,,,,
GTM,Guatemala,1965,126100.0,A,,,,
GTM,Guatemala,1966,106200.0,A,,,,
GTM,Guatemala,1967,102363.0,A,,,,
GTM,Guatemala,1968,112392.0,A,,,,
GTM,Guatemala,1969,118685.0,A,,,,
GTM,Guatemala,1970,126546.0,A,,,,
GTM,Guatemala,1971,128386.0,A,,,,
GTM,Guatemala,1972,142682.0,A,,,,
GTM,Guatemala,1973,145642.0,A,,,,
GTM,Guatemala,1974,157437.0,A,,,,
GTM,Guatemala,1975,139091.0,A,,,,
GTM,Guatemala,1976,158433.0,A,,,,
GTM,Guatemala,1977,168217.0,A,,,,
GTM,Guatemala,1978,169636.0,A,,,,
GTM,Guatemala,1979,164810.0,A,,,,
GTM,Guatemala,1980,177430.0,A,,,,
GTM,Guatemala,1981,193830.0,A,,,,
GTM,Guatemala,1982,189330.0,A,,,,
GTM,Guatemala,1983,183010.0,A,,,,
GTM,Guatemala,1984,196610.0,A,,,,
GTM,Guatemala,1985,181630.0,A,,,,
GTM,Guatemala,1986,196560.0,A,,,,
GTM,Guatemala,1987,193200.0,A,,,,
GTM,Guatemala,1988,179400.0,A,,,,
GTM,Guatemala,1989,193200.0,A,,,,
GTM,Guatemala,1990,202400.0,A,,,,
GTM,Guatemala,1991,196190.0,A,,,,
GTM,Guatemala,1992,206586.0,A,,,,
GTM,Guatemala,1993,208650.0,A,,,,
GTM,Guatemala,1994,213900.0,A,,,,
GTM,Guatemala,1995,210920.0,A,710989.3,218050.419,398.357,113.395
GTM,Guatemala,1996,240300.0,X,599741.059,245706.297,169.672,60.049
GTM,Guatemala,1997,271440.0,X,811321.626,258153.759,89.08099999999999,31.742
GTM,Guatemala,1998,253080.0,X,731070.705,226665.536,1789.348,642.244
GTM,Guatemala,1999,293520.0,X,676353.048,281314.478,517.937,232.346
GTM,Guatemala,2000,312060.0,X,655310.4689999999,308097.08400000003,3409.393,1373.411
GTM,Guatemala,2001,261096.84,A,407206.038,266100.128,421.339,438.854
GTM,Guatemala,2002,255091.28,A,334076.305,223067.63,99.63,197.153
GTM,Guatemala,2003,244200.0,X,405470.494,260618.714,571.205,353.123
GTM,Guatemala,2004,250279.0,A,416216.942,224979.762,157.037,88.591
GTM,Guatemala,2005,248277.0,A,543902.0869999999,236669.251,47.617,39.407
GTM,Guatemala,2006,240331.38,A,566400.757,205772.955,176.991,60.382000000000005
GTM,Guatemala,2007,248613.98,A,628644.917,231132.745,297.966,116.634
GTM,Guatemala,2008,254914.38,A,755977.41,246407.689,878.881,94.486
GTM,Guatemala,2009,247502.68,A,680220.415,234992.805,26.486,4.25
GTM,Guatemala,2010,248355.43,A,792601.0329999999,231649.877,132.453,69.836
GTM,Guatemala,2011,265401.43,A,1260651.481,254988.287,314.78700000000003,111.203
GTM,Guatemala,2012,272432.0,A,1104358.029,233392.344,77.071,41.082
GTM,Guatemala,2013,248668.0,A,843727.37,227229.593,22.446,6.119
GTM,Guatemala,2014,227653.47,A,760672.983,192343.316,15.542000000000002,3.772
GTM,Guatemala,2015,225653.13,A,754401.937,186434.16,3516.815,2091.452
GTM,Guatemala,2016,236144.72,A,738947.113,188395.947,3154.737,2179.325
GTM,Guatemala,2017,224000.0,X,833515.948,209450.456,75.93299999999999,5.458
GTM,Guatemala,2018,240400.0,X,776960.4269999999,215429.558,143.77100000000002,16.686
GTM,Guatemala,2019,216400.0,X,770749.941,224772.854,87.876,7.516999999999999
GTM,Guatemala,2020,246000.0,X,746288.653,196970.175,76.089,7.046
GTM,Guatemala,2021,226700.0,X,973379.666,231733.585,687.245,57.014
GTM,Guatemala,2022,238354.0,A,1210251.709,205405.956,175.68099999999998,21.27
GTM,Guatemala,2023,212848.0,A,1045998.807,191483.559,2376.731,981.113
GTM,Guatemala,2024,224860.0,A,1002941.188,196950.802,310.995,120.463
GIN,Guinea,1961,15000.0,X,,,,
GIN,Guinea,1962,13000.0,X,,,,
GIN,Guinea,1963,12300.0,X,,,,
GIN,Guinea,1964,9000.0,X,,,,
GIN,Guinea,1965,9600.0,X,,,,
GIN,Guinea,1966,13000.0,X,,,,
GIN,Guinea,1967,13000.0,X,,,,
GIN,Guinea,1968,14500.0,X,,,,
GIN,Guinea,1969,10000.0,X,,,,
GIN,Guinea,1970,11500.0,E,,,,
GIN,Guinea,1971,12500.0,E,,,,
GIN,Guinea,1972,13000.0,E,,,,
GIN,Guinea,1973,13673.0,A,,,,
GIN,Guinea,1974,13809.0,A,,,,
GIN,Guinea,1975,13949.0,A,,,,
GIN,Guinea,1976,13975.0,A,,,,
GIN,Guinea,1977,14121.0,A,,,,
GIN,Guinea,1978,14283.0,A,,,,
GIN,Guinea,1979,14405.0,A,,,,
GIN,Guinea,1980,14400.0,A,,,,
GIN,Guinea,1981,14400.0,A,,,,
GIN,Guinea,1982,14500.0,A,,,,
GIN,Guinea,1983,14700.0,A,,,,
GIN,Guinea,1984,14800.0,A,,,,
GIN,Guinea,1985,14900.0,A,,,,
GIN,Guinea,1986,6500.0,X,,,,
GIN,Guinea,1987,6500.0,X,,,,
GIN,Guinea,1988,20000.0,A,,,,
GIN,Guinea,1989,27500.0,A,,,,
GIN,Guinea,1990,30000.0,A,,,,
GIN,Guinea,1991,30000.0,A,,,,
GIN,Guinea,1992,28804.0,A,,,,
GIN,Guinea,1993,28800.0,E,,,,
GIN,Guinea,1994,30000.0,A,,,,
GIN,Guinea,1995,28000.0,E,61315.566,21114.652,15.851,8.608
GIN,Guinea,1996,22750.0,A,21160.958,9374.18,18.419,5.581
GIN,Guinea,1997,20000.0,X,39101.136,24996.497,125.527,98.887
GIN,Guinea,1998,20888.0,A,49190.831,27328.615,1652.993,170.60000000000002
GIN,Guinea,1999,22119.47,I,29255.231,18843.276,204.78,216.0
GIN,Guinea,2000,22080.0,A,19510.09,19382.411,98.749,126.211
GIN,Guinea,2001,14160.0,A,15430.704,21182.451,26.855,14.32
GIN,Guinea,2002,19680.0,A,6020.27,8950.914,41.38,20.188
GIN,Guinea,2003,20880.0,A,17151.099,21160.599,17.01,10.147
GIN,Guinea,2004,20220.0,A,16242.605,21717.245,442.301,300.205
GIN,Guinea,2005,20770.0,A,18792.734,17261.203999999998,16.284,3.825
GIN,Guinea,2006,23226.0,A,38624.294,29587.023,4.226,5.286
GIN,Guinea,2007,26556.0,A,42765.912,25393.41,11.384,17.198999999999998
GIN,Guinea,2008,27353.0,A,28829.354,13525.645,13.746,14.871
GIN,Guinea,2009,28173.0,A,44470.699,26321.792,17.119,2.182
GIN,Guinea,2010,29018.0,A,35859.013,21992.814,0.047,0.008
GIN,Guinea,2011,30320.0,A,49941.917,21168.493,23.015,4.969
GIN,Guinea,2012,17907.0,A,47389.509,21602.128,14.053,2.955
GIN,Guinea,2013,18440.0,A,18591.948,8105.432,15.082,27.751
GIN,Guinea,2014,41500.0,A,4611.569,3023.2870000000003,63.664,31.565
GIN,Guinea,2015,210866.0,A,22274.585,16946.737999999998,60.331,72.824
GIN,Guinea,2016,218635.0,A,27368.906,24588.269,294.855,71.85000000000001
GIN,Guinea,2017,216691.0,A,12421.012,10780.092,14.65,3.328
GIN,Guinea,2018,235043.0,A,15195.243,9188.687,21.472,6.543
GIN,Guinea,2019,243703.0,A,6549.904,4129.668,48.643,12.466
GIN,Guinea,2020,242682.0,A,6733.685,6401.209,6.656,0.728
GIN,Guinea,2021,261992.0,A,2552.538,3389.753,84.935,36.801
GIN,Guinea,2022,261645.0,A,34168.127,17195.260000000002,28.495,8.304
GIN,Guinea,2023,200000.0,X,11881.101,5190.505,22.671,2.5250000000000004
GIN,Guinea,2024,174847.18,I,30967.702,9667.751,6.307,0.356
GUY,Guyana,1961,860.0,A,,,,
GUY,Guyana,1962,1039.0,A,,,,
GUY,Guyana,1963,659.0,A,,,,
GUY,Guyana,1964,1129.0,A,,,,
GUY,Guyana,1965,1156.0,A,,,,
GUY,Guyana,1966,1122.0,A,,,,
GUY,Guyana,1967,1290.0,A,,,,
GUY,Guyana,1968,1302.0,A,,,,
GUY,Guyana,1969,684.0,A,,,,
GUY,Guyana,1970,703.0,A,,,,
GUY,Guyana,1971,761.0,A,,,,
GUY,Guyana,1972,762.0,A,,,,
GUY,Guyana,1973,746.0,A,,,,
GUY,Guyana,1974,900.0,X,,,,
GUY,Guyana,1975,900.0,X,,,,
GUY,Guyana,1976,900.0,X,,,,
GUY,Guyana,1977,1020.0,X,,,,
GUY,Guyana,1978,1140.0,X,,,,
GUY,Guyana,1979,1320.0,X,,,,
GUY,Guyana,1980,1560.0,X,,,,
GUY,Guyana,1981,1560.0,X,,,,
GUY,Guyana,1982,1260.0,X,,,,
GUY,Guyana,1983,1020.0,X,,,,
GUY,Guyana,1984,358.0,A,,,,
GUY,Guyana,1985,370.0,A,,,,
GUY,Guyana,1986,430.0,A,,,,
GUY,Guyana,1987,240.0,X,,,,
GUY,Guyana,1988,300.0,X,,,,
GUY,Guyana,1989,300.0,X,,,,
GUY,Guyana,1990,300.0,X,,,,
GUY,Guyana,1991,300.0,X,,,,
GUY,Guyana,1992,300.0,X,,,,
GUY,Guyana,1993,300.0,X,,,,
GUY,Guyana,1994,300.0,X,,,,
GUY,Guyana,1995,300.0,A,60.541,35.550000000000004,,
GUY,Guyana,1996,285.0,A,14.606,11.375,2.939,0.199
GUY,Guyana,1997,261.0,A,145.836,29.385,6.0,2.175
GUY,Guyana,1998,136.0,A,48.639,11.812,24.0,33.335
GUY,Guyana,1999,140.0,E,30.149,13.907,7.695,2.212
GUY,Guyana,2000,15.0,A,19.727,4.233,40.734,18.995
GUY,Guyana,2001,153.0,A,21.114,4.559,57.966,46.868
GUY,Guyana,2002,300.0,X,28.479,8.513,35.946,39.025
GUY,Guyana,2003,480.0,X,404.773,170.651,2.026,1.251
GUY,Guyana,2004,480.0,X,292.156,112.672,2.484,0.762
GUY,Guyana,2005,480.0,X,24.486,4.441,8.292,1.564
GUY,Guyana,2006,480.0,X,84.74700000000001,39.901,477.389,420.015
GUY,Guyana,2007,480.0,X,43.181,15.306,12.326,1.002
GUY,Guyana,2008,480.0,X,105.571,40.064,6.734,0.543
GUY,Guyana,2009,420.0,X,37.774,8.818999999999999,29.458,7.572
GUY,Guyana,2010,420.0,X,3.952,0.526,6.367,0.733
GUY,Guyana,2011,420.0,X,,,36.211,2.886
GUY,Guyana,2012,420.0,X,0.902,0.037,31.517,9.616
GUY,Guyana,2013,420.0,X,0.004,0.0,72.412,13.384
GUY,Guyana,2014,420.0,X,0.035,0.01,37.231,4.867
GUY,Guyana,2015,420.0,X,0.067,0.024,99.568,16.097
GUY,Guyana,2016,420.0,X,,,90.34,10.79
GUY,Guyana,2017,420.0,X,0.005,0.002,6.311,2.8
GUY,Guyana,2018,475.0,A,1.033,0.05,29.627,4.5280000000000005
GUY,Guyana,2019,654.0,A,0.7609999999999999,0.21,14.621,5.401
GUY,Guyana,2020,600.0,X,6.419,1.311,149.884,62.196
GUY,Guyana,2021,600.0,X,,,95.574,21.622
GUY,Guyana,2022,567.0,A,4.471,0.544,168.381,25.795
GUY,Guyana,2023,133.0,A,0.4559999999999999,0.06,240.41700000000003,27.806
GUY,Guyana,2024,151.0,A,0.024,0.005,84.43,17.168000000000003
HTI,Haiti,1961,45720.0,A,,,,
HTI,Haiti,1962,31860.0,A,,,,
HTI,Haiti,1963,34980.0,A,,,,
HTI,Haiti,1964,36000.0,A,,,,
HTI,Haiti,1965,36720.0,A,,,,
HTI,Haiti,1966,30540.0,A,,,,
HTI,Haiti,1967,31600.0,A,,,,
HTI,Haiti,1968,30180.0,A,,,,
HTI,Haiti,1969,27000.0,A,,,,
HTI,Haiti,1970,32610.0,A,,,,
HTI,Haiti,1971,32400.0,A,,,,
HTI,Haiti,1972,31500.0,X,,,,
HTI,Haiti,1973,33000.0,X,,,,
HTI,Haiti,1974,31200.0,X,,,,
HTI,Haiti,1975,39000.0,X,,,,
HTI,Haiti,1976,32280.0,X,,,,
HTI,Haiti,1977,31140.0,X,,,,
HTI,Haiti,1978,26580.0,X,,,,
HTI,Haiti,1979,40140.0,X,,,,
HTI,Haiti,1980,42900.0,A,,,,
HTI,Haiti,1981,33250.0,A,,,,
HTI,Haiti,1982,32250.0,A,,,,
HTI,Haiti,1983,36000.0,A,,,,
HTI,Haiti,1984,37250.0,A,,,,
HTI,Haiti,1985,36900.0,A,,,,
HTI,Haiti,1986,37752.0,A,,,,
HTI,Haiti,1987,30088.0,A,,,,
HTI,Haiti,1988,37693.0,A,,,,
HTI,Haiti,1989,38447.0,A,,,,
HTI,Haiti,1990,37200.0,A,,,,
HTI,Haiti,1991,37000.0,E,,,,
HTI,Haiti,1992,27355.0,A,,,,
HTI,Haiti,1993,33600.0,X,,,,
HTI,Haiti,1994,31000.0,E,,,,
HTI,Haiti,1995,29000.0,E,25748.09,8066.924,,
HTI,Haiti,1996,27000.0,A,24601.426,9352.56,,
HTI,Haiti,1997,29154.62,I,19582.1,5990.299,51.589,15.0
HTI,Haiti,1998,27239.0,A,24733.437,8235.376,,
HTI,Haiti,1999,28000.0,E,13337.419,6248.465,,
HTI,Haiti,2000,30000.0,A,11850.902,6215.504,,
HTI,Haiti,2001,28000.0,A,7934.68,5784.994,20.024,19.863
HTI,Haiti,2002,27000.0,A,3521.01,2517.909,41.386,53.537
HTI,Haiti,2003,30000.0,A,3965.152,2300.219,22.437,19.137
HTI,Haiti,2004,29000.0,A,3741.828,2022.09,,
HTI,Haiti,2005,35000.0,A,3875.607,1539.757,,
HTI,Haiti,2006,35000.0,A,4070.506,1418.122,,
HTI,Haiti,2007,47000.0,A,3595.966,1245.1,,
HTI,Haiti,2008,35000.0,A,3266.989,998.55,86.191,18.866
HTI,Haiti,2009,21022.0,X,3045.075,928.765,,
HTI,Haiti,2010,20968.0,X,1649.833,444.33,10.377,0.234
HTI,Haiti,2011,20958.0,X,2628.314,405.2,,
HTI,Haiti,2012,20930.0,X,3536.647,548.8530000000001,,
HTI,Haiti,2013,10320.0,X,2008.923,378.971,,
HTI,Haiti,2014,3600.0,X,1068.663,181.469,,
HTI,Haiti,2015,3660.0,X,831.592,157.40200000000002,54.008,19.2
HTI,Haiti,2016,3840.0,X,652.046,72.87100000000001,99.477,38.27
HTI,Haiti,2017,3969.0,X,889.9290000000001,91.289,178.796,76.351
HTI,Haiti,2018,4167.0,X,1156.917,117.415,1097.016,126.339
HTI,Haiti,2019,4376.0,X,655.872,76.715,0.001,0.0
HTI,Haiti,2020,4595.0,X,812.5880000000001,98.204,30.154,19.25
HTI,Haiti,2021,4824.0,X,941.737,127.106,60.901,38.4
HTI,Haiti,2022,5066.0,X,1407.2220000000002,168.428,145.135,39.216
HTI,Haiti,2023,5021.3,I,948.879,90.603,322.444,97.732
HTI,Haiti,2024,4371.49,I,1538.398,162.282,,
HND,Honduras,1961,21450.0,A,,,,
HND,Honduras,1962,27939.0,A,,,,
HND,Honduras,1963,29014.0,A,,,,
HND,Honduras,1964,29276.0,A,,,,
HND,Honduras,1965,32195.0,A,,,,
HND,Honduras,1966,33569.0,A,,,,
HND,Honduras,1967,35041.0,A,,,,
HND,Honduras,1968,36512.0,A,,,,
HND,Honduras,1969,37984.0,A,,,,
HND,Honduras,1970,39456.0,A,,,,
HND,Honduras,1971,40927.0,A,,,,
HND,Honduras,1972,42399.0,A,,,,
HND,Honduras,1973,41778.0,A,,,,
HND,Honduras,1974,45342.0,A,,,,
HND,Honduras,1975,46814.0,A,,,,
HND,Honduras,1976,48285.0,A,,,,
HND,Honduras,1977,49757.0,A,,,,
HND,Honduras,1978,59796.0,A,,,,
HND,Honduras,1979,72547.0,A,,,,
HND,Honduras,1980,64228.0,A,,,,
HND,Honduras,1981,75347.0,A,,,,
HND,Honduras,1982,72420.0,A,,,,
HND,Honduras,1983,79474.0,A,,,,
HND,Honduras,1984,72545.0,A,,,,
HND,Honduras,1985,75091.0,A,,,,
HND,Honduras,1986,76318.0,A,,,,
HND,Honduras,1987,79877.0,A,,,,
HND,Honduras,1988,94046.0,A,,,,
HND,Honduras,1989,100234.0,A,,,,
HND,Honduras,1990,119784.0,A,,,,
HND,Honduras,1991,101890.0,A,,,,
HND,Honduras,1992,111660.0,A,,,,
HND,Honduras,1993,110481.0,A,,,,
HND,Honduras,1994,126182.0,A,,,,
HND,Honduras,1995,132400.0,A,433430.925,122812.237,535.658,152.96099999999998
HND,Honduras,1996,148830.0,A,336391.108,133884.715,1558.478,667.222
HND,Honduras,1997,162658.0,A,369791.399,94511.605,198.247,70.517
HND,Honduras,1998,172772.0,A,424811.871,97060.598,781.987,301.008
HND,Honduras,1999,157409.0,A,362098.092,134249.385,666.316,289.615
HND,Honduras,2000,193309.0,A,359740.035,185764.739,66.712,71.766
HND,Honduras,2001,205545.0,A,213457.24,152636.058,75.99300000000001,338.56800000000004
HND,Honduras,2002,172727.0,A,206794.872,165027.858,52.156,184.09
HND,Honduras,2003,175284.0,A,208530.662,155291.03,170.18,112.198
HND,Honduras,2004,185090.0,A,260686.833,177161.034,179.29399999999998,133.377
HND,Honduras,2005,190640.0,A,362818.263,164317.503,541.3399999999999,211.122
HND,Honduras,2006,213636.0,A,434410.946,182773.009,159.866,95.76
HND,Honduras,2007,236302.0,A,508096.382,198415.085,235.212,129.474
HND,Honduras,2008,240948.0,A,576556.182,198630.597,138.534,44.30200000000001
HND,Honduras,2009,231288.0,A,560600.809,198288.084,90.996,41.799
HND,Honduras,2010,244335.0,A,675019.888,209099.101,207.486,89.932
HND,Honduras,2011,284347.0,A,1226083.583,241582.6,95.374,40.751
HND,Honduras,2012,343403.0,A,1308481.272,320230.924,74.69399999999999,21.057
HND,Honduras,2013,280697.0,A,811300.2309999999,242688.744,0.001,0.001
HND,Honduras,2014,282230.0,A,878461.473,254488.731,9.806,11.026
HND,Honduras,2015,332747.0,A,1021062.12,291086.953,158.901,48.437
HND,Honduras,2016,366542.0,A,937175.654,320237.974,45.644,22.265
HND,Honduras,2017,477580.0,A,1143175.542,398185.66,6.464,0.215
HND,Honduras,2018,478830.76,A,1040696.796,390052.131,77.767,27.067
HND,Honduras,2019,472497.96,A,1046326.296,374140.095,51.223,99.783
HND,Honduras,2020,364552.38,A,1020316.272,344220.242,14.108,1.89
HND,Honduras,2021,417591.24,A,1271834.944,389127.562,13.419,2.204
HND,Honduras,2022,330111.31,A,1520487.059,288865.349,399.374,257.605
HND,Honduras,2023,384361.02,A,1523159.729,343590.119,560.95,247.895
HND,Honduras,2024,324015.02,A,1341483.89,301866.093,1810.803,737.4670000000001
IND,India,1961,43200.0,A,,,,
IND,India,1962,46000.0,A,,,,
IND,India,1963,56200.0,A,,,,
IND,India,1964,69300.0,A,,,,
IND,India,1965,60900.0,A,,,,
IND,India,1966,63900.0,A,,,,
IND,India,1967,78500.0,A,,,,
IND,India,1968,57331.0,A,,,,
IND,India,1969,73430.0,A,,,,
IND,India,1970,63619.0,A,,,,
IND,India,1971,110231.0,A,,,,
IND,India,1972,68948.0,A,,,,
IND,India,1973,91072.0,A,,,,
IND,India,1974,86388.0,A,,,,
IND,India,1975,92506.0,A,,,,
IND,India,1976,84000.0,A,,,,
IND,India,1977,102300.0,A,,,,
IND,India,1978,125000.0,A,,,,
IND,India,1979,110488.0,A,,,,
IND,India,1980,149835.0,A,,,,
IND,India,1981,118600.0,A,,,,
IND,India,1982,152100.0,A,,,,
IND,India,1983,130000.0,A,,,,
IND,India,1984,105029.0,A,,,,
IND,India,1985,195100.0,A,,,,
IND,India,1986,122400.0,A,,,,
IND,India,1987,192100.0,A,,,,
IND,India,1988,122700.0,A,,,,
IND,India,1989,214700.0,A,,,,
IND,India,1990,118100.0,A,,,,
IND,India,1991,170000.0,A,,,,
IND,India,1992,180000.0,A,,,,
IND,India,1993,162000.0,A,,,,
IND,India,1994,208000.0,A,,,,
IND,India,1995,180000.0,A,419114.531,141923.691,5674.409,2053.136
IND,India,1996,223000.0,A,407172.274,175553.175,1649.573,1104.521
IND,India,1997,205000.0,A,370374.196,132881.004,2731.107,1879.361
IND,India,1998,228000.0,A,382256.512,166910.067,2536.266,1677.735
IND,India,1999,265000.0,A,317901.083,176483.981,2488.202,1975.773
IND,India,2000,292000.0,A,301840.014,196282.919,1245.103,1953.328
IND,India,2001,301000.0,A,185665.7,161175.277,1190.099,2320.212
IND,India,2002,301000.0,A,155861.986,159608.144,1348.794,3287.139
IND,India,2003,275275.0,A,169253.85199999998,159033.304,5286.295,9802.241
IND,India,2004,270500.0,A,204121.317,176659.752,9081.986,14716.415
IND,India,2005,275500.0,A,224033.375,138716.52599999998,39073.849,39874.848
IND,India,2006,274000.0,A,316861.833,174482.867,21067.471,18568.548
IND,India,2007,288000.0,A,354206.361,166395.299,33963.15700000001,22414.8
IND,India,2008,262000.0,A,421532.751,153192.024,57583.574,28464.935
IND,India,2009,262300.0,A,305929.863,131219.814,53642.321,34966.06
IND,India,2010,289600.0,A,406621.64,175065.664,58875.578,40141.963
IND,India,2011,302000.0,A,780329.247,252556.496,94355.343,50265.59
IND,India,2012,314000.0,A,705888.77,233414.485,123216.677,61045.085
IND,India,2013,318200.0,A,551183.925,201720.343,122302.016,61355.375
IND,India,2014,304500.0,A,559944.606,205422.041,135575.58,71839.409
IND,India,2015,327000.0,A,542234.334,197430.594,117630.635,62281.097
IND,India,2016,348000.0,A,542618.956,232118.168,114361.333,72504.83200000001
IND,India,2017,312000.0,A,652557.956,256300.907,145257.64500000002,74566.764
IND,India,2018,316000.0,A,597773.9469999999,247777.244,129683.141,46417.932
IND,India,2019,319500.0,A,523971.388,228515.879,131551.814,80797.21800000001
IND,India,2020,298000.0,A,453952.773,189627.892,125501.158,75096.087
IND,India,2021,334000.0,A,579498.706,231600.941,138614.157,70364.761
IND,India,2022,352000.0,A,830936.879,271439.991,216792.665,98204.177
IND,India,2023,360500.0,A,768280.813,228364.545,190991.518,88649.65699999999
IND,India,2024,363000.0,A,1063288.408,245487.736,238218.249,81133.882
IDN,Indonesia,1961,103100.0,A,,,,
IDN,Indonesia,1962,106700.0,A,,,,
IDN,Indonesia,1963,139600.0,A,,,,
IDN,Indonesia,1964,118200.0,A,,,,
IDN,Indonesia,1965,134500.0,A,,,,
IDN,Indonesia,1966,142200.0,A,,,,
IDN,Indonesia,1967,153478.0,A,,,,
IDN,Indonesia,1968,157347.0,A,,,,
IDN,Indonesia,1969,173613.0,A,,,,
IDN,Indonesia,1970,185091.0,A,,,,
IDN,Indonesia,1971,180916.0,A,,,,
IDN,Indonesia,1972,178735.0,A,,,,
IDN,Indonesia,1973,150163.0,A,,,,
IDN,Indonesia,1974,149811.0,A,,,,
IDN,Indonesia,1975,170372.0,A,,,,
IDN,Indonesia,1976,193377.0,A,,,,
IDN,Indonesia,1977,193966.0,A,,,,
IDN,Indonesia,1978,222690.0,A,,,,
IDN,Indonesia,1979,273675.0,A,,,,
IDN,Indonesia,1980,294973.0,A,,,,
IDN,Indonesia,1981,314899.0,A,,,,
IDN,Indonesia,1982,281251.0,A,,,,
IDN,Indonesia,1983,305648.0,A,,,,
IDN,Indonesia,1984,315489.0,A,,,,
IDN,Indonesia,1985,311398.0,A,,,,
IDN,Indonesia,1986,356822.0,A,,,,
IDN,Indonesia,1987,388669.0,A,,,,
IDN,Indonesia,1988,391095.0,A,,,,
IDN,Indonesia,1989,401048.0,A,,,,
IDN,Indonesia,1990,412767.0,A,,,,
IDN,Indonesia,1991,428305.0,A,,,,
IDN,Indonesia,1992,436930.0,A,,,,
IDN,Indonesia,1993,438868.0,A,,,,
IDN,Indonesia,1994,450191.0,A,,,,
IDN,Indonesia,1995,457801.0,A,701596.154,236332.537,1016.439,332.994
IDN,Indonesia,1996,421751.0,A,708806.132,392687.424,236.557,154.337
IDN,Indonesia,1997,426800.0,A,715018.113,394998.981,13563.927,9992.605
IDN,Indonesia,1998,512165.0,A,660842.824,367344.442,4079.659,2868.403
IDN,Indonesia,1999,524687.0,A,557804.181,357932.945,3172.089,2855.927
IDN,Indonesia,2000,554574.0,A,391527.037,342473.444,9115.471,11025.179
IDN,Indonesia,2001,569234.0,A,281642.721,306030.427,3928.825,6780.6410000000005
IDN,Indonesia,2002,682019.0,A,287009.314,352083.141,3070.728,6098.319
IDN,Indonesia,2003,663571.0,A,345281.273,350956.396,2984.969,2395.5370000000003
IDN,Indonesia,2004,647385.0,A,410338.057,382791.046,3571.991,3513.6
IDN,Indonesia,2005,640365.0,A,627509.252,487434.236,5302.724,2898.406
IDN,Indonesia,2006,682158.0,A,696440.773,424337.605,9781.979,5739.084
IDN,Indonesia,2007,676475.0,A,730035.6089999999,321769.91,74989.74299999999,48346.435
IDN,Indonesia,2008,698016.0,A,1153298.25,466065.655,17367.317,7033.824
IDN,Indonesia,2009,682591.0,A,971842.729,489136.495,21957.549,13971.502
IDN,Indonesia,2010,684076.0,A,923168.731,433969.184,31338.344,18432.512
IDN,Indonesia,2011,638600.0,A,1180322.365,369811.217,41234.652,15636.685
IDN,Indonesia,2012,691163.0,A,1291285.706,421331.666,110894.716,51480.33899999999
IDN,Indonesia,2013,675800.0,A,1337213.993,534810.323,30068.302,13468.919999999998
IDN,Indonesia,2014,643900.0,A,1097135.003,385982.403,40964.052,18334.03
IDN,Indonesia,2015,639412.0,A,1325359.728,505256.821,27460.604,12475.223
IDN,Indonesia,2016,639305.0,A,1030617.464,398844.841,42186.468,23983.875
IDN,Indonesia,2017,717962.0,A,1312112.297,477663.627,27087.027,11949.047
IDN,Indonesia,2018,756051.0,A,879914.8369999999,284028.513,136430.05800000002,40431.913
IDN,Indonesia,2019,752512.0,A,917931.995,337857.433,53332.804,29386.769
IDN,Indonesia,2020,762380.0,A,840283.448,343838.609,29036.316,14821.385
IDN,Indonesia,2021,786191.0,A,857541.784,356527.358,25865.827,13285.138
IDN,Indonesia,2022,774960.53,A,1243551.713,424748.229,43573.484,14051.835
IDN,Indonesia,2023,758725.0,A,1070655.325,293188.21900000004,97787.667,38911.907
IDN,Indonesia,2024,807578.0,A,1473299.647,294185.496,175147.723,51485.755000000005
JAM,Jamaica,1961,2546.0,A,,,,
JAM,Jamaica,1962,1969.0,A,,,,
JAM,Jamaica,1963,2009.0,A,,,,
JAM,Jamaica,1964,1997.0,A,,,,
JAM,Jamaica,1965,2170.0,A,,,,
JAM,Jamaica,1966,1861.0,A,,,,
JAM,Jamaica,1967,1991.0,A,,,,
JAM,Jamaica,1968,1972.0,A,,,,
JAM,Jamaica,1969,1589.0,A,,,,
JAM,Jamaica,1970,1805.0,A,,,,
JAM,Jamaica,1971,1358.0,A,,,,
JAM,Jamaica,1972,1040.0,A,,,,
JAM,Jamaica,1973,1146.0,A,,,,
JAM,Jamaica,1974,1486.0,A,,,,
JAM,Jamaica,1975,1186.0,A,,,,
JAM,Jamaica,1976,1929.0,A,,,,
JAM,Jamaica,1977,1208.0,A,,,,
JAM,Jamaica,1978,1477.0,A,,,,
JAM,Jamaica,1979,958.0,A,,,,
JAM,Jamaica,1980,2216.0,A,,,,
JAM,Jamaica,1981,1379.0,A,,,,
JAM,Jamaica,1982,1516.0,A,,,,
JAM,Jamaica,1983,1632.0,A,,,,
JAM,Jamaica,1984,1745.0,A,,,,
JAM,Jamaica,1985,1274.0,A,,,,
JAM,Jamaica,1986,1697.0,A,,,,
JAM,Jamaica,1987,1658.0,A,,,,
JAM,Jamaica,1988,2231.0,A,,,,
JAM,Jamaica,1989,1260.0,X,,,,
JAM,Jamaica,1990,1560.0,X,,,,
JAM,Jamaica,1991,2280.0,X,,,,
JAM,Jamaica,1992,1920.0,X,,,,
JAM,Jamaica,1993,1500.0,X,,,,
JAM,Jamaica,1994,2460.0,X,,,,
JAM,Jamaica,1995,2580.0,X,29371.586000000003,1707.332,155.988,58.166
JAM,Jamaica,1996,2580.0,A,35452.821,2465.764,1242.25,442.294
JAM,Jamaica,1997,2887.0,A,31316.956,1747.3380000000002,724.0749999999999,141.369
JAM,Jamaica,1998,1740.0,X,19172.489,1184.143,1271.081,466.379
JAM,Jamaica,1999,2340.0,X,25341.722,1482.1239999999998,735.501,221.891
JAM,Jamaica,2000,2220.0,X,31074.72,2175.014,743.5519999999999,265.854
JAM,Jamaica,2001,2880.0,X,31144.946000000004,2410.096,1072.971,506.39699999999993
JAM,Jamaica,2002,2760.0,X,32003.475,2391.225,545.374,391.314
JAM,Jamaica,2003,3300.0,E,33277.092,2602.188,567.329,244.009
JAM,Jamaica,2004,2400.0,X,36061.618,10422.627,181.217,85.97
JAM,Jamaica,2005,8897.0,A,20278.148,4506.515,1081.787,438.579
JAM,Jamaica,2006,12390.0,A,30414.805,7562.144999999999,1613.736,798.1859999999999
JAM,Jamaica,2007,15117.0,A,28945.301,4940.597,876.922,272.276
JAM,Jamaica,2008,9035.0,A,32003.266000000003,11304.744,1304.0700000000002,281.034
JAM,Jamaica,2009,12456.0,A,35991.889,1508.774,837.7769999999999,228.682
JAM,Jamaica,2010,9121.0,A,22041.321,1141.8819999999998,1734.4980000000005,597.651
JAM,Jamaica,2011,8099.0,A,20149.714,1005.913,2596.196,408.004
JAM,Jamaica,2012,6687.0,A,17140.676,842.523,2004.781,441.072
JAM,Jamaica,2013,6984.0,A,19391.483,983.321,1701.394,388.534
JAM,Jamaica,2014,5298.0,A,15327.588,1056.885,2200.294,493.359
JAM,Jamaica,2015,5755.0,A,26818.128,955.796,2652.8900000000003,528.251
JAM,Jamaica,2016,7580.0,A,30757.04,1122.337,1874.401,520.2620000000001
JAM,Jamaica,2017,6222.0,A,21197.273,639.1149999999999,2232.365,632.9350000000001
JAM,Jamaica,2018,7085.0,A,16990.733,657.6329999999999,1817.755,550.962
JAM,Jamaica,2019,6701.0,A,12585.33,505.281,1702.282,535.202
JAM,Jamaica,2020,6201.0,A,17413.560999999998,716.917,962.416,189.131
JAM,Jamaica,2021,6507.8,A,18488.435,689.943,1236.544,283.945
JAM,Jamaica,2022,7064.1,A,22659.383,756.197,2979.078,552.752
JAM,Jamaica,2023,8152.0,A,23790.044,786.885,2056.822,458.222
JAM,Jamaica,2024,6521.0,A,23157.218,733.2,1346.9009999999998,248.226
KEN,Kenya,1961,28100.0,A,,,,
KEN,Kenya,1962,50000.0,A,,,,
KEN,Kenya,1963,40500.0,A,,,,
KEN,Kenya,1964,41400.0,A,,,,
KEN,Kenya,1965,39300.0,A,,,,
KEN,Kenya,1966,56900.0,A,,,,
KEN,Kenya,1967,48000.0,A,,,,
KEN,Kenya,1968,39600.0,A,,,,
KEN,Kenya,1969,52400.0,A,,,,
KEN,Kenya,1970,58300.0,A,,,,
KEN,Kenya,1971,59500.0,A,,,,
KEN,Kenya,1972,62048.0,A,,,,
KEN,Kenya,1973,71190.0,A,,,,
KEN,Kenya,1974,70103.0,A,,,,
KEN,Kenya,1975,66152.0,A,,,,
KEN,Kenya,1976,80303.0,A,,,,
KEN,Kenya,1977,101218.0,A,,,,
KEN,Kenya,1978,84332.0,A,,,,
KEN,Kenya,1979,75082.0,A,,,,
KEN,Kenya,1980,91334.0,A,,,,
KEN,Kenya,1981,99717.0,A,,,,
KEN,Kenya,1982,87436.0,A,,,,
KEN,Kenya,1983,86064.0,A,,,,
KEN,Kenya,1984,118500.0,A,,,,
KEN,Kenya,1985,93600.0,A,,,,
KEN,Kenya,1986,113926.0,A,,,,
KEN,Kenya,1987,104679.0,A,,,,
KEN,Kenya,1988,128700.0,A,,,,
KEN,Kenya,1989,116900.0,A,,,,
KEN,Kenya,1990,103900.0,A,,,,
KEN,Kenya,1991,86400.0,A,,,,
KEN,Kenya,1992,85300.0,A,,,,
KEN,Kenya,1993,75100.0,A,,,,
KEN,Kenya,1994,79900.0,A,,,,
KEN,Kenya,1995,95400.0,A,342438.03,86294.717,1819.987,1005.5
KEN,Kenya,1996,97976.0,A,344512.3,120532.781,28092.989,20289.148
KEN,Kenya,1997,68642.0,A,331227.237,73551.55900000001,8316.48,6654.58
KEN,Kenya,1998,53715.0,A,243415.321,54359.670000000006,14656.439,9760.564
KEN,Kenya,1999,68100.0,A,190503.008,69440.242,25144.281000000003,11386.922
KEN,Kenya,2000,100700.0,A,172162.622,86017.023,102.333,211.988
KEN,Kenya,2001,51700.0,A,121117.47,67057.943,8293.769,11346.087
KEN,Kenya,2002,51900.0,A,86030.745,119544.693,1953.5,4025.185
KEN,Kenya,2003,55443.0,A,110511.673,66753.918,6235.9310000000005,6633.124
KEN,Kenya,2004,48431.0,A,111888.14,55071.489,11566.654,9691.423
KEN,Kenya,2005,45200.0,A,142474.224,50082.012,1317.194,610.949
KEN,Kenya,2006,48300.0,A,145815.372,44386.388,1233.148,629.778
KEN,Kenya,2007,53368.0,A,184984.536,57799.745,1197.362,541.3919999999999
KEN,Kenya,2008,42000.0,A,189762.028,53202.939,973.699,337.545
KEN,Kenya,2009,54000.0,A,217133.892,61923.043,259.637,160.47899999999998
KEN,Kenya,2010,42000.0,A,226088.044,46923.134,2076.517,816.861
KEN,Kenya,2011,36300.0,A,284093.807,41564.1,3612.118,1087.278
KEN,Kenya,2012,49000.0,A,274550.136,46537.431,2285.764,852.566
KEN,Kenya,2013,39800.0,A,203773.613,51286.003,771.228,434.273
KEN,Kenya,2014,49500.0,A,216767.597,47207.457,1809.253,891.4770000000001
KEN,Kenya,2015,42000.0,A,224094.671,46208.03,3956.005,1139.834
KEN,Kenya,2016,46100.0,A,209254.017,45863.968,2067.343,658.7090000000001
KEN,Kenya,2017,38620.0,A,250327.403,47851.53,3345.194,1011.787
KEN,Kenya,2018,41375.0,A,245102.784,49943.585,6232.555,1683.772
KEN,Kenya,2019,44500.0,A,235187.77,56223.155,3779.725,1192.66
KEN,Kenya,2020,36900.0,A,218468.797,50320.511,9294.757,3160.541
KEN,Kenya,2021,34500.0,A,257738.496,47912.69,20560.765,5186.972
KEN,Kenya,2022,51900.0,A,329778.722,55248.4,9519.289,2287.015
KEN,Kenya,2023,48700.0,A,296165.958,53391.188,8162.331,2098.917
KEN,Kenya,2024,49500.0,A,299383.479,55469.195,7256.391,1793.561
LAO,Lao People's Democratic Republic,1961,1000.0,A,,,,
LAO,Lao People's Democratic Republic,1962,1500.0,A,,,,
LAO,Lao People's Democratic Republic,1963,2000.0,A,,,,
LAO,Lao People's Democratic Republic,1964,3500.0,A,,,,
LAO,Lao People's Democratic Republic,1965,3500.0,A,,,,
LAO,Lao People's Democratic Republic,1966,3500.0,E,,,,
LAO,Lao People's Democratic Republic,1967,3500.0,E,,,,
LAO,Lao People's Democratic Republic,1968,3500.0,A,,,,
LAO,Lao People's Democratic Republic,1969,3450.0,A,,,,
LAO,Lao People's Democratic Republic,1970,3200.0,A,,,,
LAO,Lao People's Democratic Republic,1971,2800.0,A,,,,
LAO,Lao People's Democratic Republic,1972,2300.0,A,,,,
LAO,Lao People's Democratic Republic,1973,1800.0,A,,,,
LAO,Lao People's Democratic Republic,1974,2070.0,A,,,,
LAO,Lao People's Democratic Republic,1975,1800.0,E,,,,
LAO,Lao People's Democratic Republic,1976,2780.0,A,,,,
LAO,Lao People's Democratic Republic,1977,4315.0,A,,,,
LAO,Lao People's Democratic Republic,1978,2980.0,A,,,,
LAO,Lao People's Democratic Republic,1979,3500.0,A,,,,
LAO,Lao People's Democratic Republic,1980,4442.0,A,,,,
LAO,Lao People's Democratic Republic,1981,5031.0,A,,,,
LAO,Lao People's Democratic Republic,1982,5200.0,A,,,,
LAO,Lao People's Democratic Republic,1983,5320.0,A,,,,
LAO,Lao People's Democratic Republic,1984,5780.0,A,,,,
LAO,Lao People's Democratic Republic,1985,6144.0,A,,,,
LAO,Lao People's Democratic Republic,1986,4711.0,A,,,,
LAO,Lao People's Democratic Republic,1987,5312.0,A,,,,
LAO,Lao People's Democratic Republic,1988,7829.0,A,,,,
LAO,Lao People's Democratic Republic,1989,5413.0,A,,,,
LAO,Lao People's Democratic Republic,1990,5204.0,A,,,,
LAO,Lao People's Democratic Republic,1991,8017.0,A,,,,
LAO,Lao People's Democratic Republic,1992,6582.0,A,,,,
LAO,Lao People's Democratic Republic,1993,7622.0,A,,,,
LAO,Lao People's Democratic Republic,1994,9035.0,A,,,,
LAO,Lao People's Democratic Republic,1995,8576.0,A,24361.574,8436.351,,
LAO,Lao People's Democratic Republic,1996,10020.0,A,13014.346,7035.51,156.618,83.3
LAO,Lao People's Democratic Republic,1997,12300.0,A,23385.428,13143.678,,
LAO,Lao People's Democratic Republic,1998,16999.0,A,25642.419,14056.807,1082.248,19.199
LAO,Lao People's Democratic Republic,1999,17530.0,A,23632.025,16548.546000000002,4.013,2.062
LAO,Lao People's Democratic Republic,2000,23500.0,A,18728.573,17131.065,210.782,385.855
LAO,Lao People's Democratic Republic,2001,25796.0,A,11486.571,14325.838,51.942,44.261
LAO,Lao People's Democratic Republic,2002,32197.0,A,12414.013,18174.214,122.758,126.204
LAO,Lao People's Democratic Republic,2003,27850.0,A,13216.312000000002,15164.582,286.025,234.851
LAO,Lao People's Democratic Republic,2004,23100.0,A,15772.006,17138.117,38.674,36.455
LAO,Lao People's Democratic Republic,2005,25000.0,A,15809.435,14567.337,72.546,75.392
LAO,Lao People's Democratic Republic,2006,25250.0,A,11845.43,8488.773,25.783,22.89
LAO,Lao People's Democratic Republic,2007,33200.0,A,32406.827,19814.899,130.75400000000002,98.129
LAO,Lao People's Democratic Republic,2008,38985.0,A,43141.207,18361.588,44.632,18.522
LAO,Lao People's Democratic Republic,2009,46035.0,A,36404.575,18490.61,63.642,39.79
LAO,Lao People's Democratic Republic,2010,46290.0,A,39787.184,17452.995,164.977,39.858
LAO,Lao People's Democratic Republic,2011,52010.0,A,109728.912,32774.528,142.286,25.167
LAO,Lao People's Democratic Republic,2012,87330.0,A,82753.168,24899.728,3.013,0.6599999999999999
LAO,Lao People's Democratic Republic,2013,92045.0,A,82013.543,24867.585,0.03,0.007
LAO,Lao People's Democratic Republic,2014,113580.0,A,87954.209,29131.774,2.507,0.052
LAO,Lao People's Democratic Republic,2015,135925.0,A,80456.767,29369.214,5.214,0.417
LAO,Lao People's Democratic Republic,2016,136600.0,A,73765.417,31978.646,27.673,5.234
LAO,Lao People's Democratic Republic,2017,150795.0,A,117509.664,44135.55,2232.229,937.42
LAO,Lao People's Democratic Republic,2018,154435.0,A,107474.97,36081.1,269.266,99.905
LAO,Lao People's Democratic Republic,2019,171380.0,A,74311.20700000001,30903.11,130.122,51.67
LAO,Lao People's Democratic Republic,2020,158190.0,A,102100.813,38674.880000000005,8415.215,3542.778
LAO,Lao People's Democratic Republic,2021,161200.0,A,118772.558,37346.712,8377.989,2865.376
LAO,Lao People's Democratic Republic,2022,171000.0,A,127688.34,29494.267,1377.061,509.701
LAO,Lao People's Democratic Republic,2023,183895.0,A,119367.174,31727.853,435.261,190.466
LAO,Lao People's Democratic Republic,2024,174900.0,A,73884.353,19097.814,955.22,246.528
LBR,Liberia,1961,3400.0,A,,,,
LBR,Liberia,1962,3754.0,A,,,,
LBR,Liberia,1963,3670.0,A,,,,
LBR,Liberia,1964,3500.0,X,,,,
LBR,Liberia,1965,3187.0,A,,,,
LBR,Liberia,1966,8911.0,A,,,,
LBR,Liberia,1967,4327.0,A,,,,
LBR,Liberia,1968,4686.0,A,,,,
LBR,Liberia,1969,4261.0,A,,,,
LBR,Liberia,1970,4967.0,A,,,,
LBR,Liberia,1971,5521.0,A,,,,
LBR,Liberia,1972,5594.0,A,,,,
LBR,Liberia,1973,6935.0,A,,,,
LBR,Liberia,1974,3424.0,A,,,,
LBR,Liberia,1975,4150.0,A,,,,
LBR,Liberia,1976,4238.0,A,,,,
LBR,Liberia,1977,10076.0,A,,,,
LBR,Liberia,1978,8665.0,A,,,,
LBR,Liberia,1979,8200.0,A,,,,
LBR,Liberia,1980,12742.0,A,,,,
LBR,Liberia,1981,8400.0,A,,,,
LBR,Liberia,1982,11734.0,A,,,,
LBR,Liberia,1983,7500.0,X,,,,
LBR,Liberia,1984,11500.0,X,,,,
LBR,Liberia,1985,9000.0,X,,,,
LBR,Liberia,1986,9000.0,X,,,,
LBR,Liberia,1987,4200.0,X,,,,
LBR,Liberia,1988,3600.0,X,,,,
LBR,Liberia,1989,4800.0,X,,,,
LBR,Liberia,1990,1600.0,X,,,,
LBR,Liberia,1991,1300.0,X,,,,
LBR,Liberia,1992,3000.0,X,,,,
LBR,Liberia,1993,3000.0,X,,,,
LBR,Liberia,1994,3000.0,X,,,,
LBR,Liberia,1995,2996.67,I,19.019,11.312,8077.688,2733.187
LBR,Liberia,1996,3016.96,I,55.75,46.101,,
LBR,Liberia,1997,3041.01,I,169.85399999999998,104.937,139.104,108.0
LBR,Liberia,1998,3059.3,I,279.607,194.346,,
LBR,Liberia,1999,3078.58,I,1178.906,912.739,,
LBR,Liberia,2000,3126.8,I,182.697,214.845,57.41,126.003
LBR,Liberia,2001,3200.0,E,341.791,433.646,23.065,36.001
LBR,Liberia,2002,3345.77,I,204.704,346.544,,
LBR,Liberia,2003,3538.89,I,377.438,396.047,,
LBR,Liberia,2004,3750.57,I,,,13.142,8.458
LBR,Liberia,2005,4080.0,X,58.0,46.8,5.016,2.01
LBR,Liberia,2006,4260.0,X,42.086,26.8,387.427,296.996
LBR,Liberia,2007,3180.0,X,217.253,130.32,3.11,0.266
LBR,Liberia,2008,2400.0,X,249.51,124.752,0.975,0.121
LBR,Liberia,2009,1800.0,X,883.0459999999999,625.1279999999999,101.488,57.013
LBR,Liberia,2010,600.0,X,144.324,97.218,30.26,19.08
LBR,Liberia,2011,649.83,I,978.5,471.6710000000001,4.717,0.26
LBR,Liberia,2012,650.19,I,420.088,167.483,0.686,0.018
LBR,Liberia,2013,636.92,I,452.35,211.776,276.884,62.235
LBR,Liberia,2014,650.74,I,150.139,56.378,37.278000000000006,20.944000000000003
LBR,Liberia,2015,628.42,I,253.791,133.702,13.2,0.7789999999999999
LBR,Liberia,2016,638.69,E,149.165,65.33800000000001,15.423,0.744
LBR,Liberia,2017,625.6,I,603.22,266.285,74.709,4.802
LBR,Liberia,2018,620.95,I,791.395,429.57,16.488,0.938
LBR,Liberia,2019,628.41,E,45.609,38.527,18.383,1.992
LBR,Liberia,2020,626.48,I,1.586,2.133,14.443,1.331
LBR,Liberia,2021,656.18,I,50.168,53.67,20.931,3.408
LBR,Liberia,2022,655.85,I,,,401.218,48.391000000000005
LBR,Liberia,2023,654.58,I,161.921,5.4,39.879000000000005,6.865
LBR,Liberia,2024,653.22,I,996.445,290.194,31.798,1.563
MDG,Madagascar,1961,54000.0,E,,,,
MDG,Madagascar,1962,73000.0,E,,,,
MDG,Madagascar,1963,62000.0,E,,,,
MDG,Madagascar,1964,70415.0,A,,,,
MDG,Madagascar,1965,65640.0,A,,,,
MDG,Madagascar,1966,71535.0,A,,,,
MDG,Madagascar,1967,73065.0,A,,,,
MDG,Madagascar,1968,70850.0,A,,,,
MDG,Madagascar,1969,63945.0,A,,,,
MDG,Madagascar,1970,66555.0,A,,,,
MDG,Madagascar,1971,57710.0,A,,,,
MDG,Madagascar,1972,68585.0,A,,,,
MDG,Madagascar,1973,73880.0,A,,,,
MDG,Madagascar,1974,80900.0,A,,,,
MDG,Madagascar,1975,83560.0,A,,,,
MDG,Madagascar,1976,78930.0,A,,,,
MDG,Madagascar,1977,91520.0,A,,,,
MDG,Madagascar,1978,78200.0,A,,,,
MDG,Madagascar,1979,81565.0,A,,,,
MDG,Madagascar,1980,79880.0,A,,,,
MDG,Madagascar,1981,83460.0,A,,,,
MDG,Madagascar,1982,81225.0,A,,,,
MDG,Madagascar,1983,80855.0,A,,,,
MDG,Madagascar,1984,81400.0,A,,,,
MDG,Madagascar,1985,78500.0,A,,,,
MDG,Madagascar,1986,82280.0,A,,,,
MDG,Madagascar,1987,80750.0,A,,,,
MDG,Madagascar,1988,83500.0,A,,,,
MDG,Madagascar,1989,88200.0,A,,,,
MDG,Madagascar,1990,85000.0,A,,,,
MDG,Madagascar,1991,83865.0,A,,,,
MDG,Madagascar,1992,79882.0,A,,,,
MDG,Madagascar,1993,78000.0,A,,,,
MDG,Madagascar,1994,70000.0,A,,,,
MDG,Madagascar,1995,68000.0,A,103176.159,36742.714,,
MDG,Madagascar,1996,68000.0,A,89939.986,44853.935,0.522,0.496
MDG,Madagascar,1997,55000.0,A,56978.929,33537.152,,
MDG,Madagascar,1998,60000.0,A,77047.678,36732.147,,
MDG,Madagascar,1999,65000.0,A,59811.718,26480.571,29.731,15.0
MDG,Madagascar,2000,58080.0,A,21361.095,16062.607,3.512,1.345
MDG,Madagascar,2001,64530.0,A,7981.236999999999,8007.358,,
MDG,Madagascar,2002,61520.0,A,3826.681,7735.946999999999,31.408,13.746
MDG,Madagascar,2003,70315.0,A,5656.321,7623.362,85.318,18.909
MDG,Madagascar,2004,67775.0,A,6719.26,8613.133,37.034,8.49
MDG,Madagascar,2005,55500.0,A,5936.64,6611.011,2.237,1.0699999999999998
MDG,Madagascar,2006,61635.0,A,17247.344,12457.206,30.841,4.629
MDG,Madagascar,2007,56470.0,A,15378.885,9998.616,90.64,28.192
MDG,Madagascar,2008,56978.0,A,23945.556,9436.811,95.1,23.63
MDG,Madagascar,2009,57491.0,A,4337.624,2302.15,155.155,47.363
MDG,Madagascar,2010,58178.0,A,9756.609,7447.139,44.883,5.849
MDG,Madagascar,2011,55698.04,I,17140.943,6562.452,141.726,41.089
MDG,Madagascar,2012,53363.68,I,11330.012,4312.391,161.178,30.803
MDG,Madagascar,2013,51627.54,I,22735.621,10473.355,32.632000000000005,3.427
MDG,Madagascar,2014,49223.0,A,18820.891,9643.92,206.136,49.461
MDG,Madagascar,2015,47507.0,A,7756.725,3522.132,60.332,19.393
MDG,Madagascar,2016,53093.0,A,6365.551,4090.503,7.956,3.248
MDG,Madagascar,2017,59602.0,A,6536.508000000001,2667.814,608.17,342.951
MDG,Madagascar,2018,54514.81,I,783.3179999999999,180.191,5075.301,2569.617
MDG,Madagascar,2019,65760.0,A,407.612,278.453,1470.296,799.199
MDG,Madagascar,2020,42220.0,A,3552.541,2896.552,1.346,0.329
MDG,Madagascar,2021,46400.61,I,1947.551,970.384,217.174,129.617
MDG,Madagascar,2022,50532.03,I,169.033,60.925,2297.442,938.25
MDG,Madagascar,2023,49340.52,I,74.66,37.408,3549.962,1641.712
MDG,Madagascar,2024,49561.4,I,24150.274,7401.248,2802.79,1122.598
MWI,Malawi,1961,167.0,A,,,,
MWI,Malawi,1962,198.0,A,,,,
MWI,Malawi,1963,230.0,A,,,,
MWI,Malawi,1964,133.0,A,,,,
MWI,Malawi,1965,128.0,A,,,,
MWI,Malawi,1966,166.0,A,,,,
MWI,Malawi,1967,151.0,A,,,,
MWI,Malawi,1968,145.0,A,,,,
MWI,Malawi,1969,154.0,A,,,,
MWI,Malawi,1970,263.0,A,,,,
MWI,Malawi,1971,153.0,A,,,,
MWI,Malawi,1972,186.0,A,,,,
MWI,Malawi,1973,187.0,A,,,,
MWI,Malawi,1974,625.0,A,,,,
MWI,Malawi,1975,788.0,A,,,,
MWI,Malawi,1976,880.0,E,,,,
MWI,Malawi,1977,880.0,E,,,,
MWI,Malawi,1978,900.0,E,,,,
MWI,Malawi,1979,900.0,E,,,,
MWI,Malawi,1980,1000.0,E,,,,
MWI,Malawi,1981,1000.0,E,,,,
MWI,Malawi,1982,1020.0,X,,,,
MWI,Malawi,1983,1140.0,X,,,,
MWI,Malawi,1984,1860.0,X,,,,
MWI,Malawi,1985,3480.0,X,,,,
MWI,Malawi,1986,3692.0,A,,,,
MWI,Malawi,1987,4966.0,A,,,,
MWI,Malawi,1988,4320.0,A,,,,
MWI,Malawi,1989,6780.0,X,,,,
MWI,Malawi,1990,6180.0,X,,,,
MWI,Malawi,1991,7500.0,X,,,,
MWI,Malawi,1992,8160.0,X,,,,
MWI,Malawi,1993,3780.0,X,,,,
MWI,Malawi,1994,5040.0,X,,,,
MWI,Malawi,1995,5460.0,X,18753.622,5444.441,,
MWI,Malawi,1996,4797.0,A,11201.664,4413.461,82.258,0.0
MWI,Malawi,1997,4552.0,A,15417.18,4561.944,88.488,27.515
MWI,Malawi,1998,3840.0,X,11766.824,3672.106,182.813,108.0
MWI,Malawi,1999,3540.0,X,10549.398,4388.256,,
MWI,Malawi,2000,3780.0,X,6296.7390000000005,3897.297,3.694,2.58
MWI,Malawi,2001,4320.0,X,6386.773,4383.1,90.099,51.34
MWI,Malawi,2002,2980.0,A,3344.243,2622.401,30.367,54.847
MWI,Malawi,2003,2584.0,A,3726.883,2775.84,26.289,13.322
MWI,Malawi,2004,1590.0,A,4339.094,3031.467,319.083,195.424
MWI,Malawi,2005,1181.0,A,2845.14,1371.179,1.214,0.352
MWI,Malawi,2006,2091.0,A,4037.718,1745.5,4.65,2.028
MWI,Malawi,2007,1403.0,A,4701.061,1811.278,82.49499999999999,22.005000000000003
MWI,Malawi,2008,1122.0,A,6342.22,2031.165,10.7,2.253
MWI,Malawi,2009,5510.0,A,4246.6720000000005,2057.557,10.547,1.573
MWI,Malawi,2010,4176.0,A,4267.618,1197.652,10.201,0.871
MWI,Malawi,2011,4015.0,A,7121.431,1635.249,5.882,1.408
MWI,Malawi,2012,5684.0,A,5838.354,1308.978,9.306,3.508
MWI,Malawi,2013,5699.0,A,4971.443,1523.555,61.154,25.371
MWI,Malawi,2014,6757.0,A,5401.067,1481.472,20.835,6.017
MWI,Malawi,2015,7217.0,A,3976.895,1037.368,15.455,8.516
MWI,Malawi,2016,7217.0,A,4469.286,1168.924,11.692,5.54
MWI,Malawi,2017,8420.0,A,2432.487,623.636,15.277,6.9590000000000005
MWI,Malawi,2018,11082.0,A,2007.52,454.903,8.063,4.723
MWI,Malawi,2019,11000.0,X,2893.584,745.391,16.6,5.42
MWI,Malawi,2020,10000.0,X,2474.149,731.972,1.988,1.69
MWI,Malawi,2021,10086.0,A,2145.351,537.702,15.855,6.614000000000001
MWI,Malawi,2022,11000.0,X,3316.964,647.678,11.771,4.25
MWI,Malawi,2023,11000.0,X,2446.521,408.356,12.086,4.746
MWI,Malawi,2024,11223.46,I,3286.169,770.6179999999999,15.098999999999998,1.951
MYS,Malaysia,1961,2700.0,A,,,,
MYS,Malaysia,1962,2580.0,A,,,,
MYS,Malaysia,1963,2820.0,A,,,,
MYS,Malaysia,1964,3120.0,A,,,,
MYS,Malaysia,1965,3120.0,A,,,,
MYS,Malaysia,1966,3480.0,A,,,,
MYS,Malaysia,1967,3420.0,A,,,,
MYS,Malaysia,1968,3600.0,A,,,,
MYS,Malaysia,1969,3780.0,A,,,,
MYS,Malaysia,1970,3540.0,A,,,,
MYS,Malaysia,1971,3960.0,A,,,,
MYS,Malaysia,1972,4200.0,A,,,,
MYS,Malaysia,1973,4920.0,A,,,,
MYS,Malaysia,1974,5880.0,A,,,,
MYS,Malaysia,1975,6240.0,A,,,,
MYS,Malaysia,1976,8100.0,A,,,,
MYS,Malaysia,1977,5400.0,A,,,,
MYS,Malaysia,1978,6120.0,A,,,,
MYS,Malaysia,1979,5880.0,A,,,,
MYS,Malaysia,1980,10100.0,A,,,,
MYS,Malaysia,1981,10400.0,A,,,,
MYS,Malaysia,1982,11300.0,A,,,,
MYS,Malaysia,1983,11900.0,A,,,,
MYS,Malaysia,1984,11900.0,A,,,,
MYS,Malaysia,1985,10900.0,A,,,,
MYS,Malaysia,1986,10300.0,A,,,,
MYS,Malaysia,1987,11500.0,A,,,,
MYS,Malaysia,1988,9500.0,A,,,,
MYS,Malaysia,1989,6732.0,A,,,,
MYS,Malaysia,1990,7215.0,A,,,,
MYS,Malaysia,1991,7600.0,E,,,,
MYS,Malaysia,1992,9000.0,E,,,,
MYS,Malaysia,1993,11100.0,X,,,,
MYS,Malaysia,1994,11200.0,X,,,,
MYS,Malaysia,1995,11300.0,X,5374.1,1563.431,37952.225,12908.882
MYS,Malaysia,1996,15000.0,E,3870.108,1588.3680000000002,27522.149,17261.307
MYS,Malaysia,1997,20000.0,E,1939.088,682.965,29217.324,18511.185
MYS,Malaysia,1998,28000.0,E,1212.172,555.183,22101.876,14433.707
MYS,Malaysia,1999,35000.0,E,844.3169999999999,326.692,28917.277,15897.637
MYS,Malaysia,2000,39800.0,X,1649.822,772.1569999999999,22723.554,23773.098
MYS,Malaysia,2001,38500.0,X,1330.701,634.039,15587.128,14406.434
MYS,Malaysia,2002,39200.0,X,1144.8629999999998,658.999,18590.41,26854.455
MYS,Malaysia,2003,40000.0,X,1437.485,809.44,18075.869,17826.462
MYS,Malaysia,2004,39200.0,X,1417.73,1835.56,23266.391,21529.737
MYS,Malaysia,2005,40000.0,X,1216.478,622.037,30896.792,25677.608
MYS,Malaysia,2006,32779.0,A,2563.001,1609.515,52644.313,33725.727
MYS,Malaysia,2007,21213.0,A,3653.09,1545.861,79270.371,42032.291
MYS,Malaysia,2008,23061.0,A,3053.154,912.934,97850.811,42926.126
MYS,Malaysia,2009,16332.0,A,4548.736,1632.288,70614.31,42098.8
MYS,Malaysia,2010,15768.0,A,5272.126,1949.075,105893.929,60300.916
MYS,Malaysia,2011,15064.0,A,5899.765,1738.898,170793.859,65655.17
MYS,Malaysia,2012,10427.0,A,6072.891,1607.743,158528.01,68220.16
MYS,Malaysia,2013,14739.0,A,4109.722,1298.175,192300.481,84415.273
MYS,Malaysia,2014,8186.0,A,5270.707,1340.481,177763.97,76351.47
MYS,Malaysia,2015,5929.0,A,4193.459,784.121,185085.619,80908.596
MYS,Malaysia,2016,7170.0,A,4785.331,1217.97,175362.759,85061.561
MYS,Malaysia,2017,8109.18,A,4140.269,1212.27,209931.37800000003,87006.369
MYS,Malaysia,2018,3369.2,A,3061.505,884.49,213556.331,76050.126
MYS,Malaysia,2019,3558.5,A,5331.883,1204.174,225105.741,108376.334
MYS,Malaysia,2020,4241.08,A,4718.329,1760.227,213795.84,103857.283
MYS,Malaysia,2021,4150.55,A,4431.81,1620.996,219044.4,95899.691
MYS,Malaysia,2022,3849.58,A,5170.511,1078.226,309280.154,91910.311
MYS,Malaysia,2023,3910.09,A,6927.77,1476.132,230546.275,68582.011
MYS,Malaysia,2024,2861.29,A,6366.278,851.216,394207.749,88590.438
MTQ,Martinique,1961,2400.0,E,,,,
MTQ,Martinique,1962,2400.0,E,,,,
MTQ,Martinique,1963,2400.0,E,,,,
MTQ,Martinique,1964,2400.0,E,,,,
MTQ,Martinique,1965,2400.0,E,,,,
MTQ,Martinique,1966,2400.0,E,,,,
MTQ,Martinique,1967,2400.0,X,,,,
MTQ,Martinique,1968,2400.0,X,,,,
MTQ,Martinique,1969,600.0,X,,,,
MTQ,Martinique,1970,600.0,X,,,,
MTQ,Martinique,1971,600.0,X,,,,
MTQ,Martinique,1972,600.0,X,,,,
MTQ,Martinique,1973,600.0,X,,,,
MTQ,Martinique,1974,600.0,X,,,,
MTQ,Martinique,1991,75.0,A,,,,
MTQ,Martinique,1992,75.0,A,,,,
MTQ,Martinique,1993,75.0,I,,,,
MTQ,Martinique,1994,74.73,I,,,,
MTQ,Martinique,1995,35.0,A,,,,
MTQ,Martinique,1996,44.62,I,,,,
MTQ,Martinique,1997,40.0,E,,,,
MTQ,Martinique,1998,40.0,E,,,,
MTQ,Martinique,1999,40.91,I,,,,
MTQ,Martinique,2000,40.0,E,,,,
MTQ,Martinique,2001,39.81,I,,,,
MTQ,Martinique,2002,36.68,I,,,,
MTQ,Martinique,2003,35.47,I,,,,
MTQ,Martinique,2004,36.57,I,,,,
MTQ,Martinique,2005,32.75,I,,,,
MTQ,Martinique,2006,30.35,I,,,,
MUS,Mauritius,1987,40.0,A,,,,
MUS,Mauritius,1988,40.0,A,,,,
MUS,Mauritius,1989,50.0,A,,,,
MEX,Mexico,1961,126616.0,A,,,,
MEX,Mexico,1962,139794.0,A,,,,
MEX,Mexico,1963,137069.0,A,,,,
MEX,Mexico,1964,156477.0,A,,,,
MEX,Mexico,1965,162149.0,A,,,,
MEX,Mexico,1966,183005.0,A,,,,
MEX,Mexico,1967,224505.0,A,,,,
MEX,Mexico,1968,212656.0,A,,,,
MEX,Mexico,1969,172734.0,A,,,,
MEX,Mexico,1970,185293.0,A,,,,
MEX,Mexico,1971,187495.0,A,,,,
MEX,Mexico,1972,203462.0,A,,,,
MEX,Mexico,1973,221718.0,A,,,,
MEX,Mexico,1974,220767.0,A,,,,
MEX,Mexico,1975,228264.0,A,,,,
MEX,Mexico,1976,212200.0,A,,,,
MEX,Mexico,1977,182010.0,A,,,,
MEX,Mexico,1978,241602.0,A,,,,
MEX,Mexico,1979,220191.0,A,,,,
MEX,Mexico,1980,220040.0,A,,,,
MEX,Mexico,1981,262904.0,A,,,,
MEX,Mexico,1982,251768.0,A,,,,
MEX,Mexico,1983,307948.0,A,,,,
MEX,Mexico,1984,239870.0,A,,,,
MEX,Mexico,1985,260197.0,A,,,,
MEX,Mexico,1986,374828.0,A,,,,
MEX,Mexico,1987,336180.0,X,,,,
MEX,Mexico,1988,423000.0,A,,,,
MEX,Mexico,1989,343440.0,A,,,,
MEX,Mexico,1990,440000.0,A,,,,
MEX,Mexico,1991,334330.0,A,,,,
MEX,Mexico,1992,359665.0,A,,,,
MEX,Mexico,1993,335627.0,A,,,,
MEX,Mexico,1994,324500.0,A,,,,
MEX,Mexico,1995,324526.0,A,737908.76,206346.668,5904.733,1763.4440000000002
MEX,Mexico,1996,374153.0,A,691450.0939999999,271237.762,2832.748,1183.141
MEX,Mexico,1997,368315.0,A,896906.296,249400.032,26767.923000000003,13231.207
MEX,Mexico,1998,277372.0,A,659924.566,199258.499,11816.865,5731.045
MEX,Mexico,1999,302119.0,A,560627.661,240914.00800000003,12527.232,7594.954000000001
MEX,Mexico,2000,338170.0,A,586440.073,291835.86,4965.385,4579.506
MEX,Mexico,2001,302996.0,A,240649.4,150102.084,11130.211,18010.215
MEX,Mexico,2002,313027.0,A,223287.677,151263.733,7163.328,11815.084
MEX,Mexico,2003,310861.0,A,206105.04,131167.582,12412.338,14995.788
MEX,Mexico,2004,312413.0,A,224856.209,128652.166,12190.598,13622.517000000002
MEX,Mexico,2005,294364.0,A,240253.415,120132.134,18810.056,16575.545000000002
MEX,Mexico,2006,279635.0,A,289408.193,117339.749,18985.554,14029.531
MEX,Mexico,2007,268565.0,A,354778.336,134390.032,32062.166,15824.874
MEX,Mexico,2008,260442.0,A,366636.773,124073.326,61629.556,24556.135
MEX,Mexico,2009,264472.0,A,383358.628,131818.212,37701.874,21223.831
MEX,Mexico,2010,245271.0,A,386103.205,107124.979,64807.701,24885.72
MEX,Mexico,2011,237056.0,A,680136.3589999999,117483.813,121000.819,37602.813
MEX,Mexico,2012,246121.0,A,668933.879,153509.039,58072.318,23593.63
MEX,Mexico,2013,231596.0,A,497695.9410000001,145945.644,47427.759,22675.127
MEX,Mexico,2014,214667.0,A,414223.311,103617.741,178313.956,76468.225
MEX,Mexico,2015,188934.0,A,347647.18100000004,92354.669,166104.841,69229.794
MEX,Mexico,2016,151714.0,A,283829.348,81268.122,162910.965,76745.204
MEX,Mexico,2017,153777.4,A,338286.909,97116.259,136497.782,64698.799
MEX,Mexico,2018,158307.99,A,357210.199,109477.087,70314.786,38053.449
MEX,Mexico,2019,165712.27,A,328530.662,108623.564,119106.588,76810.887
MEX,Mexico,2020,175554.62,A,359549.146,116820.22,101182.812,69958.626
MEX,Mexico,2021,174341.4,A,434158.538,110229.565,117778.577,68356.177
MEX,Mexico,2022,188710.0,E,678002.219,125663.338,97813.198,35232.377
MEX,Mexico,2023,194940.0,E,509726.797,99484.05,145856.053,53174.2
MEX,Mexico,2024,194470.0,E,515067.663,99452.785,331571.727,88406.679
MOZ,Mozambique,1961,1000.0,E,,,,
MOZ,Mozambique,1962,1000.0,E,,,,
MOZ,Mozambique,1963,1000.0,E,,,,
MOZ,Mozambique,1964,1000.0,E,,,,
MOZ,Mozambique,1965,1000.0,E,,,,
MOZ,Mozambique,1966,1000.0,E,,,,
MOZ,Mozambique,1967,1000.0,E,,,,
MOZ,Mozambique,1968,1000.0,E,,,,
MOZ,Mozambique,1969,1000.0,E,,,,
MOZ,Mozambique,1970,1000.0,E,,,,
MOZ,Mozambique,1971,1000.0,E,,,,
MOZ,Mozambique,1972,1000.0,E,,,,
MOZ,Mozambique,1973,1000.0,E,,,,
MOZ,Mozambique,1974,1000.0,E,,,,
MOZ,Mozambique,1975,1000.0,E,,,,
MOZ,Mozambique,1976,1000.0,E,,,,
MOZ,Mozambique,1977,1000.0,E,,,,
MOZ,Mozambique,1978,1000.0,E,,,,
MOZ,Mozambique,1979,1000.0,E,,,,
MOZ,Mozambique,1980,1000.0,E,,,,
MOZ,Mozambique,1981,1000.0,E,,,,
MOZ,Mozambique,1982,1000.0,E,,,,
MOZ,Mozambique,1983,1000.0,E,,,,
MOZ,Mozambique,1984,1000.0,E,,,,
MOZ,Mozambique,1985,1000.0,E,,,,
MOZ,Mozambique,1986,1000.0,E,,,,
MOZ,Mozambique,1987,1000.0,E,,,,
MOZ,Mozambique,1988,1000.0,E,,,,
MOZ,Mozambique,1989,1000.0,E,,,,
MOZ,Mozambique,1990,937.0,E,,,,
MOZ,Mozambique,1991,900.0,E,,,,
MOZ,Mozambique,1992,700.0,E,,,,
MOZ,Mozambique,1993,1000.0,E,,,,
MOZ,Mozambique,1994,800.0,E,,,,
MOZ,Mozambique,1995,900.0,E,214.889,102.0,1495.006,411.812
MOZ,Mozambique,1996,950.0,E,29.337,18.0,10.343,1.75
MOZ,Mozambique,1997,1000.0,E,352.614,126.0,10.734,1.875
MOZ,Mozambique,1998,838.0,I,252.529,38.0,9.092,1.437
MOZ,Mozambique,1999,812.89,I,,,81.61099999999999,54.394
MOZ,Mozambique,2000,600.0,E,,,2745.5370000000003,1839.421
MOZ,Mozambique,2001,782.41,I,,,1110.509,773.956
MOZ,Mozambique,2002,786.66,I,,,153.937,47.589
MOZ,Mozambique,2003,801.53,I,35.133,18.7,42.541,52.727
MOZ,Mozambique,2004,750.0,E,74.636,38.4,517.718,588.8760000000001
MOZ,Mozambique,2005,680.0,E,,,17.36,6.776
MOZ,Mozambique,2006,700.0,E,1.71,1.168,59.946,26.324
MOZ,Mozambique,2007,720.0,E,,,239.229,93.423
MOZ,Mozambique,2008,730.0,E,4.544,2.7,120.892,45.538
MOZ,Mozambique,2009,740.0,E,,,173.901,38.352
MOZ,Mozambique,2010,770.0,E,187.417,60.73,39.446,31.157
MOZ,Mozambique,2011,800.0,E,0.256,0.25,349.348,77.285
MOZ,Mozambique,2012,900.0,E,29.167,1.146,410.593,94.176
MOZ,Mozambique,2013,900.0,E,130.22899999999998,50.137,503.749,94.786
MOZ,Mozambique,2014,816.94,I,176.482,73.35400000000001,249.993,79.908
MOZ,Mozambique,2015,804.44,I,164.98,38.477,149.303,33.726
MOZ,Mozambique,2016,840.46,E,6.874,0.383,244.942,74.503
MOZ,Mozambique,2017,806.23,I,11.308,0.441,686.6550000000001,176.06199999999998
MOZ,Mozambique,2018,798.24,I,15.785,1.7320000000000002,553.803,175.89399999999998
MOZ,Mozambique,2019,789.95,I,10.057,0.498,516.144,119.292
MOZ,Mozambique,2020,791.95,I,56.510000000000005,14.15,606.98,89.78399999999999
MOZ,Mozambique,2021,797.11,I,43.488,7.396,293.257,67.648
MOZ,Mozambique,2022,802.61,I,61.95399999999999,10.045,574.91,184.717
MOZ,Mozambique,2023,803.15,I,212.621,33.414,269.036,73.606
MOZ,Mozambique,2024,803.7,I,50.532,7.4,715.95,225.933
MMR,Myanmar,1961,200.0,X,,,,
MMR,Myanmar,1962,949.0,A,,,,
MMR,Myanmar,1963,1688.0,A,,,,
MMR,Myanmar,1964,1162.0,A,,,,
MMR,Myanmar,1965,1534.0,A,,,,
MMR,Myanmar,1966,1292.0,A,,,,
MMR,Myanmar,1967,1506.0,A,,,,
MMR,Myanmar,1968,1406.0,A,,,,
MMR,Myanmar,1969,1210.0,A,,,,
MMR,Myanmar,1970,1016.0,A,,,,
MMR,Myanmar,1971,917.0,A,,,,
MMR,Myanmar,1972,957.0,A,,,,
MMR,Myanmar,1973,1026.0,A,,,,
MMR,Myanmar,1974,956.0,A,,,,
MMR,Myanmar,1975,1024.0,A,,,,
MMR,Myanmar,1976,923.0,A,,,,
MMR,Myanmar,1977,940.0,A,,,,
MMR,Myanmar,1978,1079.0,A,,,,
MMR,Myanmar,1979,1017.0,A,,,,
MMR,Myanmar,1980,1114.0,A,,,,
MMR,Myanmar,1981,1044.0,A,,,,
MMR,Myanmar,1982,1167.0,A,,,,
MMR,Myanmar,1983,1195.0,A,,,,
MMR,Myanmar,1984,1217.0,A,,,,
MMR,Myanmar,1985,1253.0,A,,,,
MMR,Myanmar,1986,1414.0,A,,,,
MMR,Myanmar,1987,1488.0,A,,,,
MMR,Myanmar,1988,1501.0,A,,,,
MMR,Myanmar,1989,1571.0,A,,,,
MMR,Myanmar,1990,1378.0,A,,,,
MMR,Myanmar,1991,1300.0,A,,,,
MMR,Myanmar,1992,1200.0,A,,,,
MMR,Myanmar,1993,1400.0,A,,,,
MMR,Myanmar,1994,1500.0,A,,,,
MMR,Myanmar,1995,1500.0,A,109.375,86.546,3.084,0.164
MMR,Myanmar,1996,1700.0,A,58.903,36.0,,
MMR,Myanmar,1997,1900.0,A,360.686,356.33500000000004,,
MMR,Myanmar,1998,1700.0,A,946.015,895.952,,
MMR,Myanmar,1999,1800.0,A,181.816,94.901,43.699,66.601
MMR,Myanmar,2000,2100.0,A,279.422,230.967,52.614,53.35
MMR,Myanmar,2001,2300.0,A,147.895,192.581,93.813,79.056
MMR,Myanmar,2002,2700.0,A,103.714,160.33599999999998,121.504,128.01
MMR,Myanmar,2003,2960.0,A,144.622,212.402,41.656,0.0
MMR,Myanmar,2004,3500.0,A,239.038,326.46,4.168,1.5
MMR,Myanmar,2005,4000.0,A,6.855,3.302,275.414,236.244
MMR,Myanmar,2006,4800.0,A,4.124,1.5699999999999998,15.794,12.792
MMR,Myanmar,2007,5900.0,A,110.118,58.7,148.676,37.466
MMR,Myanmar,2008,6300.0,A,88.791,43.099,196.746,45.668
MMR,Myanmar,2009,7000.0,A,11.719,16.003,278.076,66.38600000000001
MMR,Myanmar,2010,7300.0,A,54.701,59.608,357.005,66.174
MMR,Myanmar,2011,7600.0,A,582.452,181.867,186.158,37.776
MMR,Myanmar,2012,8000.0,A,138.13899999999998,56.293000000000006,59.363,5.16
MMR,Myanmar,2013,8100.0,A,628.114,170.291,137.381,9.311
MMR,Myanmar,2014,8400.0,A,2384.418,1437.349,105.736,18.255
MMR,Myanmar,2015,8300.0,A,2356.084,1386.1029999999998,732.1579999999999,321.37
MMR,Myanmar,2016,8474.0,A,1520.626,493.821,929.328,352.219
MMR,Myanmar,2017,8547.0,A,3147.724,893.884,411.761,149.02
MMR,Myanmar,2018,8677.84,A,2658.706,650.453,415.126,120.262
MMR,Myanmar,2019,8769.0,A,3093.855,1016.53,748.2909999999999,309.261
MMR,Myanmar,2020,8908.0,A,2025.097,349.669,398.66,164.794
MMR,Myanmar,2021,8908.0,A,2124.493,756.6690000000001,152.096,67.376
MMR,Myanmar,2022,8557.0,A,4588.051,1300.673,271.365,72.325
MMR,Myanmar,2023,8481.74,I,10930.226,1299.002,277.398,76.462
MMR,Myanmar,2024,8903.66,I,3888.212,751.885,3.568,0.033
NPL,Nepal,1995,25.0,E,42.242,10.687,96.635,36.558
NPL,Nepal,1996,29.0,A,23.11,68.75,29.535,18.71
NPL,Nepal,1997,37.0,A,,,,
NPL,Nepal,1998,56.0,A,37.899,5.875,225.53500000000005,26.347
NPL,Nepal,1999,45.0,A,118.332,44.101,29.399,1.264
NPL,Nepal,2000,72.0,A,54.532,9.998,521.048,19.871
NPL,Nepal,2001,89.0,A,23.849,3.899,0.333,0.4
NPL,Nepal,2002,139.0,A,83.62,12.109,0.093,0.003
NPL,Nepal,2003,188.0,A,249.301,25.114,304.746,186.586
NPL,Nepal,2004,218.0,A,169.945,37.998000000000005,83.012,65.438
NPL,Nepal,2005,250.0,A,426.46,111.278,105.504,77.392
NPL,Nepal,2006,300.0,A,528.851,97.798,17.08,6.382
NPL,Nepal,2007,460.0,A,577.364,79.178,142.297,71.7
NPL,Nepal,2008,500.0,A,466.281,59.157,105.794,60.28
NPL,Nepal,2009,268.0,A,1796.4640000000002,536.6690000000001,21.623,11.408
NPL,Nepal,2010,307.0,A,468.123,79.53,104.01300000000002,28.09
NPL,Nepal,2011,402.0,A,1304.206,243.916,13.955,18.808
NPL,Nepal,2012,425.0,A,628.095,80.938,8.064,1.948
NPL,Nepal,2013,366.0,A,641.6700000000001,87.18900000000001,169.866,97.016
NPL,Nepal,2014,430.0,A,563.184,60.992,140.547,59.65
NPL,Nepal,2015,463.58,A,1386.301,153.507,276.771,96.005
NPL,Nepal,2016,532.0,A,825.5,90.021,286.772,113.475
NPL,Nepal,2017,466.0,A,921.862,84.555,281.083,89.214
NPL,Nepal,2018,513.0,A,1206.098,120.157,449.057,142.592
NPL,Nepal,2019,530.0,A,965.198,77.584,686.04,263.66
NPL,Nepal,2020,297.0,A,621.052,58.692,455.94,139.15900000000002
NPL,Nepal,2021,315.0,A,927.603,68.375,714.61,216.635
NPL,Nepal,2022,355.0,A,980.016,79.166,775.8439999999999,265.25
NPL,Nepal,2023,394.4,A,1031.099,80.207,1350.436,392.84
NPL,Nepal,2024,501.3,A,1254.2240000000002,100.804,1121.705,240.55
NCL,New Caledonia,1961,2250.0,A,,,,
NCL,New Caledonia,1962,2125.0,A,,,,
NCL,New Caledonia,1963,2250.0,A,,,,
NCL,New Caledonia,1964,2437.0,A,,,,
NCL,New Caledonia,1965,2200.0,A,,,,
NCL,New Caledonia,1966,1770.0,A,,,,
NCL,New Caledonia,1967,1537.0,A,,,,
NCL,New Caledonia,1968,870.0,A,,,,
NCL,New Caledonia,1969,1620.0,A,,,,
NCL,New Caledonia,1970,780.0,A,,,,
NCL,New Caledonia,1971,1000.0,A,,,,
NCL,New Caledonia,1972,1100.0,A,,,,
NCL,New Caledonia,1973,1500.0,A,,,,
NCL,New Caledonia,1974,727.0,A,,,,
NCL,New Caledonia,1975,1500.0,A,,,,
NCL,New Caledonia,1976,1500.0,A,,,,
NCL,New Caledonia,1977,538.0,A,,,,
NCL,New Caledonia,1978,507.0,A,,,,
NCL,New Caledonia,1979,664.0,A,,,,
NCL,New Caledonia,1980,659.0,A,,,,
NCL,New Caledonia,1981,597.0,A,,,,
NCL,New Caledonia,1982,347.0,A,,,,
NCL,New Caledonia,1983,377.0,A,,,,
NCL,New Caledonia,1984,304.0,A,,,,
NCL,New Caledonia,1985,552.0,A,,,,
NCL,New Caledonia,1986,472.0,A,,,,
NCL,New Caledonia,1987,438.0,A,,,,
NCL,New Caledonia,1988,107.0,A,,,,
NCL,New Caledonia,1989,273.0,A,,,,
NCL,New Caledonia,1990,300.0,A,,,,
NCL,New Caledonia,1991,69.0,A,,,,
NCL,New Caledonia,1992,78.0,A,,,,
NCL,New Caledonia,1993,59.0,A,,,,
NCL,New Caledonia,1994,44.0,A,,,,
NCL,New Caledonia,1995,29.0,A,,,10.361,1.5
NCL,New Caledonia,1996,25.0,A,1.071,0.398,156.741,20.636
NCL,New Caledonia,1997,42.0,A,,,51.607,5.949
NCL,New Caledonia,1998,35.0,A,,,533.076,216.948
NCL,New Caledonia,1999,48.0,A,56.355,44.5,1832.733,583.62
NCL,New Caledonia,2000,18.0,A,3.201,0.4019999999999999,1188.31,485.173
NCL,New Caledonia,2001,56.0,A,43.05,30.701,853.2529999999999,476.548
NCL,New Caledonia,2002,20.0,A,25.325,18.724,623.803,400.363
NCL,New Caledonia,2003,18.0,A,40.19,19.167,438.547,262.22900000000004
NCL,New Caledonia,2004,60.0,A,342.44,123.249,1023.334,475.256
NCL,New Caledonia,2005,25.0,A,276.46000000000004,95.91,826.8460000000001,309.591
NCL,New Caledonia,2006,25.0,A,507.598,153.797,996.789,475.006
NCL,New Caledonia,2007,21.0,A,535.8340000000001,175.67000000000002,904.428,278.84000000000003
NCL,New Caledonia,2008,33.0,A,112.689,40.45,805.9540000000001,210.636
NCL,New Caledonia,2009,9.0,A,155.972,39.753,1275.116,338.673
NCL,New Caledonia,2010,13.0,A,72.356,3.604,936.641,273.298
NCL,New Caledonia,2011,19.0,A,107.904,20.132,964.269,206.759
NCL,New Caledonia,2012,6.0,A,322.576,63.372,1450.696,331.35900000000004
NCL,New Caledonia,2013,7.0,A,7.903,0.1159999999999999,1311.201,354.374
NCL,New Caledonia,2014,5.0,A,70.163,18.95,1550.169,358.03000000000003
NCL,New Caledonia,2015,6.39,A,127.039,5.632,991.016,227.216
NCL,New Caledonia,2016,3.55,A,10.366,0.037,201.825,43.646
NCL,New Caledonia,2017,5.2,A,6.92,0.4509999999999999,499.548,103.851
NCL,New Caledonia,2018,2.6,A,17.54,1.923,541.5120000000001,179.357
NCL,New Caledonia,2019,2.0,A,89.60300000000001,20.009,1075.826,272.741
NCL,New Caledonia,2020,1.94,A,182.363,53.567,1023.995,233.774
NCL,New Caledonia,2021,1.92,A,73.367,24.318,1324.68,259.137
NCL,New Caledonia,2022,1.54,I,292.46700000000004,37.968,1204.066,166.446
NCL,New Caledonia,2023,1.18,I,91.72,18.975,1535.8780000000002,276.875
NCL,New Caledonia,2024,1.01,I,3.682,0.454,971.979,93.563
NIC,Nicaragua,1961,23200.0,A,,,,
NIC,Nicaragua,1962,29800.0,A,,,,
NIC,Nicaragua,1963,26200.0,A,,,,
NIC,Nicaragua,1964,40200.0,A,,,,
NIC,Nicaragua,1965,31500.0,A,,,,
NIC,Nicaragua,1966,24921.0,A,,,,
NIC,Nicaragua,1967,33233.0,A,,,,
NIC,Nicaragua,1968,30246.0,A,,,,
NIC,Nicaragua,1969,33904.0,A,,,,
NIC,Nicaragua,1970,39418.0,A,,,,
NIC,Nicaragua,1971,42013.0,A,,,,
NIC,Nicaragua,1972,35073.0,A,,,,
NIC,Nicaragua,1973,36694.0,A,,,,
NIC,Nicaragua,1974,40972.0,A,,,,
NIC,Nicaragua,1975,49137.0,A,,,,
NIC,Nicaragua,1976,56580.0,A,,,,
NIC,Nicaragua,1977,55200.0,A,,,,
NIC,Nicaragua,1978,65092.0,A,,,,
NIC,Nicaragua,1979,56304.0,A,,,,
NIC,Nicaragua,1980,59107.0,A,,,,
NIC,Nicaragua,1981,61087.0,A,,,,
NIC,Nicaragua,1982,72145.0,A,,,,
NIC,Nicaragua,1983,49205.0,A,,,,
NIC,Nicaragua,1984,51290.0,A,,,,
NIC,Nicaragua,1985,35360.0,A,,,,
NIC,Nicaragua,1986,43332.0,A,,,,
NIC,Nicaragua,1987,38626.0,A,,,,
NIC,Nicaragua,1988,43447.0,A,,,,
NIC,Nicaragua,1989,45167.0,A,,,,
NIC,Nicaragua,1990,27996.0,A,,,,
NIC,Nicaragua,1991,47421.0,A,,,,
NIC,Nicaragua,1992,44505.0,A,,,,
NIC,Nicaragua,1993,41818.0,A,,,,
NIC,Nicaragua,1994,40551.0,A,,,,
NIC,Nicaragua,1995,54587.0,A,130865.188,38984.737,40.059,19.589
NIC,Nicaragua,1996,49900.0,A,136185.851,54821.839,492.388,282.386
NIC,Nicaragua,1997,65169.0,A,130974.132,41653.0,1256.3160000000005,553.485
NIC,Nicaragua,1998,65420.0,A,186733.1,65817.942,6786.712,2415.054
NIC,Nicaragua,1999,91791.0,A,146399.993,60491.199,3844.032,3313.795
NIC,Nicaragua,2000,82206.0,A,173434.912,84709.99799999999,3768.924,3077.901
NIC,Nicaragua,2001,66799.0,A,114455.085,80978.737,2629.405,1821.091
NIC,Nicaragua,2002,60235.0,A,82193.095,58278.947,1341.72,2948.162
NIC,Nicaragua,2003,82727.0,A,95041.664,62053.707,2685.69,5417.715
NIC,Nicaragua,2004,57533.0,A,133276.054,81880.196,165.247,163.452
NIC,Nicaragua,2005,95455.0,A,137761.718,60168.81,2900.833,3436.2630000000004
NIC,Nicaragua,2006,70455.0,A,219728.844,87071.754,3305.429,3209.831
NIC,Nicaragua,2007,100000.0,A,214892.474,76913.538,3130.38,2884.6
NIC,Nicaragua,2008,75957.0,A,296663.555,97107.593,1634.465,859.486
NIC,Nicaragua,2009,92204.55,A,258378.783,84007.117,3207.6290000000004,2794.069
NIC,Nicaragua,2010,78712.27,A,369582.425,106163.123,2525.477,1929.382
NIC,Nicaragua,2011,103881.73,A,492497.649,91644.378,5657.878,2480.991
NIC,Nicaragua,2012,86943.73,A,573391.941,121816.211,5515.714,2476.645
NIC,Nicaragua,2013,84146.33,A,359317.89099999995,99937.099,1727.575,907.767
NIC,Nicaragua,2014,86089.58,A,436994.642,114969.539,1521.577,688.692
NIC,Nicaragua,2015,95254.51,A,421654.203,106288.076,1412.254,723.114
NIC,Nicaragua,2016,122470.09,A,421251.189,118782.786,2834.442,1756.058
NIC,Nicaragua,2017,128111.06,A,518836.606,147728.124,721.0409999999999,461.49
NIC,Nicaragua,2018,141931.0,A,449996.685,141078.062,1.922,0.175
NIC,Nicaragua,2019,156902.0,A,492186.727,174436.508,0.044,0.011
NIC,Nicaragua,2020,154409.87,A,476177.467,152532.14,131.44799999999998,37.596
NIC,Nicaragua,2021,165558.38,A,568215.652,161550.787,216.204,50.925
NIC,Nicaragua,2022,170180.53,A,782700.8910000001,166270.94499999998,358.375,75.154
NIC,Nicaragua,2023,143336.66,A,694399.285,146438.383,322.35799999999995,98.541
NGA,Nigeria,1961,1100.0,E,,,,
NGA,Nigeria,1962,2000.0,E,,,,
NGA,Nigeria,1963,2000.0,E,,,,
NGA,Nigeria,1964,3000.0,E,,,,
NGA,Nigeria,1965,3000.0,E,,,,
NGA,Nigeria,1966,4000.0,E,,,,
NGA,Nigeria,1967,1712.0,E,,,,
NGA,Nigeria,1968,2360.0,E,,,,
NGA,Nigeria,1969,4776.0,E,,,,
NGA,Nigeria,1970,2826.0,X,,,,
NGA,Nigeria,1971,3600.0,A,,,,
NGA,Nigeria,1972,4171.0,X,,,,
NGA,Nigeria,1973,2300.0,A,,,,
NGA,Nigeria,1974,2400.0,A,,,,
NGA,Nigeria,1975,3000.0,A,,,,
NGA,Nigeria,1976,3000.0,A,,,,
NGA,Nigeria,1977,3100.0,A,,,,
NGA,Nigeria,1978,3100.0,A,,,,
NGA,Nigeria,1979,3200.0,A,,,,
NGA,Nigeria,1980,3500.0,A,,,,
NGA,Nigeria,1981,3000.0,A,,,,
NGA,Nigeria,1982,3000.0,A,,,,
NGA,Nigeria,1983,3000.0,A,,,,
NGA,Nigeria,1984,4000.0,A,,,,
NGA,Nigeria,1985,6000.0,A,,,,
NGA,Nigeria,1986,1200.0,X,,,,
NGA,Nigeria,1987,1500.0,X,,,,
NGA,Nigeria,1988,1570.0,A,,,,
NGA,Nigeria,1989,2570.0,A,,,,
NGA,Nigeria,1990,3030.0,A,,,,
NGA,Nigeria,1991,3200.0,A,,,,
NGA,Nigeria,1992,3380.0,A,,,,
NGA,Nigeria,1993,3580.0,A,,,,
NGA,Nigeria,1994,3720.0,A,,,,
NGA,Nigeria,1995,3090.0,A,2135.037,850.515,11.869,2.5620000000000003
NGA,Nigeria,1996,3780.0,A,2071.155,1192.722,657.365,314.877
NGA,Nigeria,1997,3700.0,A,2012.6600000000003,878.062,65.31700000000001,77.99
NGA,Nigeria,1998,3700.0,A,1208.923,604.298,194.204,55.606
NGA,Nigeria,1999,3750.0,A,880.512,537.297,444.903,104.99
NGA,Nigeria,2000,3830.0,A,444.206,402.0,109.253,146.045
NGA,Nigeria,2001,3850.0,A,506.224,491.594,240.598,348.688
NGA,Nigeria,2002,4100.0,A,340.353,315.47,372.557,682.136
NGA,Nigeria,2003,4360.0,A,811.882,527.687,1536.363,272.02
NGA,Nigeria,2004,4660.0,A,285.006,254.846,95.265,20.941
NGA,Nigeria,2005,4990.0,A,751.311,436.336,236.556,102.01
NGA,Nigeria,2006,5340.0,A,3145.1620000000003,1762.365,90.737,35.64
NGA,Nigeria,2007,2520.0,X,2392.472,1034.285,1268.66,552.421
NGA,Nigeria,2008,3000.0,X,288.155,112.573,350.128,88.42699999999999
NGA,Nigeria,2009,2040.0,X,141.235,38.835,43.003,4.969
NGA,Nigeria,2010,2400.0,X,581.095,179.482,92.0,7.747
NGA,Nigeria,2011,2524.57,I,797.0129999999999,114.128,92.548,190.132
NGA,Nigeria,2012,2416.92,I,1197.174,393.977,240.063,124.574
NGA,Nigeria,2013,2100.0,X,151.426,116.139,344.78,317.732
NGA,Nigeria,2014,1972.17,I,266.462,85.262,416.9,117.663
NGA,Nigeria,2015,1754.52,I,398.713,142.95499999999998,1300.216,321.245
NGA,Nigeria,2016,1942.23,E,392.7720000000001,76.457,1813.875,516.842
NGA,Nigeria,2017,1889.64,E,468.745,153.02700000000002,1048.661,300.247
NGA,Nigeria,2018,1862.13,E,54.398,23.419,530.171,1272.697
NGA,Nigeria,2019,1852.02,I,179.421,112.63,465.866,585.129
NGA,Nigeria,2020,1806.08,I,1727.863,991.846,1017.36,596.865
NGA,Nigeria,2021,1798.95,I,238.756,155.357,1628.675,489.258
NGA,Nigeria,2022,1819.02,E,41.706,9.127,1165.335,450.044
NGA,Nigeria,2023,1808.01,E,103.699,74.539,5395.243,2675.816
NGA,Nigeria,2024,1808.66,E,134.273,25.235,2011.845,809.497
PAN,Panama,1961,5000.0,A,,,,
PAN,Panama,1962,4400.0,A,,,,
PAN,Panama,1963,4500.0,A,,,,
PAN,Panama,1964,4300.0,A,,,,
PAN,Panama,1965,4300.0,A,,,,
PAN,Panama,1966,5000.0,A,,,,
PAN,Panama,1967,5166.0,A,,,,
PAN,Panama,1968,4500.0,A,,,,
PAN,Panama,1969,5139.0,A,,,,
PAN,Panama,1970,4436.0,A,,,,
PAN,Panama,1971,5307.0,A,,,,
PAN,Panama,1972,4944.0,A,,,,
PAN,Panama,1973,4318.0,A,,,,
PAN,Panama,1974,4504.0,A,,,,
PAN,Panama,1975,4801.0,A,,,,
PAN,Panama,1976,4677.0,A,,,,
PAN,Panama,1977,5516.0,A,,,,
PAN,Panama,1978,6146.0,A,,,,
PAN,Panama,1979,6100.0,A,,,,
PAN,Panama,1980,7272.0,A,,,,
PAN,Panama,1981,7062.0,A,,,,
PAN,Panama,1982,8142.0,A,,,,
PAN,Panama,1983,8854.0,A,,,,
PAN,Panama,1984,10750.0,A,,,,
PAN,Panama,1985,9390.0,A,,,,
PAN,Panama,1986,10596.0,A,,,,
PAN,Panama,1987,10160.0,A,,,,
PAN,Panama,1988,10274.0,A,,,,
PAN,Panama,1989,9757.0,A,,,,
PAN,Panama,1990,11547.0,A,,,,
PAN,Panama,1991,12174.0,A,,,,
PAN,Panama,1992,10945.0,A,,,,
PAN,Panama,1993,9766.0,A,,,,
PAN,Panama,1994,10400.0,A,,,,
PAN,Panama,1995,11702.0,A,44405.202000000005,12508.087,258.705,143.877
PAN,Panama,1996,11113.0,A,26484.404,9928.675,2160.665,1039.937
PAN,Panama,1997,10527.0,A,29997.613,8614.333999999999,3370.808,1470.523
PAN,Panama,1998,11435.0,A,32587.587,9771.274,2061.609,1118.097
PAN,Panama,1999,12024.0,A,26439.047,10337.519,2474.282,1079.427
PAN,Panama,2000,10255.0,A,18808.329,9383.979,233.767,272.414
PAN,Panama,2001,15074.0,A,13720.094,8752.073,1743.5189999999998,1498.593
PAN,Panama,2002,11390.0,A,11778.236,8080.361000000001,1709.375,1623.712
PAN,Panama,2003,11586.5,A,16044.491999999998,10844.704000000002,4881.559,3767.247
PAN,Panama,2004,12778.8,A,13971.085,8624.057,10299.754,6474.658
PAN,Panama,2005,13153.0,A,16953.496000000003,6344.201,4201.983,2024.472
PAN,Panama,2006,12844.0,A,17673.206,6409.348,4944.464999999999,2233.216
PAN,Panama,2007,13790.0,A,20204.7,6560.822,4969.628,1966.065
PAN,Panama,2008,13324.0,A,22571.473,7781.853999999999,995.066,189.925
PAN,Panama,2009,12961.0,A,13627.691,3635.991,155.081,43.482
PAN,Panama,2010,12470.0,A,15300.65,3650.775,116.731,82.21199999999999
PAN,Panama,2011,9826.0,A,14580.094,2918.855,1575.2140000000002,498.85
PAN,Panama,2012,10049.0,A,17851.221999999998,2824.992,3289.43,1279.517
PAN,Panama,2013,7096.0,A,15221.575,2709.873,3268.3160000000003,1215.169
PAN,Panama,2014,6688.0,A,19172.18,3065.265,2875.437,1261.086
PAN,Panama,2015,7464.0,A,18335.791,2456.882,6567.147,2499.193
PAN,Panama,2016,6135.0,A,16141.237,3212.8590000000004,5552.55,2141.52
PAN,Panama,2017,6588.0,A,17541.0,2555.686,7008.924999999999,2976.981
PAN,Panama,2018,5579.0,A,14545.448,1685.329,4632.988,2274.571
PAN,Panama,2019,8371.0,A,20152.319,2447.058,5111.18,2163.598
PAN,Panama,2020,6254.0,A,20526.259,2386.0420000000004,4902.919000000001,2106.728
PAN,Panama,2021,6020.0,A,22726.514,1549.792,7037.459,2311.108
PAN,Panama,2022,6189.06,I,23596.61,1573.762,18743.98,4650.278
PAN,Panama,2023,6445.13,I,27352.362,1798.33,17271.015,5232.531
PAN,Panama,2024,6318.02,I,26368.376,1641.643,17914.046,3863.216
PNG,Papua New Guinea,1961,2520.0,X,,,,
PNG,Papua New Guinea,1962,4140.0,X,,,,
PNG,Papua New Guinea,1963,5280.0,X,,,,
PNG,Papua New Guinea,1964,7500.0,X,,,,
PNG,Papua New Guinea,1965,9240.0,X,,,,
PNG,Papua New Guinea,1966,11700.0,X,,,,
PNG,Papua New Guinea,1967,15720.0,X,,,,
PNG,Papua New Guinea,1968,14570.0,A,,,,
PNG,Papua New Guinea,1969,21478.0,A,,,,
PNG,Papua New Guinea,1970,27495.0,A,,,,
PNG,Papua New Guinea,1971,26967.0,A,,,,
PNG,Papua New Guinea,1972,29015.0,A,,,,
PNG,Papua New Guinea,1973,34798.0,A,,,,
PNG,Papua New Guinea,1974,34084.0,A,,,,
PNG,Papua New Guinea,1975,36945.0,A,,,,
PNG,Papua New Guinea,1976,39466.0,A,,,,
PNG,Papua New Guinea,1977,38224.0,A,,,,
PNG,Papua New Guinea,1978,45945.0,A,,,,
PNG,Papua New Guinea,1979,49532.0,A,,,,
PNG,Papua New Guinea,1980,54762.0,A,,,,
PNG,Papua New Guinea,1981,49837.0,A,,,,
PNG,Papua New Guinea,1982,41108.0,A,,,,
PNG,Papua New Guinea,1983,55894.0,A,,,,
PNG,Papua New Guinea,1984,43675.0,A,,,,
PNG,Papua New Guinea,1985,56206.0,A,,,,
PNG,Papua New Guinea,1986,44310.0,A,,,,
PNG,Papua New Guinea,1987,62520.0,X,,,,
PNG,Papua New Guinea,1988,62000.0,X,,,,
PNG,Papua New Guinea,1989,65640.0,A,,,,
PNG,Papua New Guinea,1990,60000.0,A,,,,
PNG,Papua New Guinea,1991,47220.0,A,,,,
PNG,Papua New Guinea,1992,50460.0,A,,,,
PNG,Papua New Guinea,1993,63540.0,A,,,,
PNG,Papua New Guinea,1994,67136.0,A,,,,
PNG,Papua New Guinea,1995,59589.0,A,257602.767,70068.11,31.654,3.75
PNG,Papua New Guinea,1996,65091.0,A,176931.299,67262.746,15.208,1.437
PNG,Papua New Guinea,1997,64524.0,A,240305.884,58546.501,26.818,3.151
PNG,Papua New Guinea,1998,80940.0,A,315961.438,109011.911,14.835,0.954
PNG,Papua New Guinea,1999,83040.0,A,184146.352,83629.94600000001,613.742,149.644
PNG,Papua New Guinea,2000,83000.0,X,156163.64800000002,79613.361,37.307,186.834
PNG,Papua New Guinea,2001,63720.0,A,85385.331,62710.586,145.43699999999998,50.326
PNG,Papua New Guinea,2002,65100.0,A,118981.102,100930.076,73.332,26.406
PNG,Papua New Guinea,2003,69300.0,A,108207.869,84397.94099999999,92.634,17.081
PNG,Papua New Guinea,2004,59820.0,A,98160.423,68448.36600000001,324.116,252.2
PNG,Papua New Guinea,2005,76080.0,A,148546.524,73723.42,,
PNG,Papua New Guinea,2006,48420.0,A,139542.491,58211.125,44.592,19.424
PNG,Papua New Guinea,2007,58080.0,A,136372.171,49963.745,,
PNG,Papua New Guinea,2008,61680.0,A,200525.339,68919.534,272.596,86.15100000000001
PNG,Papua New Guinea,2009,60240.0,A,176380.68300000002,60474.412,0.98,0.643
PNG,Papua New Guinea,2010,52220.0,A,215804.859,60215.593,211.685,66.46600000000001
PNG,Papua New Guinea,2011,84870.0,A,352911.389,66326.31199999999,105.093,40.634
PNG,Papua New Guinea,2012,43620.0,A,278679.68,64929.62,170.746,22.069
PNG,Papua New Guinea,2013,49680.0,A,147639.087,45222.606,269.973,48.623
PNG,Papua New Guinea,2014,56893.36,I,182938.529,47421.869,196.774,26.867
PNG,Papua New Guinea,2015,57982.28,I,150198.673,39565.144,304.874,93.055
PNG,Papua New Guinea,2016,53719.27,I,175114.302,51732.283,482.649,47.429
PNG,Papua New Guinea,2017,46980.0,X,154294.479,44800.534,797.7449999999999,32.324000000000005
PNG,Papua New Guinea,2018,53160.0,X,156570.222,48737.267,537.831,42.811
PNG,Papua New Guinea,2019,45129.0,A,142292.772,47566.04,826.7189999999999,189.08
PNG,Papua New Guinea,2020,40500.0,A,124025.344,38736.212,42.779,9.445
PNG,Papua New Guinea,2021,47880.0,X,165757.802,41068.636,17.787,27.948
PNG,Papua New Guinea,2022,40800.0,X,233363.138,42544.358,21.661,13.705
PNG,Papua New Guinea,2023,58800.0,X,240797.425,53350.514,841.628,158.67699999999996
PNG,Papua New Guinea,2024,50400.0,X,248195.353,53351.042,78.701,5.152
PRY,Paraguay,1961,6000.0,E,,,,
PRY,Paraguay,1962,6180.0,X,,,,
PRY,Paraguay,1963,7140.0,X,,,,
PRY,Paraguay,1964,7200.0,A,,,,
PRY,Paraguay,1965,6018.0,A,,,,
PRY,Paraguay,1966,6510.0,A,,,,
PRY,Paraguay,1967,7110.0,A,,,,
PRY,Paraguay,1968,7340.0,A,,,,
PRY,Paraguay,1969,6090.0,A,,,,
PRY,Paraguay,1970,4310.0,A,,,,
PRY,Paraguay,1971,5810.0,A,,,,
PRY,Paraguay,1972,7660.0,A,,,,
PRY,Paraguay,1973,6930.0,A,,,,
PRY,Paraguay,1974,8480.0,A,,,,
PRY,Paraguay,1975,8340.0,A,,,,
PRY,Paraguay,1976,3910.0,A,,,,
PRY,Paraguay,1977,6000.0,A,,,,
PRY,Paraguay,1978,7200.0,A,,,,
PRY,Paraguay,1979,7560.0,A,,,,
PRY,Paraguay,1980,7800.0,X,,,,
PRY,Paraguay,1981,12856.0,A,,,,
PRY,Paraguay,1982,13865.0,A,,,,
PRY,Paraguay,1983,15031.0,A,,,,
PRY,Paraguay,1984,18359.0,A,,,,
PRY,Paraguay,1985,18134.0,A,,,,
PRY,Paraguay,1986,19070.0,A,,,,
PRY,Paraguay,1987,18276.0,A,,,,
PRY,Paraguay,1988,18335.0,A,,,,
PRY,Paraguay,1989,17605.0,A,,,,
PRY,Paraguay,1990,17576.0,A,,,,
PRY,Paraguay,1991,4519.0,A,,,,
PRY,Paraguay,1992,4850.0,A,,,,
PRY,Paraguay,1993,4950.0,A,,,,
PRY,Paraguay,1994,5002.0,A,,,,
PRY,Paraguay,1995,4008.0,A,1040.925,324.531,2663.016,892.5699999999999
PRY,Paraguay,1996,4024.0,A,913.362,343.303,2346.376,1084.98
PRY,Paraguay,1997,4823.0,A,2128.666,698.403,2899.822,1355.3
PRY,Paraguay,1998,4752.0,A,1344.232,361.288,1540.39,689.751
PRY,Paraguay,1999,4726.0,A,276.697,222.724,1265.415,855.1890000000001
PRY,Paraguay,2000,3586.0,A,423.209,306.289,192.625,152.704
PRY,Paraguay,2001,2751.0,A,38.819,36.0,355.01,509.965
PRY,Paraguay,2002,2434.0,A,,,126.239,235.973
PRY,Paraguay,2003,3085.0,A,100.408,121.8,1177.954,1388.067
PRY,Paraguay,2004,3353.0,A,76.874,59.952,1435.289,1587.525
PRY,Paraguay,2005,2900.0,A,214.931,134.278,1371.785,1469.4
PRY,Paraguay,2006,3040.0,A,110.063,74.46,1402.235,1126.04
PRY,Paraguay,2007,3100.0,E,248.85,123.18099999999998,2365.253,1363.342
PRY,Paraguay,2008,273.0,A,0.08,0.021,1459.799,615.533
PRY,Paraguay,2009,281.0,A,68.14099999999999,24.332,991.329,539.504
PRY,Paraguay,2010,370.0,A,,,1309.43,635.731
PRY,Paraguay,2011,370.0,A,17.296,2.827,1233.6180000000002,450.609
PRY,Paraguay,2012,370.0,A,838.216,184.271,1333.161,450.515
PRY,Paraguay,2013,382.0,A,70.057,19.305,989.453,402.548
PRY,Paraguay,2014,386.0,A,2.134,0.927,1395.021,616.935
PRY,Paraguay,2015,395.0,A,,,773.01,376.08
PRY,Paraguay,2016,395.0,A,,,1551.757,650.1179999999999
PRY,Paraguay,2017,442.0,A,0.214,0.071,2432.114,872.751
PRY,Paraguay,2018,441.0,A,,,1976.73,918.13
PRY,Paraguay,2019,399.0,A,,,1215.607,695.769
PRY,Paraguay,2020,381.0,A,2.956,0.943,1381.332,866.583
PRY,Paraguay,2021,388.0,A,0.6890000000000001,0.096,1519.962,643.567
PRY,Paraguay,2022,394.55,I,1.335,0.142,2379.8,635.275
PRY,Paraguay,2023,361.58,I,5.532,4.7860000000000005,2105.021,658.7850000000001
PRY,Paraguay,2024,363.19,I,4.962,4.76,2554.78,666.8409999999999
PER,Peru,1961,42643.0,A,,,,
PER,Peru,1962,46356.0,A,,,,
PER,Peru,1963,48940.0,A,,,,
PER,Peru,1964,52740.0,A,,,,
PER,Peru,1965,48264.0,A,,,,
PER,Peru,1966,52380.0,A,,,,
PER,Peru,1967,52753.0,A,,,,
PER,Peru,1968,64652.0,A,,,,
PER,Peru,1969,68439.0,A,,,,
PER,Peru,1970,65368.0,A,,,,
PER,Peru,1971,70587.0,A,,,,
PER,Peru,1972,70195.0,A,,,,
PER,Peru,1973,70396.0,A,,,,
PER,Peru,1974,69855.0,A,,,,
PER,Peru,1975,65387.0,A,,,,
PER,Peru,1976,65445.0,A,,,,
PER,Peru,1977,80190.0,A,,,,
PER,Peru,1978,88166.0,A,,,,
PER,Peru,1979,105478.0,A,,,,
PER,Peru,1980,86177.0,A,,,,
PER,Peru,1981,79360.0,A,,,,
PER,Peru,1982,79422.0,A,,,,
PER,Peru,1983,85637.0,A,,,,
PER,Peru,1984,83357.0,A,,,,
PER,Peru,1985,90736.0,A,,,,
PER,Peru,1986,96054.0,A,,,,
PER,Peru,1987,98538.0,A,,,,
PER,Peru,1988,99414.0,A,,,,
PER,Peru,1989,105753.0,A,,,,
PER,Peru,1990,81142.0,A,,,,
PER,Peru,1991,82635.0,A,,,,
PER,Peru,1992,86519.0,A,,,,
PER,Peru,1993,85603.0,A,,,,
PER,Peru,1994,91340.0,A,,,,
PER,Peru,1995,96697.0,A,308897.08900000004,108268.238,6.153,0.891
PER,Peru,1996,106520.0,A,249912.728,106686.055,714.012,273.624
PER,Peru,1997,133296.0,A,407086.829,101646.614,55.373,34.5
PER,Peru,1998,144763.0,A,315932.68700000003,120122.943,737.5550000000001,423.95
PER,Peru,1999,167145.0,A,281218.821,147544.338,458.144,566.651
PER,Peru,2000,191651.0,A,253985.243,136741.475,397.642,390.198
PER,Peru,2001,196232.0,A,197971.365,161364.716,171.087,122.901
PER,Peru,2002,212770.0,A,213629.83,175451.655,188.448,145.814
PER,Peru,2003,203148.0,A,205505.327,158216.1,107.975,63.72
PER,Peru,2004,231447.0,A,296606.699,198522.411,221.009,125.673
PER,Peru,2005,188611.0,A,334414.07,155801.309,1834.531,1608.786
PER,Peru,2006,273178.0,A,543723.77,239920.438,52.578,20.435
PER,Peru,2007,225992.0,A,488366.174,188293.46,255.843,87.72999999999999
PER,Peru,2008,273780.0,A,677083.052,231594.958,214.778,51.545
PER,Peru,2009,243479.0,A,623730.169,205396.692,486.117,291.47700000000003
PER,Peru,2010,264605.0,A,897499.128,235181.56,363.118,192.103
PER,Peru,2011,331547.0,A,1503371.077,293350.932,145.989,34.878
PER,Peru,2012,320163.56,A,1065117.491,272418.766,3194.923,1421.768
PER,Peru,2013,256241.43,A,763872.743,247066.578,381.551,90.623
PER,Peru,2014,222047.0,A,782166.79,197782.662,619.2059999999999,282.152
PER,Peru,2015,251938.0,A,673027.726,191281.2,146.494,34.917
PER,Peru,2016,277760.4,A,783659.9349999999,242978.805,315.25,29.2
PER,Peru,2017,337330.0,A,769228.43,250468.982,419.605,180.867
PER,Peru,2018,369621.99,A,756281.298,268023.101,217.773,48.394
PER,Peru,2019,363319.59,A,709462.892,240880.239,329.334,152.282
PER,Peru,2020,353205.74,A,705700.451,223564.343,1431.029,608.3050000000001
PER,Peru,2021,363996.83,A,749427.932,195995.285,1129.185,553.241
PER,Peru,2022,357346.42,A,1321610.183,254574.782,253.917,41.92
PER,Peru,2023,366940.03,A,885203.578,207713.449,250.599,38.305
PER,Peru,2024,358993.78,A,1146140.061,250667.077,109.685,14.646999999999998
PHL,Philippines,1961,32300.0,A,,,,
PHL,Philippines,1962,43100.0,A,,,,
PHL,Philippines,1963,32900.0,A,,,,
PHL,Philippines,1964,39311.0,A,,,,
PHL,Philippines,1965,44145.0,A,,,,
PHL,Philippines,1966,42793.0,A,,,,
PHL,Philippines,1967,44300.0,A,,,,
PHL,Philippines,1968,43862.0,A,,,,
PHL,Philippines,1969,44172.0,A,,,,
PHL,Philippines,1970,49017.0,A,,,,
PHL,Philippines,1971,49500.0,A,,,,
PHL,Philippines,1972,51600.0,A,,,,
PHL,Philippines,1973,50910.0,A,,,,
PHL,Philippines,1974,53031.0,A,,,,
PHL,Philippines,1975,91444.0,A,,,,
PHL,Philippines,1976,80800.0,A,,,,
PHL,Philippines,1977,105100.0,A,,,,
PHL,Philippines,1978,118750.0,A,,,,
PHL,Philippines,1979,115500.0,A,,,,
PHL,Philippines,1980,125285.0,A,,,,
PHL,Philippines,1981,146700.0,A,,,,
PHL,Philippines,1982,171400.0,A,,,,
PHL,Philippines,1983,146927.0,A,,,,
PHL,Philippines,1984,116755.0,A,,,,
PHL,Philippines,1985,135354.0,A,,,,
PHL,Philippines,1986,145301.0,A,,,,
PHL,Philippines,1987,140119.0,A,,,,
PHL,Philippines,1988,141892.0,A,,,,
PHL,Philippines,1989,155900.0,A,,,,
PHL,Philippines,1990,125659.0,A,,,,
PHL,Philippines,1991,125017.0,A,,,,
PHL,Philippines,1992,126832.0,A,,,,
PHL,Philippines,1993,124415.0,A,,,,
PHL,Philippines,1994,123553.0,A,,,,
PHL,Philippines,1995,127412.0,A,9568.81,3209.181,43.391,8.687000000000001
PHL,Philippines,1996,117226.0,A,2485.953,806.447,85.09599999999999,18.624
PHL,Philippines,1997,120006.0,A,2002.547,811.414,6168.421,4037.773
PHL,Philippines,1998,107802.0,A,2826.21,1173.664,19227.013000000003,12130.368
PHL,Philippines,1999,104124.0,A,800.268,367.486,6763.436,4870.606
PHL,Philippines,2000,107557.0,A,1043.91,500.834,13141.452,14832.759999999998
PHL,Philippines,2001,112271.0,A,540.697,406.312,7670.657999999999,9452.138
PHL,Philippines,2002,107080.0,A,92.191,59.90899999999999,14213.173,21826.041
PHL,Philippines,2003,106388.0,A,488.887,334.994,20870.509,24081.536
PHL,Philippines,2004,102865.0,A,643.6750000000001,415.208,9340.383999999998,9782.988
PHL,Philippines,2005,105847.0,A,407.187,143.482,26934.809,24062.074
PHL,Philippines,2006,104093.0,A,572.384,406.411,13760.308,11770.79
PHL,Philippines,2007,97877.0,A,190.678,83.172,39919.51,23973.302
PHL,Philippines,2008,97428.0,A,70.938,29.577,41201.758,19276.546
PHL,Philippines,2009,96433.0,A,41.651,5.348,46716.931,33350.426
PHL,Philippines,2010,94536.0,A,73.829,28.064,43539.356,28104.565
PHL,Philippines,2011,88526.0,A,57.253,10.926,55423.153,24033.966000000004
PHL,Philippines,2012,88943.0,A,201.433,75.68299999999999,69400.387,33295.914000000004
PHL,Philippines,2013,78634.0,A,88.08099999999999,61.414,56424.394,28007.501
PHL,Philippines,2014,75454.0,A,80.4,14.082,21517.703,11086.618
PHL,Philippines,2015,72342.0,A,109.996,13.294,51908.371,17723.281
PHL,Philippines,2016,68822.93,A,117.119,22.97,76129.322,42763.46
PHL,Philippines,2017,62077.95,A,435.477,93.648,49647.976,22371.805
PHL,Philippines,2018,60312.76,A,385.512,119.654,81526.298,38213.519
PHL,Philippines,2019,60043.88,A,498.822,132.993,60139.636,34400.218
PHL,Philippines,2020,60640.95,A,348.858,67.831,72966.12,26356.997
PHL,Philippines,2021,60607.18,A,328.251,76.59299999999999,65258.933000000005,20268.116
PHL,Philippines,2022,59962.36,I,255.682,38.995000000000005,109323.996,24297.212
PHL,Philippines,2023,60000.0,E,661.476,111.534,124296.264,28165.902
PHL,Philippines,2024,64000.0,E,382.114,52.217,201147.643,51352.97
PRI,Puerto Rico,1961,15876.0,A,,,,
PRI,Puerto Rico,1962,17917.0,A,,,,
PRI,Puerto Rico,1963,14288.0,A,,,,
PRI,Puerto Rico,1964,17010.0,A,,,,
PRI,Puerto Rico,1965,13600.0,A,,,,
PRI,Puerto Rico,1966,12882.0,A,,,,
PRI,Puerto Rico,1967,14742.0,A,,,,
PRI,Puerto Rico,1968,11793.0,A,,,,
PRI,Puerto Rico,1969,9078.0,A,,,,
PRI,Puerto Rico,1970,15422.0,A,,,,
PRI,Puerto Rico,1971,10886.0,A,,,,
PRI,Puerto Rico,1972,12247.0,A,,,,
PRI,Puerto Rico,1973,13698.0,A,,,,
PRI,Puerto Rico,1974,10478.0,A,,,,
PRI,Puerto Rico,1975,11430.0,A,,,,
PRI,Puerto Rico,1976,11428.0,A,,,,
PRI,Puerto Rico,1977,8707.0,A,,,,
PRI,Puerto Rico,1978,11927.0,A,,,,
PRI,Puerto Rico,1979,9526.0,A,,,,
PRI,Puerto Rico,1980,11884.0,A,,,,
PRI,Puerto Rico,1981,13608.0,A,,,,
PRI,Puerto Rico,1982,12973.0,A,,,,
PRI,Puerto Rico,1983,15649.0,A,,,,
PRI,Puerto Rico,1984,12247.0,A,,,,
PRI,Puerto Rico,1985,14061.0,A,,,,
PRI,Puerto Rico,1986,11340.0,A,,,,
PRI,Puerto Rico,1987,15967.0,A,,,,
PRI,Puerto Rico,1988,13154.0,A,,,,
PRI,Puerto Rico,1989,14515.0,A,,,,
PRI,Puerto Rico,1990,12927.0,A,,,,
PRI,Puerto Rico,1991,12701.0,A,,,,
PRI,Puerto Rico,1992,12701.0,A,,,,
PRI,Puerto Rico,1993,15478.0,A,,,,
PRI,Puerto Rico,1994,12700.0,A,,,,
PRI,Puerto Rico,1995,12701.0,A,,,,
PRI,Puerto Rico,1996,12175.0,A,,,,
PRI,Puerto Rico,1997,11567.0,A,,,,
PRI,Puerto Rico,1998,13393.0,A,,,,
PRI,Puerto Rico,1999,7000.0,A,,,,
PRI,Puerto Rico,2000,8250.0,A,,,,
PRI,Puerto Rico,2001,8650.0,A,,,,
PRI,Puerto Rico,2002,7600.0,A,,,,
PRI,Puerto Rico,2003,9308.0,A,,,,
PRI,Puerto Rico,2004,10206.0,A,,,,
PRI,Puerto Rico,2005,7938.0,A,,,,
PRI,Puerto Rico,2006,7323.2,I,,,,
PRI,Puerto Rico,2007,6833.48,I,,,,
PRI,Puerto Rico,2008,6683.26,I,,,,
PRI,Puerto Rico,2009,6337.28,I,,,,
PRI,Puerto Rico,2010,6058.22,I,,,,
PRI,Puerto Rico,2011,5737.88,I,,,,
PRI,Puerto Rico,2012,5760.0,A,,,,
PRI,Puerto Rico,2013,4880.9,I,,,,
PRI,Puerto Rico,2014,4674.4,A,,,,
PRI,Puerto Rico,2015,3369.05,A,,,,
PRI,Puerto Rico,2016,3120.43,I,,,,
PRI,Puerto Rico,2017,1800.0,E,,,,
PRI,Puerto Rico,2018,975.0,A,,,,
PRI,Puerto Rico,2019,1820.06,I,,,,
PRI,Puerto Rico,2020,1950.76,I,,,,
PRI,Puerto Rico,2021,1862.42,I,,,,
PRI,Puerto Rico,2022,2740.0,A,,,,
PRI,Puerto Rico,2023,1468.77,I,,,,
PRI,Puerto Rico,2024,635.99,I,,,,
RWA,Rwanda,1961,10500.0,E,,,,
RWA,Rwanda,1962,10000.0,E,,,,
RWA,Rwanda,1963,4700.0,A,,,,
RWA,Rwanda,1964,8100.0,A,,,,
RWA,Rwanda,1965,9998.0,A,,,,
RWA,Rwanda,1966,8603.0,A,,,,
RWA,Rwanda,1967,11157.0,A,,,,
RWA,Rwanda,1968,12015.0,A,,,,
RWA,Rwanda,1969,12399.0,A,,,,
RWA,Rwanda,1970,14240.0,A,,,,
RWA,Rwanda,1971,15245.0,A,,,,
RWA,Rwanda,1972,10602.0,A,,,,
RWA,Rwanda,1973,14160.0,A,,,,
RWA,Rwanda,1974,14062.0,A,,,,
RWA,Rwanda,1975,18045.0,A,,,,
RWA,Rwanda,1976,20334.0,A,,,,
RWA,Rwanda,1977,20684.0,A,,,,
RWA,Rwanda,1978,21994.0,A,,,,
RWA,Rwanda,1979,25500.0,E,,,,
RWA,Rwanda,1980,22600.0,E,,,,
RWA,Rwanda,1981,29200.0,E,,,,
RWA,Rwanda,1982,27200.0,E,,,,
RWA,Rwanda,1983,33500.0,A,,,,
RWA,Rwanda,1984,32500.0,X,,,,
RWA,Rwanda,1985,43000.0,X,,,,
RWA,Rwanda,1986,41348.0,A,,,,
RWA,Rwanda,1987,41797.0,A,,,,
RWA,Rwanda,1988,42666.0,A,,,,
RWA,Rwanda,1989,30591.0,A,,,,
RWA,Rwanda,1990,34680.0,A,,,,
RWA,Rwanda,1991,35000.0,E,,,,
RWA,Rwanda,1992,38824.0,A,,,,
RWA,Rwanda,1993,27510.0,A,,,,
RWA,Rwanda,1994,1274.0,A,,,,
RWA,Rwanda,1995,21952.0,A,35784.094,10189.464,,
RWA,Rwanda,1996,15285.0,A,56197.578,21837.107,,
RWA,Rwanda,1997,14830.0,A,47377.310000000005,19886.964,100.983,39.511
RWA,Rwanda,1998,14268.0,A,42067.346,26143.652,2184.194,76.304
RWA,Rwanda,1999,18800.0,A,56318.348,31268.695,36.128,29.699
RWA,Rwanda,2000,16098.0,A,33133.709,18629.421,16.898,18.679
RWA,Rwanda,2001,18366.0,A,30575.065,28266.249,665.053,952.953
RWA,Rwanda,2002,19427.0,A,19673.164,15442.109,200.178,201.603
RWA,Rwanda,2003,13805.0,A,28571.626,25424.559,0.684,0.097
RWA,Rwanda,2004,20017.0,A,60898.281,42182.89,139.52499999999998,281.818
RWA,Rwanda,2005,18597.0,A,46660.677,23232.462,0.314,0.052
RWA,Rwanda,2006,22223.0,A,58219.168,25471.253,174.979,263.65500000000003
RWA,Rwanda,2007,14683.0,A,58311.731,24254.664,119.616,228.176
RWA,Rwanda,2008,20724.0,A,70981.936,25653.923,1557.198,1009.26
RWA,Rwanda,2009,19371.89,A,66244.593,22100.534,0.532,0.53
RWA,Rwanda,2010,19319.0,A,82699.602,24552.785,8.164,6.079
RWA,Rwanda,2011,21820.4,A,84488.813,15491.29,10.094,9.04
RWA,Rwanda,2012,19995.0,A,72721.33,15505.392,163.57199999999995,39.904
RWA,Rwanda,2013,18346.0,A,51529.365,14359.41,22.772,61.387
RWA,Rwanda,2014,16379.0,A,61160.306,15826.819,20.066000000000003,55.965
RWA,Rwanda,2015,21808.0,A,58366.344,14210.592,146.788,1153.8
RWA,Rwanda,2016,24689.41,I,56468.277,14570.689,288.213,822.1709999999999
RWA,Rwanda,2017,31717.52,A,64929.828,15628.75,32.225,271.896
RWA,Rwanda,2018,38643.34,A,68665.043,20309.714,572.038,648.29
RWA,Rwanda,2019,29366.01,A,81185.986,26534.216,41.468,58.969
RWA,Rwanda,2020,20459.0,A,70769.02100000001,20395.519,62.937,98.037
RWA,Rwanda,2021,19466.88,A,68738.583,17643.942,639.832,255.699
RWA,Rwanda,2022,18945.39,A,105517.94,19627.907,1555.969,1169.634
RWA,Rwanda,2023,27104.4,A,89605.351,15888.954,907.348,283.45
RWA,Rwanda,2024,17839.78,A,93769.628,16755.457,101.715,35.188
LCA,Saint Lucia,1961,25.0,A,,,,
LCA,Saint Lucia,1962,25.0,E,,,,
LCA,Saint Lucia,1963,25.0,E,,,,
LCA,Saint Lucia,1964,25.0,E,,,,
LCA,Saint Lucia,1965,25.0,E,,,,
LCA,Saint Lucia,1966,25.0,E,,,,
LCA,Saint Lucia,1967,25.0,E,,,,
LCA,Saint Lucia,1968,25.0,E,,,,
LCA,Saint Lucia,1969,24.0,E,,,,
LCA,Saint Lucia,1970,24.0,E,,,,
LCA,Saint Lucia,1971,24.0,E,,,,
LCA,Saint Lucia,1972,24.0,E,,,,
LCA,Saint Lucia,1973,24.0,A,,,,
LCA,Saint Lucia,1974,23.0,E,,,,
LCA,Saint Lucia,1975,22.0,E,,,,
LCA,Saint Lucia,1976,21.0,E,,,,
LCA,Saint Lucia,1977,20.0,E,,,,
LCA,Saint Lucia,1978,19.0,E,,,,
LCA,Saint Lucia,1979,18.0,E,,,,
LCA,Saint Lucia,1980,17.0,A,,,,
LCA,Saint Lucia,1981,12.0,A,,,,
LCA,Saint Lucia,1982,15.0,E,,,,
LCA,Saint Lucia,1983,16.0,E,,,,
LCA,Saint Lucia,1984,17.0,E,,,,
LCA,Saint Lucia,1985,18.0,E,,,,
LCA,Saint Lucia,1986,19.0,E,,,,
LCA,Saint Lucia,1987,20.0,E,,,,
LCA,Saint Lucia,1988,20.0,E,,,,
VCT,Saint Vincent and the Grenadines,1961,50.0,E,,,,
VCT,Saint Vincent and the Grenadines,1962,50.0,E,,,,
VCT,Saint Vincent and the Grenadines,1963,55.0,E,,,,
VCT,Saint Vincent and the Grenadines,1964,55.0,E,,,,
VCT,Saint Vincent and the Grenadines,1965,60.0,E,,,,
VCT,Saint Vincent and the Grenadines,1966,60.0,E,,,,
VCT,Saint Vincent and the Grenadines,1967,70.0,E,,,,
VCT,Saint Vincent and the Grenadines,1968,70.0,E,,,,
VCT,Saint Vincent and the Grenadines,1969,80.0,E,,,,
VCT,Saint Vincent and the Grenadines,1970,80.0,E,,,,
VCT,Saint Vincent and the Grenadines,1971,90.0,E,,,,
VCT,Saint Vincent and the Grenadines,1972,90.0,E,,,,
VCT,Saint Vincent and the Grenadines,1973,90.0,E,,,,
VCT,Saint Vincent and the Grenadines,1974,100.0,E,,,,
VCT,Saint Vincent and the Grenadines,1975,100.0,E,,,,
VCT,Saint Vincent and the Grenadines,1976,100.0,E,,,,
VCT,Saint Vincent and the Grenadines,1977,100.0,E,,,,
VCT,Saint Vincent and the Grenadines,1978,105.0,E,,,,
VCT,Saint Vincent and the Grenadines,1979,110.0,E,,,,
VCT,Saint Vincent and the Grenadines,1980,115.0,E,,,,
VCT,Saint Vincent and the Grenadines,1981,120.0,E,,,,
VCT,Saint Vincent and the Grenadines,1982,120.0,E,,,,
VCT,Saint Vincent and the Grenadines,1983,130.0,E,,,,
VCT,Saint Vincent and the Grenadines,1984,130.0,E,,,,
VCT,Saint Vincent and the Grenadines,1985,130.0,E,,,,
VCT,Saint Vincent and the Grenadines,1986,140.0,E,,,,
VCT,Saint Vincent and the Grenadines,1987,140.0,E,,,,
VCT,Saint Vincent and the Grenadines,1988,145.0,E,,,,
VCT,Saint Vincent and the Grenadines,1989,145.0,E,,,,
VCT,Saint Vincent and the Grenadines,1990,150.0,E,,,,
VCT,Saint Vincent and the Grenadines,1991,152.05,I,,,,
VCT,Saint Vincent and the Grenadines,1992,155.0,E,,,,
VCT,Saint Vincent and the Grenadines,1993,150.0,E,,,,
VCT,Saint Vincent and the Grenadines,1994,155.0,E,,,,
VCT,Saint Vincent and the Grenadines,1995,160.0,E,,,14.036,1.503
VCT,Saint Vincent and the Grenadines,1996,163.17,I,58.244,45.0,,
VCT,Saint Vincent and the Grenadines,1997,164.22,I,,,20.74,42.554
VCT,Saint Vincent and the Grenadines,1998,173.49,I,,,12.057,2.018
VCT,Saint Vincent and the Grenadines,1999,170.0,E,,,19.375,5.019
VCT,Saint Vincent and the Grenadines,2000,160.0,E,,,20.538,6.205
VCT,Saint Vincent and the Grenadines,2001,155.0,E,,,15.828,7.970000000000001
VCT,Saint Vincent and the Grenadines,2002,150.0,E,,,9.103,3.054
VCT,Saint Vincent and the Grenadines,2003,145.0,E,,,13.848,2.553
VCT,Saint Vincent and the Grenadines,2004,150.0,E,1.322,2.495,16.854,4.32
VCT,Saint Vincent and the Grenadines,2005,165.0,E,,,11.154,1.489
VCT,Saint Vincent and the Grenadines,2006,175.0,E,,,13.591,3.168
VCT,Saint Vincent and the Grenadines,2007,180.0,E,0.02,0.001,24.308,3.101
VCT,Saint Vincent and the Grenadines,2008,200.0,E,,,21.593,2.682
VCT,Saint Vincent and the Grenadines,2009,220.0,E,0.223,0.069,14.607,4.022
VCT,Saint Vincent and the Grenadines,2010,199.57,I,,,22.837,3.569
VCT,Saint Vincent and the Grenadines,2011,188.91,I,,,42.483,1.988
VCT,Saint Vincent and the Grenadines,2012,170.0,E,10.851,2.2,61.873,4.813000000000001
VCT,Saint Vincent and the Grenadines,2013,175.0,E,,,33.785000000000004,4.665
VCT,Saint Vincent and the Grenadines,2014,177.28,I,0.106,0.001,25.721,3.487
VCT,Saint Vincent and the Grenadines,2015,180.61,I,0.28,0.025,33.298,2.373
VCT,Saint Vincent and the Grenadines,2016,184.4,I,7.718,2.329,21.724,4.259
VCT,Saint Vincent and the Grenadines,2017,187.31,I,,,17.435,2.449
VCT,Saint Vincent and the Grenadines,2018,189.22,I,,,21.307,4.444
VCT,Saint Vincent and the Grenadines,2019,189.87,I,,,29.802,4.516
VCT,Saint Vincent and the Grenadines,2020,190.52,I,0.333,0.01,29.125,3.864
VCT,Saint Vincent and the Grenadines,2021,189.95,I,0.039,0.001,21.562,3.38
VCT,Saint Vincent and the Grenadines,2022,189.55,I,0.01,0.0,31.921,3.357
VCT,Saint Vincent and the Grenadines,2023,189.78,I,46.921,9.867,44.025,8.815
VCT,Saint Vincent and the Grenadines,2024,189.99,I,,,2.781,0.112
WSM,Samoa,1961,115.0,E,,,,
WSM,Samoa,1962,130.0,E,,,,
WSM,Samoa,1963,130.0,E,,,,
WSM,Samoa,1964,120.0,E,,,,
WSM,Samoa,1965,135.0,E,,,,
WSM,Samoa,1966,150.0,A,,,,
WSM,Samoa,1967,150.0,A,,,,
WSM,Samoa,1968,150.0,A,,,,
WSM,Samoa,1969,150.0,A,,,,
WSM,Samoa,1970,150.0,A,,,,
WSM,Samoa,1971,150.0,A,,,,
WSM,Samoa,1972,40.0,A,,,,
WSM,Samoa,1973,40.0,A,,,,
WSM,Samoa,1974,40.0,A,,,,
WSM,Samoa,1975,20.0,A,,,,
WSM,Samoa,1976,20.0,E,,,,
WSM,Samoa,1977,20.0,E,,,,
WSM,Samoa,1978,20.0,A,,,,
WSM,Samoa,1979,20.0,A,,,,
WSM,Samoa,1980,20.0,A,,,,
WSM,Samoa,1981,20.0,E,,,,
WSM,Samoa,1982,20.0,E,,,,
WSM,Samoa,1983,20.0,E,,,,
WSM,Samoa,1984,20.0,E,,,,
WSM,Samoa,1985,20.0,E,,,,
WSM,Samoa,1986,20.0,E,,,,
WSM,Samoa,1987,20.0,E,,,,
WSM,Samoa,1988,20.0,E,,,,
WSM,Samoa,1989,20.0,E,,,,
WSM,Samoa,1990,18.0,E,,,,
WSM,Samoa,1991,17.0,E,,,,
WSM,Samoa,1992,16.0,E,,,,
WSM,Samoa,1993,15.0,E,,,,
WSM,Samoa,1994,14.0,E,,,,
WSM,Samoa,1995,13.0,E,,,,
WSM,Samoa,1996,12.0,E,,,8.851,0.707
WSM,Samoa,1997,11.0,E,,,1.763,0.125
WSM,Samoa,1998,10.0,E,,,55.941,19.75
WSM,Samoa,1999,9.0,E,,,,
WSM,Samoa,2000,8.0,E,,,14.617,1.753
WSM,Samoa,2001,8.0,E,,,9.103,1.22
WSM,Samoa,2002,8.0,E,,,100.39,109.099
WSM,Samoa,2003,8.0,E,,,70.435,4.263999999999999
WSM,Samoa,2004,8.32,I,,,44.339000000000006,46.538
WSM,Samoa,2005,8.39,I,,,10.82,1.047
WSM,Samoa,2006,8.44,I,,,6.565,2.513
WSM,Samoa,2007,8.0,E,,,14.596,4.02
WSM,Samoa,2008,8.0,E,4.133,1.431,21.6,2.2
WSM,Samoa,2009,8.0,E,,,0.875,0.16
WSM,Samoa,2010,10.0,E,,,223.139,179.19299999999998
WSM,Samoa,2011,10.0,E,,,24.072,18.216
WSM,Samoa,2012,11.0,E,93.771,18.975,36.094,35.21
WSM,Samoa,2013,11.0,E,,,16.68,18.715
WSM,Samoa,2014,11.22,I,,,8.589,2.956
WSM,Samoa,2015,11.13,I,287.137,109.62,111.646,51.21
WSM,Samoa,2016,11.27,I,,,119.754,58.421
WSM,Samoa,2017,11.43,I,,,170.953,74.59299999999999
WSM,Samoa,2018,11.7,I,,,144.35,60.424
WSM,Samoa,2019,11.96,I,,,220.089,111.206
WSM,Samoa,2020,12.27,I,,,159.844,76.25
WSM,Samoa,2021,11.79,E,0.001,0.0,187.748,74.056
WSM,Samoa,2022,11.82,E,5.011,0.356,241.473,60.745000000000005
WSM,Samoa,2023,11.77,E,1.844,0.214,415.338,114.717
WSM,Samoa,2024,11.79,E,7.935,0.984,23.098,6.362
STP,Sao Tome and Principe,1961,258.0,A,,,,
STP,Sao Tome and Principe,1962,297.0,A,,,,
STP,Sao Tome and Principe,1963,258.0,A,,,,
STP,Sao Tome and Principe,1964,197.0,A,,,,
STP,Sao Tome and Principe,1965,214.0,A,,,,
STP,Sao Tome and Principe,1966,158.0,A,,,,
STP,Sao Tome and Principe,1967,175.0,A,,,,
STP,Sao Tome and Principe,1968,133.0,A,,,,
STP,Sao Tome and Principe,1969,151.0,A,,,,
STP,Sao Tome and Principe,1970,125.0,A,,,,
STP,Sao Tome and Principe,1971,70.0,A,,,,
STP,Sao Tome and Principe,1972,143.0,A,,,,
STP,Sao Tome and Principe,1973,61.0,A,,,,
STP,Sao Tome and Principe,1974,93.0,A,,,,
STP,Sao Tome and Principe,1975,28.0,A,,,,
STP,Sao Tome and Principe,1976,45.0,A,,,,
STP,Sao Tome and Principe,1977,60.0,X,,,,
STP,Sao Tome and Principe,1978,60.0,X,,,,
STP,Sao Tome and Principe,1979,60.0,E,,,,
STP,Sao Tome and Principe,1980,60.0,E,,,,
STP,Sao Tome and Principe,1981,60.0,E,,,,
STP,Sao Tome and Principe,1982,60.0,E,,,,
STP,Sao Tome and Principe,1983,60.0,E,,,,
STP,Sao Tome and Principe,1984,54.0,A,,,,
STP,Sao Tome and Principe,1985,14.0,A,,,,
STP,Sao Tome and Principe,1986,22.0,A,,,,
STP,Sao Tome and Principe,1987,9.0,A,,,,
STP,Sao Tome and Principe,1988,31.0,A,,,,
STP,Sao Tome and Principe,1989,8.0,A,,,,
STP,Sao Tome and Principe,1990,37.0,A,,,,
STP,Sao Tome and Principe,1991,11.0,A,,,,
STP,Sao Tome and Principe,1992,13.0,A,,,,
STP,Sao Tome and Principe,1993,20.0,A,,,,
STP,Sao Tome and Principe,1994,22.0,A,,,,
STP,Sao Tome and Principe,1995,17.0,X,40.844,4.687,,
STP,Sao Tome and Principe,1996,21.0,A,11.199,1.812,8.215,1.437
STP,Sao Tome and Principe,1997,45.0,A,31.737,5.375,,
STP,Sao Tome and Principe,1998,36.0,A,122.849,37.499,2160.052,676.812
STP,Sao Tome and Principe,1999,58.0,A,49.927,11.187,0.82,0.089
STP,Sao Tome and Principe,2000,18.0,A,73.874,22.475,0.172,0.01
STP,Sao Tome and Principe,2001,22.0,E,147.091,140.656,0.54,0.03
STP,Sao Tome and Principe,2002,25.0,E,38.087,11.416,45.968,51.317
STP,Sao Tome and Principe,2003,22.97,I,8.524999999999999,3.375,7.189,0.758
STP,Sao Tome and Principe,2004,27.0,E,0.308,0.137,179.511,260.704
STP,Sao Tome and Principe,2005,28.0,E,9.95,0.5,1.088,0.45
STP,Sao Tome and Principe,2006,30.0,E,0.377,0.041,4.556,0.807
STP,Sao Tome and Principe,2007,22.96,I,24.926,0.276,1.63,0.123
STP,Sao Tome and Principe,2008,19.95,I,12.538,1.908,104.866,36.158
STP,Sao Tome and Principe,2009,17.9,I,3.183,0.1,1.738,0.15
STP,Sao Tome and Principe,2010,15.17,I,95.434,19.1,69.224,21.328
STP,Sao Tome and Principe,2011,5.6,A,24.33,4.08,3.148,0.289
STP,Sao Tome and Principe,2012,6.2,A,12.77,1.714,0.685,0.079
STP,Sao Tome and Principe,2013,3.9,A,24.467,2.455,3.229,0.435
STP,Sao Tome and Principe,2014,8.03,I,13.043,2.17,9.098,0.6130000000000001
STP,Sao Tome and Principe,2015,8.61,I,48.497,8.262,0.6900000000000001,0.066
STP,Sao Tome and Principe,2016,6.84,E,45.33,7.32,0.921,0.068
STP,Sao Tome and Principe,2017,7.83,E,44.601,6.842,2.086,0.207
STP,Sao Tome and Principe,2018,7.62,I,14.935,0.41,6.208,0.611
STP,Sao Tome and Principe,2019,6.85,I,12.289,1.743,12.733,0.3329999999999999
STP,Sao Tome and Principe,2020,7.0,I,21.867,2.885,2.572,0.135
STP,Sao Tome and Principe,2021,6.76,I,14.097,1.575,3.954,0.473
STP,Sao Tome and Principe,2022,7.19,E,15.349999999999998,1.937,0.539,0.0579999999999999
STP,Sao Tome and Principe,2023,7.31,E,55.4,3.76,3.147,0.195
STP,Sao Tome and Principe,2024,7.27,E,2.096,0.25,1.701,0.369
SAU,Saudi Arabia,1961,200.0,E,,,,
SAU,Saudi Arabia,1962,200.0,E,,,,
SAU,Saudi Arabia,1963,200.0,A,,,,
SAU,Saudi Arabia,1964,100.0,A,,,,
SAU,Saudi Arabia,1965,100.0,A,,,,
SAU,Saudi Arabia,1966,100.0,E,,,,
SAU,Saudi Arabia,1967,100.0,E,,,,
SAU,Saudi Arabia,1968,100.0,E,,,,
SAU,Saudi Arabia,1969,120.0,X,,,,
SAU,Saudi Arabia,1970,120.0,X,,,,
SAU,Saudi Arabia,1971,120.0,X,,,,
SAU,Saudi Arabia,1972,243.0,A,,,,
SAU,Saudi Arabia,1973,120.0,X,,,,
SAU,Saudi Arabia,1974,140.0,E,,,,
SAU,Saudi Arabia,1975,160.0,E,,,,
SAU,Saudi Arabia,1976,180.0,E,,,,
SAU,Saudi Arabia,1977,200.0,E,,,,
SAU,Saudi Arabia,1978,220.0,E,,,,
SAU,Saudi Arabia,1979,240.0,E,,,,
SAU,Saudi Arabia,1980,260.0,E,,,,
SAU,Saudi Arabia,1981,300.0,E,,,,
SAU,Saudi Arabia,1982,386.0,A,,,,
SAU,Saudi Arabia,1983,250.0,E,,,,
SAU,Saudi Arabia,1984,150.0,E,,,,
SAU,Saudi Arabia,1985,50.0,E,,,,
SAU,Saudi Arabia,2023,763.34,A,6671.236,1479.674,330872.919,75188.383
SAU,Saudi Arabia,2024,760.0,E,14160.664,2865.591,422584.378,89502.844
SLE,Sierra Leone,1961,5103.0,E,,,,
SLE,Sierra Leone,1962,2419.0,E,,,,
SLE,Sierra Leone,1963,3958.0,E,,,,
SLE,Sierra Leone,1964,6029.0,E,,,,
SLE,Sierra Leone,1965,3937.0,E,,,,
SLE,Sierra Leone,1966,9593.0,E,,,,
SLE,Sierra Leone,1967,3000.0,E,,,,
SLE,Sierra Leone,1968,4131.0,A,,,,
SLE,Sierra Leone,1969,8257.0,A,,,,
SLE,Sierra Leone,1970,6188.0,A,,,,
SLE,Sierra Leone,1971,9527.0,A,,,,
SLE,Sierra Leone,1972,7297.0,A,,,,
SLE,Sierra Leone,1973,11971.0,A,,,,
SLE,Sierra Leone,1974,3188.0,A,,,,
SLE,Sierra Leone,1975,7416.0,A,,,,
SLE,Sierra Leone,1976,4702.0,A,,,,
SLE,Sierra Leone,1977,10273.0,A,,,,
SLE,Sierra Leone,1978,4367.0,A,,,,
SLE,Sierra Leone,1979,13690.0,A,,,,
SLE,Sierra Leone,1980,10146.0,A,,,,
SLE,Sierra Leone,1981,9288.0,A,,,,
SLE,Sierra Leone,1982,8658.0,A,,,,
SLE,Sierra Leone,1983,16500.0,A,,,,
SLE,Sierra Leone,1984,18000.0,A,,,,
SLE,Sierra Leone,1985,26000.0,A,,,,
SLE,Sierra Leone,1986,23100.0,A,,,,
SLE,Sierra Leone,1987,24200.0,A,,,,
SLE,Sierra Leone,1988,25300.0,A,,,,
SLE,Sierra Leone,1989,25600.0,A,,,,
SLE,Sierra Leone,1990,25800.0,A,,,,
SLE,Sierra Leone,1991,26000.0,A,,,,
SLE,Sierra Leone,1992,26000.0,A,,,,
SLE,Sierra Leone,1993,24700.0,A,,,,
SLE,Sierra Leone,1994,27805.0,A,,,,
SLE,Sierra Leone,1995,25025.0,A,14552.381,4814.419,,
SLE,Sierra Leone,1996,25000.0,E,2977.083,1560.337,,
SLE,Sierra Leone,1997,30700.0,A,6245.005,2939.794,1.667,0.058
SLE,Sierra Leone,1998,25000.0,E,4841.314,2601.674,1084.0590000000002,40.663
SLE,Sierra Leone,1999,15350.0,A,1823.553,1376.708,,
SLE,Sierra Leone,2000,15000.0,E,2640.069,3762.729,23.328,36.0
SLE,Sierra Leone,2001,16267.37,I,1455.375,2288.329,301.857,347.324
SLE,Sierra Leone,2002,16704.64,I,1741.758,3129.4,738.741,1348.4
SLE,Sierra Leone,2003,17000.0,E,1496.668,2038.471,40.55,32.319
SLE,Sierra Leone,2004,18000.0,E,1017.183,1375.694,88.202,46.33
SLE,Sierra Leone,2005,20000.0,E,1235.37,1150.836,818.1600000000001,617.546
SLE,Sierra Leone,2006,20500.0,E,2887.808,2366.823,768.4460000000001,589.7
SLE,Sierra Leone,2007,21000.0,E,4364.726000000001,2501.595,212.314,134.72
SLE,Sierra Leone,2008,21200.0,E,3291.17,1494.139,546.584,291.456
SLE,Sierra Leone,2009,22000.0,E,7900.836999999999,5297.313999999999,777.1610000000001,457.879
SLE,Sierra Leone,2010,26130.3,I,4067.086,2455.212,3.454,2.339
SLE,Sierra Leone,2011,30449.28,I,5553.491,2308.699,217.211,0.322
SLE,Sierra Leone,2012,35000.0,E,6853.317999999999,3214.112,101.054,45.408
SLE,Sierra Leone,2013,36000.0,E,4856.72,2229.7490000000003,46.007000000000005,22.694000000000003
SLE,Sierra Leone,2014,2756.0,X,2841.1980000000003,1189.475,14.363,0.942
SLE,Sierra Leone,2015,2756.0,X,2730.821,1331.113,41.235,10.5
SLE,Sierra Leone,2016,2275.0,X,3318.496,2120.164,7.129,1.539
SLE,Sierra Leone,2017,2277.0,X,3945.401,1923.339,58.77,29.887
SLE,Sierra Leone,2018,2685.0,X,3496.822,1765.552,7.582,0.841
SLE,Sierra Leone,2019,2400.0,X,2852.438,1828.343,21.139,1.625
SLE,Sierra Leone,2020,2400.0,X,5005.245,3042.25,0.3,0.321
SLE,Sierra Leone,2021,2400.0,X,3071.622,1722.4299999999998,94.024,19.219
SLE,Sierra Leone,2022,2580.0,X,3363.49,1427.608,3.376,0.755
SLE,Sierra Leone,2023,2333.16,A,2610.656,1029.571,0.224,0.014
SLE,Sierra Leone,2024,2208.05,I,10696.972,2512.902,5.306,0.639
ESP,Spain,1961,5.0,A,,,,
ESP,Spain,1962,5.0,A,,,,
ESP,Spain,1963,5.0,A,,,,
ESP,Spain,1964,5.0,A,,,,
ESP,Spain,1965,6.0,A,,,,
ESP,Spain,1966,8.0,A,,,,
ESP,Spain,1967,8.0,A,,,,
ESP,Spain,1968,8.0,A,,,,
ESP,Spain,1969,7.0,A,,,,
ESP,Spain,1970,8.0,A,,,,
ESP,Spain,1971,6.0,A,,,,
ESP,Spain,1973,6.0,A,,,,
ESP,Spain,1974,6.0,A,,,,
ESP,Spain,1975,8.0,A,,,,
ESP,Spain,1976,8.0,A,,,,
ESP,Spain,1977,8.0,A,,,,
ESP,Spain,1978,9.0,A,,,,
ESP,Spain,1979,9.0,A,,,,
ESP,Spain,1980,9.0,A,,,,
ESP,Spain,1981,4.0,A,,,,
ESP,Spain,1987,11.0,A,,,,
ESP,Spain,1988,13.0,A,,,,
ESP,Spain,1989,14.0,A,,,,
ESP,Spain,1990,9.0,A,,,,
ESP,Spain,1991,7.0,A,,,,
ESP,Spain,1992,5.0,A,,,,
ESP,Spain,1993,5.0,A,,,,
ESP,Spain,1994,5.0,A,,,,
LKA,Sri Lanka,1961,4002.0,A,,,,
LKA,Sri Lanka,1962,3754.0,A,,,,
LKA,Sri Lanka,1963,5520.0,A,,,,
LKA,Sri Lanka,1964,8395.0,A,,,,
LKA,Sri Lanka,1965,7008.0,A,,,,
LKA,Sri Lanka,1966,6660.0,A,,,,
LKA,Sri Lanka,1967,11488.0,A,,,,
LKA,Sri Lanka,1968,10020.0,A,,,,
LKA,Sri Lanka,1969,10943.0,A,,,,
LKA,Sri Lanka,1970,7306.0,A,,,,
LKA,Sri Lanka,1971,8358.0,A,,,,
LKA,Sri Lanka,1972,6806.0,A,,,,
LKA,Sri Lanka,1973,7032.0,A,,,,
LKA,Sri Lanka,1974,8624.0,A,,,,
LKA,Sri Lanka,1975,8838.0,A,,,,
LKA,Sri Lanka,1976,8876.0,A,,,,
LKA,Sri Lanka,1977,10387.0,A,,,,
LKA,Sri Lanka,1978,12318.0,A,,,,
LKA,Sri Lanka,1979,10100.0,A,,,,
LKA,Sri Lanka,1980,11688.0,A,,,,
LKA,Sri Lanka,1981,12500.0,A,,,,
LKA,Sri Lanka,1982,13179.0,A,,,,
LKA,Sri Lanka,1983,16600.0,A,,,,
LKA,Sri Lanka,1984,10500.0,A,,,,
LKA,Sri Lanka,1985,9300.0,A,,,,
LKA,Sri Lanka,1986,5622.0,A,,,,
LKA,Sri Lanka,1987,6030.0,A,,,,
LKA,Sri Lanka,1988,5600.0,A,,,,
LKA,Sri Lanka,1989,6760.0,A,,,,
LKA,Sri Lanka,1990,7567.0,A,,,,
LKA,Sri Lanka,1991,7861.0,A,,,,
LKA,Sri Lanka,1992,8672.0,A,,,,
LKA,Sri Lanka,1993,10090.0,A,,,,
LKA,Sri Lanka,1994,11056.0,A,,,,
LKA,Sri Lanka,1995,11481.0,A,2859.612,1208.258,215.922,90.324
LKA,Sri Lanka,1996,11760.0,A,2026.188,1160.233,3.482,10.312
LKA,Sri Lanka,1997,11348.0,A,1551.377,1116.044,207.322,137.429
LKA,Sri Lanka,1998,10498.0,A,2683.486,1614.938,29.44,18.238
LKA,Sri Lanka,1999,10580.0,A,1543.097,1032.108,172.061,116.386
LKA,Sri Lanka,2000,9790.0,A,224.461,115.914,331.35300000000007,231.311
LKA,Sri Lanka,2001,10210.0,A,45.552,67.998,207.422,153.27499999999998
LKA,Sri Lanka,2002,9780.0,A,220.932,139.874,17.508,6.952
LKA,Sri Lanka,2003,9110.0,A,308.803,382.804,98.356,64.988
LKA,Sri Lanka,2004,7670.0,A,420.93,410.679,13.831,10.286
LKA,Sri Lanka,2005,7240.0,A,330.721,228.37,27.561,4.858
LKA,Sri Lanka,2006,6460.0,A,609.056,322.554,28.108,9.853
LKA,Sri Lanka,2007,6050.0,A,229.759,89.732,107.421,104.276
LKA,Sri Lanka,2008,5450.0,A,411.606,152.42399999999998,46.529,39.997
LKA,Sri Lanka,2009,5410.0,A,232.993,73.811,15.938,4.774
LKA,Sri Lanka,2010,5240.0,A,445.674,202.169,115.181,64.538
LKA,Sri Lanka,2011,5320.0,A,470.128,134.51,28.599,4.972
LKA,Sri Lanka,2012,5560.0,A,132.91899999999998,31.955,92.186,37.606
LKA,Sri Lanka,2013,5570.0,A,406.071,95.758,95.38,22.438
LKA,Sri Lanka,2014,6089.0,A,327.94,104.835,111.272,12.193
LKA,Sri Lanka,2015,5866.3,I,1606.697,92.486,94.238,14.369
LKA,Sri Lanka,2016,5593.0,A,2274.088,146.324,74.663,20.703
LKA,Sri Lanka,2017,5431.0,A,3100.297,143.03,261.928,112.771
LKA,Sri Lanka,2018,6445.0,A,3076.668,199.858,115.76,74.313
LKA,Sri Lanka,2019,4887.0,A,3871.421,156.45100000000002,89.543,63.855
LKA,Sri Lanka,2020,6724.6,A,2774.307,124.481,182.844,102.709
LKA,Sri Lanka,2021,5306.2,A,1346.276,215.867,13.872,8.738
LKA,Sri Lanka,2022,4828.0,A,320.503,176.54199999999997,50.281,24.197
LKA,Sri Lanka,2023,4750.0,A,5119.572,433.302,16.928,4.926
LKA,Sri Lanka,2024,5117.0,A,312.947,27.158,275.303,60.732
SUR,Suriname,1961,342.0,A,,,,
SUR,Suriname,1962,329.0,A,,,,
SUR,Suriname,1963,378.0,A,,,,
SUR,Suriname,1964,380.0,A,,,,
SUR,Suriname,1965,397.0,A,,,,
SUR,Suriname,1966,377.0,A,,,,
SUR,Suriname,1967,431.0,A,,,,
SUR,Suriname,1968,359.0,A,,,,
SUR,Suriname,1969,233.0,A,,,,
SUR,Suriname,1970,207.0,A,,,,
SUR,Suriname,1971,200.0,A,,,,
SUR,Suriname,1972,98.0,A,,,,
SUR,Suriname,1973,89.0,A,,,,
SUR,Suriname,1974,91.0,A,,,,
SUR,Suriname,1975,88.0,A,,,,
SUR,Suriname,1976,76.0,A,,,,
SUR,Suriname,1977,90.0,A,,,,
SUR,Suriname,1978,52.0,A,,,,
SUR,Suriname,1979,59.0,A,,,,
SUR,Suriname,1980,45.0,A,,,,
SUR,Suriname,1981,53.0,A,,,,
SUR,Suriname,1982,44.0,A,,,,
SUR,Suriname,1983,47.0,A,,,,
SUR,Suriname,1984,40.0,A,,,,
SUR,Suriname,1985,35.0,A,,,,
SUR,Suriname,1986,44.0,A,,,,
SUR,Suriname,1987,36.0,A,,,,
SUR,Suriname,1988,39.0,A,,,,
SUR,Suriname,1989,49.0,A,,,,
SUR,Suriname,1990,46.0,A,,,,
SUR,Suriname,1991,55.0,A,,,,
SUR,Suriname,1992,43.0,A,,,,
SUR,Suriname,1993,50.0,E,,,,
SUR,Suriname,1994,42.0,A,,,,
SUR,Suriname,1995,50.0,A,,,42.125,9.608
SUR,Suriname,1996,33.0,A,,,,
SUR,Suriname,1997,16.0,A,,,,
SUR,Suriname,1998,11.0,A,2.801,0.55,,
SUR,Suriname,1999,10.0,A,1.36,0.296,4.799,0.988
SUR,Suriname,2000,4.0,A,132.05599999999998,54.923,,
SUR,Suriname,2001,4.0,A,1.658,0.89,0.034,0.012
SUR,Suriname,2002,4.0,E,4.718,2.6,,
SUR,Suriname,2003,5.32,I,15.784,4.827,31.735,25.215
SUR,Suriname,2004,4.0,E,,,157.872,107.658
SUR,Suriname,2005,4.0,E,0.852,0.216,8.256,2.222
SUR,Suriname,2006,6.0,E,9.259,2.37,,
SUR,Suriname,2007,10.0,E,40.347,8.76,11.06,3.72
SUR,Suriname,2008,10.0,E,2.032,0.432,50.182,11.921
SUR,Suriname,2009,9.0,E,22.4,6.69,780.593,237.449
SUR,Suriname,2010,6.41,I,0.604,0.04,15.847,3.99
SUR,Suriname,2011,5.61,I,0.224,0.035,39.062,10.654
SUR,Suriname,2012,5.97,I,46.581,5.811999999999999,7.53,28.648
SUR,Suriname,2013,5.97,I,,,12.043,2.979
SUR,Suriname,2014,5.87,I,,,1.305,1.303
SUR,Suriname,2015,6.0,I,0.066,0.043,0.798,0.603
SUR,Suriname,2016,5.53,I,,,4.323,1.005
SUR,Suriname,2017,5.8,E,53.401,23.594,1.709,3.47
SUR,Suriname,2018,5.78,E,,,1.402,2.119
SUR,Suriname,2019,5.44,I,1.734,1.841,7.050000000000001,5.761
SUR,Suriname,2020,5.49,I,88.017,19.303,5.012,0.595
SUR,Suriname,2021,6.14,I,0.535,0.06,2.92,0.204
SUR,Suriname,2022,6.22,I,,,29.337,7.331
SUR,Suriname,2023,6.22,I,,,46.953,21.817
SUR,Suriname,2024,6.22,I,,,75.646,24.712
THA,Thailand,1961,60.0,X,,,,
THA,Thailand,1962,60.0,X,,,,
THA,Thailand,1963,60.0,X,,,,
THA,Thailand,1964,60.0,X,,,,
THA,Thailand,1965,120.0,X,,,,
THA,Thailand,1966,120.0,X,,,,
THA,Thailand,1967,120.0,X,,,,
THA,Thailand,1968,180.0,X,,,,
THA,Thailand,1969,240.0,X,,,,
THA,Thailand,1970,600.0,X,,,,
THA,Thailand,1971,1140.0,X,,,,
THA,Thailand,1972,1657.0,A,,,,
THA,Thailand,1973,2240.0,A,,,,
THA,Thailand,1974,4020.0,A,,,,
THA,Thailand,1975,5816.0,A,,,,
THA,Thailand,1976,7635.0,A,,,,
THA,Thailand,1977,6300.0,A,,,,
THA,Thailand,1978,6900.0,A,,,,
THA,Thailand,1979,7500.0,A,,,,
THA,Thailand,1980,9120.0,A,,,,
THA,Thailand,1981,12060.0,A,,,,
THA,Thailand,1982,18539.0,A,,,,
THA,Thailand,1983,18035.0,A,,,,
THA,Thailand,1984,18099.0,A,,,,
THA,Thailand,1985,26641.0,A,,,,
THA,Thailand,1986,31455.0,A,,,,
THA,Thailand,1987,25220.0,A,,,,
THA,Thailand,1988,35154.0,A,,,,
THA,Thailand,1989,59580.0,A,,,,
THA,Thailand,1990,71483.0,A,,,,
THA,Thailand,1991,47328.0,A,,,,
THA,Thailand,1992,80386.0,A,,,,
THA,Thailand,1993,70426.0,A,,,,
THA,Thailand,1994,78175.0,A,,,,
THA,Thailand,1995,86450.0,A,214449.444,78124.223,558.664,213.222
THA,Thailand,1996,80287.0,A,123686.645,66815.418,24.312,20.937
THA,Thailand,1997,83810.0,A,99276.432,72214.437,191.301,81.749
THA,Thailand,1998,78444.0,A,96995.877,59409.401,2190.352,1348.3760000000002
THA,Thailand,1999,54923.0,A,36910.448,26820.525,262.773,129.008
THA,Thailand,2000,81057.0,A,47007.09,46045.209,10908.754,14443.319
THA,Thailand,2001,86009.0,A,30736.517,53341.085,236.591,163.578
THA,Thailand,2002,53447.0,A,8035.401000000001,9867.751,109.295,58.872
THA,Thailand,2003,53907.0,A,8460.616,9532.626,214.238,166.572
THA,Thailand,2004,61765.0,A,13630.169999999998,17727.454999999998,41.004,53.363
THA,Thailand,2005,59644.0,A,15036.736,13789.67,337.15500000000003,211.131
THA,Thailand,2006,46873.0,A,39537.255,31668.879,240.072,391.398
THA,Thailand,2007,55660.0,A,33256.141,17948.122,399.233,394.10100000000006
THA,Thailand,2008,50442.0,A,17729.302,6448.692,33888.361000000004,14789.361
THA,Thailand,2009,56315.0,A,2944.323,1106.501,8799.476999999999,6330.221
THA,Thailand,2010,48955.0,A,4029.61,1277.29,22976.51,14047.589
THA,Thailand,2011,42394.0,A,5036.359,1015.817,83933.143,33540.119
THA,Thailand,2012,41461.0,A,8403.913,2804.5660000000003,63793.19899999999,28817.625
THA,Thailand,2013,37569.0,A,9098.399,2798.705,71022.411,34305.876
THA,Thailand,2014,37950.0,A,4349.782,1053.17,94874.11699999998,46192.995
THA,Thailand,2015,26089.0,A,4560.806,1212.175,106880.509,56878.571
THA,Thailand,2016,30579.0,A,5122.485,1115.832,88636.93599999999,46024.927
THA,Thailand,2017,25909.0,A,2274.519,395.742,125472.323,54609.237
THA,Thailand,2018,23619.0,A,4859.984,1041.783,118506.304,32632.38
THA,Thailand,2019,26424.38,A,4084.93,786.615,80251.125,45027.379
THA,Thailand,2020,22483.0,A,2754.778,456.632,95350.165,58306.46600000001
THA,Thailand,2021,21774.51,A,3193.405,536.557,108458.817,57897.469000000005
THA,Thailand,2022,18740.0,A,4703.645,766.437,147779.39,61157.426
THA,Thailand,2023,16690.0,A,3027.182,415.12,189341.429,62074.09
THA,Thailand,2024,16623.48,A,3480.974,668.7860000000001,246483.596,61560.69
TLS,Timor-Leste,1961,1700.0,A,,,,
TLS,Timor-Leste,1962,2127.0,A,,,,
TLS,Timor-Leste,1963,2453.0,A,,,,
TLS,Timor-Leste,1964,2378.0,A,,,,
TLS,Timor-Leste,1965,2806.0,A,,,,
TLS,Timor-Leste,1966,2088.0,A,,,,
TLS,Timor-Leste,1967,6602.0,A,,,,
TLS,Timor-Leste,1968,1023.0,A,,,,
TLS,Timor-Leste,1969,5025.0,A,,,,
TLS,Timor-Leste,1970,4906.0,A,,,,
TLS,Timor-Leste,1971,5275.0,A,,,,
TLS,Timor-Leste,1972,4701.0,A,,,,
TLS,Timor-Leste,1973,5355.0,A,,,,
TLS,Timor-Leste,1974,4500.0,X,,,,
TLS,Timor-Leste,1975,4500.0,X,,,,
TLS,Timor-Leste,1976,6000.0,E,,,,
TLS,Timor-Leste,1977,8500.0,X,,,,
TLS,Timor-Leste,1978,8500.0,E,,,,
TLS,Timor-Leste,1979,8000.0,E,,,,
TLS,Timor-Leste,1980,8000.0,E,,,,
TLS,Timor-Leste,1981,8000.0,E,,,,
TLS,Timor-Leste,1982,8000.0,E,,,,
TLS,Timor-Leste,1983,8000.0,E,,,,
TLS,Timor-Leste,1984,8000.0,E,,,,
TLS,Timor-Leste,1985,8000.0,E,,,,
TLS,Timor-Leste,1986,8000.0,E,,,,
TLS,Timor-Leste,1987,8000.0,E,,,,
TLS,Timor-Leste,1988,8000.0,E,,,,
TLS,Timor-Leste,1989,8000.0,E,,,,
TLS,Timor-Leste,1990,8631.0,E,,,,
TLS,Timor-Leste,1991,8538.26,I,,,,
TLS,Timor-Leste,1992,7734.0,X,,,,
TLS,Timor-Leste,1993,8000.0,E,,,,
TLS,Timor-Leste,1994,9000.0,E,,,,
TLS,Timor-Leste,1995,10000.0,E,,,,
TLS,Timor-Leste,1996,10987.0,A,,,,
TLS,Timor-Leste,1997,9723.0,X,,,,
TLS,Timor-Leste,1998,11000.0,E,,,,
TLS,Timor-Leste,1999,12000.0,E,,,,
TLS,Timor-Leste,2000,13000.0,E,980.71,1087.683,0.657,1.343
TLS,Timor-Leste,2001,14134.0,X,3382.744,3422.242,0.175,0.863
TLS,Timor-Leste,2002,14000.0,E,2899.515,2860.304,1.203,0.909
TLS,Timor-Leste,2003,12000.0,E,5891.677,4847.495,0.017,0.026
TLS,Timor-Leste,2004,14500.0,X,6677.857,4973.192,40.208,28.499
TLS,Timor-Leste,2005,14500.0,X,7527.381,4932.335,70.373,52.37
TLS,Timor-Leste,2006,14000.0,X,8849.053,4068.535,,
TLS,Timor-Leste,2007,14000.0,X,5335.493,1983.979,,
TLS,Timor-Leste,2008,14009.0,A,11557.578,4268.949,108.112,35.053
TLS,Timor-Leste,2009,10122.0,A,7230.769,2773.574,73.95700000000001,79.312
TLS,Timor-Leste,2010,12653.0,A,13626.981,4535.133,0.208,0.174
TLS,Timor-Leste,2011,8320.0,A,25941.710000000003,8043.523999999999,0.288,0.042
TLS,Timor-Leste,2012,3660.0,X,11899.275,3807.105,1.183,0.107
TLS,Timor-Leste,2013,4800.0,X,10719.65,3330.548,0.204,0.045
TLS,Timor-Leste,2014,6660.0,X,18181.777,5288.737,,
TLS,Timor-Leste,2015,3540.0,X,11753.645,3384.53,45.067,2.52
TLS,Timor-Leste,2016,4920.0,X,14090.007,4755.028,21.978,6.734
TLS,Timor-Leste,2017,3900.0,X,16623.263,5160.703,1474.2949999999998,1204.6840000000002
TLS,Timor-Leste,2018,8340.0,X,18093.042,5234.786,1316.3069999999998,734.909
TLS,Timor-Leste,2019,6180.0,X,17997.144,5618.522999999999,733.7,499.277
TLS,Timor-Leste,2020,9088.23,I,12305.776,3571.558,196.549,186.584
TLS,Timor-Leste,2021,13313.98,A,18183.287,5011.858,8.831999999999999,2.758
TLS,Timor-Leste,2022,11571.53,I,31880.394,7239.556,11.409,5.122
TLS,Timor-Leste,2023,9637.22,I,18998.712,6281.974,8.247,1.195
TLS,Timor-Leste,2024,9522.52,I,14395.978,3717.455,6.5680000000000005,0.585
TGO,Togo,1961,10300.0,X,,,,
TGO,Togo,1962,11600.0,X,,,,
TGO,Togo,1963,13800.0,X,,,,
TGO,Togo,1964,13800.0,X,,,,
TGO,Togo,1965,13500.0,X,,,,
TGO,Togo,1966,7900.0,X,,,,
TGO,Togo,1967,10500.0,X,,,,
TGO,Togo,1968,17208.0,A,,,,
TGO,Togo,1969,13795.0,A,,,,
TGO,Togo,1970,13877.0,A,,,,
TGO,Togo,1971,6459.0,A,,,,
TGO,Togo,1972,6806.0,A,,,,
TGO,Togo,1973,6756.0,A,,,,
TGO,Togo,1974,7694.0,A,,,,
TGO,Togo,1975,10800.0,A,,,,
TGO,Togo,1976,8512.0,A,,,,
TGO,Togo,1977,10430.0,A,,,,
TGO,Togo,1978,4707.0,A,,,,
TGO,Togo,1979,6229.0,A,,,,
TGO,Togo,1980,10385.0,A,,,,
TGO,Togo,1981,8878.0,A,,,,
TGO,Togo,1982,9237.0,A,,,,
TGO,Togo,1983,5941.0,A,,,,
TGO,Togo,1984,2689.0,A,,,,
TGO,Togo,1985,10044.0,A,,,,
TGO,Togo,1986,8179.0,A,,,,
TGO,Togo,1987,13611.0,A,,,,
TGO,Togo,1988,14500.0,A,,,,
TGO,Togo,1989,12121.0,A,,,,
TGO,Togo,1990,12800.0,A,,,,
TGO,Togo,1991,24900.0,A,,,,
TGO,Togo,1992,6300.0,A,,,,
TGO,Togo,1993,11000.0,A,,,,
TGO,Togo,1994,10600.0,A,,,,
TGO,Togo,1995,12080.0,A,33460.456,11468.817,311.499,99.214
TGO,Togo,1996,22400.0,A,11792.222,4881.593,52.04,28.267000000000003
TGO,Togo,1997,10600.0,A,31002.18,15926.978,119.384,40.854
TGO,Togo,1998,20000.0,A,22333.823,11711.015,570.658,711.687
TGO,Togo,1999,17000.0,A,31351.278,17004.525,1456.706,1650.0
TGO,Togo,2000,15200.0,A,18375.079,13621.847,4481.551,4127.098
TGO,Togo,2001,16900.0,A,10088.46,12444.51,303.183,503.146
TGO,Togo,2002,7900.0,A,6969.944,9511.045,41.161,89.667
TGO,Togo,2003,5500.0,A,6007.641,6854.566,45.441,52.974
TGO,Togo,2004,9300.0,A,7772.157,8965.375,55.614,305.137
TGO,Togo,2005,7200.0,A,13013.054,12793.992,7.456,7.032
TGO,Togo,2006,8900.0,A,11551.82,8489.502,,
TGO,Togo,2007,9300.0,A,24408.496,13179.603,189.919,335.221
TGO,Togo,2008,9143.0,A,36430.939,15927.959,55.222,19.159
TGO,Togo,2009,11700.0,A,22123.285,11564.7,5.785,1.349
TGO,Togo,2010,11500.0,A,48498.817,30104.960000000003,53.719,19.033
TGO,Togo,2011,12500.0,A,91583.131,39875.466,581.422,762.9269999999999
TGO,Togo,2012,10843.0,A,56471.85,25750.969,1342.407,853.699
TGO,Togo,2013,10950.0,A,24537.051,10795.246,3529.176,320.93000000000006
TGO,Togo,2014,15500.0,A,17453.767,8499.458999999999,100.993,37.708
TGO,Togo,2015,16093.0,A,22999.181,10656.427,39.137,23.224
TGO,Togo,2016,17933.0,A,14149.185,7205.811,12.374,12.349
TGO,Togo,2017,18476.0,A,9250.577,4234.75,52.684,77.57900000000001
TGO,Togo,2018,19076.0,A,15596.958000000002,8391.661,65.384,21.731
TGO,Togo,2019,21316.0,A,10403.338,6152.255,57.199,23.598
TGO,Togo,2020,22006.0,A,6328.61,3985.987,47.817,28.434
TGO,Togo,2021,23106.0,A,4987.388,3043.847,15.009,5.208
TGO,Togo,2022,25132.0,A,10141.464,5007.459,31.267,10.831
TGO,Togo,2023,22619.45,I,12905.619,6568.158,104.966,41.062
TGO,Togo,2024,21769.41,I,16606.07,5217.049,15.667,13.593
TON,Tonga,1983,10.0,E,,,,
TON,Tonga,1984,12.0,E,,,,
TON,Tonga,1985,14.0,E,,,,
TON,Tonga,1986,14.0,E,,,,
TON,Tonga,1987,14.0,E,,,,
TON,Tonga,1988,14.0,E,,,,
TON,Tonga,1989,14.0,E,,,,
TON,Tonga,1990,13.0,E,,,,
TON,Tonga,1991,11.81,I,,,,
TON,Tonga,1992,12.68,I,,,,
TON,Tonga,1993,13.68,I,,,,
TON,Tonga,1994,13.69,I,,,,
TON,Tonga,1995,14.0,A,,,,
TON,Tonga,1996,15.0,E,,,,
TON,Tonga,1997,14.46,I,,,,
TON,Tonga,1998,14.02,I,,,,
TON,Tonga,1999,14.05,I,30.597,15.125,,
TON,Tonga,2000,14.08,I,195.744,138.417,,
TON,Tonga,2001,14.1,I,38.867,59.83,1.484,0.672
TON,Tonga,2002,14.12,I,,,1.501,0.06
TON,Tonga,2003,14.13,I,,,9.817,1.64
TON,Tonga,2004,14.09,I,24.443,18.73,7.105,5.187
TON,Tonga,2005,15.69,I,5.036,0.6,0.423,0.024
TON,Tonga,2006,18.0,E,19.051,9.458,22.009,16.045
TON,Tonga,2007,17.12,I,4.866,0.622,1.969,0.245
TON,Tonga,2008,16.89,I,52.917,20.92,16.415,4.516
TON,Tonga,2009,16.65,I,0.941,0.055,28.54,6.706
TON,Tonga,2010,16.36,I,64.26400000000001,41.48,37.678,3.461
TON,Tonga,2011,16.02,I,0.158,0.063,25.741000000000003,3.5460000000000003
TON,Tonga,2012,15.73,I,0.51,0.056,30.902,2.985
TON,Tonga,2013,15.0,E,,,82.493,9.587
TON,Tonga,2014,14.86,I,,,97.859,14.585
TON,Tonga,2015,15.99,I,,,5.181,0.916
TON,Tonga,2016,15.28,E,,,2.61,0.666
TON,Tonga,2017,15.2,I,,,3.248,0.316
TON,Tonga,2018,15.22,I,,,1.36,0.333
TON,Tonga,2019,15.24,I,10.087,5.967,9.603,0.883
TON,Tonga,2020,15.32,I,0.041,0.005,10.614,1.662
TON,Tonga,2021,15.38,I,,,26.746,4.379
TON,Tonga,2022,15.24,I,,,13.74,1.685
TON,Tonga,2023,15.21,I,1.005,0.242,15.1,2.575
TON,Tonga,2024,15.18,I,,,0.98,0.076
TTO,Trinidad and Tobago,1961,2885.0,A,,,,
TTO,Trinidad and Tobago,1962,3900.0,A,,,,
TTO,Trinidad and Tobago,1963,3625.0,A,,,,
TTO,Trinidad and Tobago,1964,4181.0,A,,,,
TTO,Trinidad and Tobago,1965,4198.0,A,,,,
TTO,Trinidad and Tobago,1966,2920.0,A,,,,
TTO,Trinidad and Tobago,1967,3117.0,A,,,,
TTO,Trinidad and Tobago,1968,4586.0,A,,,,
TTO,Trinidad and Tobago,1969,3191.0,A,,,,
TTO,Trinidad and Tobago,1970,2302.0,A,,,,
TTO,Trinidad and Tobago,1971,3894.0,A,,,,
TTO,Trinidad and Tobago,1972,3300.0,A,,,,
TTO,Trinidad and Tobago,1973,2717.0,A,,,,
TTO,Trinidad and Tobago,1974,1940.0,A,,,,
TTO,Trinidad and Tobago,1975,4024.0,A,,,,
TTO,Trinidad and Tobago,1976,2671.0,A,,,,
TTO,Trinidad and Tobago,1977,2918.0,A,,,,
TTO,Trinidad and Tobago,1978,2500.0,A,,,,
TTO,Trinidad and Tobago,1979,2497.0,A,,,,
TTO,Trinidad and Tobago,1980,2240.0,A,,,,
TTO,Trinidad and Tobago,1981,2433.0,A,,,,
TTO,Trinidad and Tobago,1982,1794.0,A,,,,
TTO,Trinidad and Tobago,1983,1389.0,A,,,,
TTO,Trinidad and Tobago,1984,852.0,A,,,,
TTO,Trinidad and Tobago,1985,2141.0,A,,,,
TTO,Trinidad and Tobago,1986,1334.0,A,,,,
TTO,Trinidad and Tobago,1987,1842.0,A,,,,
TTO,Trinidad and Tobago,1988,582.0,A,,,,
TTO,Trinidad and Tobago,1989,1206.0,A,,,,
TTO,Trinidad and Tobago,1990,1944.0,A,,,,
TTO,Trinidad and Tobago,1991,914.0,A,,,,
TTO,Trinidad and Tobago,1992,707.0,A,,,,
TTO,Trinidad and Tobago,1993,874.0,A,,,,
TTO,Trinidad and Tobago,1994,1015.0,A,,,,
TTO,Trinidad and Tobago,1995,831.0,A,149.10500000000002,43.575,149.045,37.393
TTO,Trinidad and Tobago,1996,352.0,A,605.707,178.74,125.163,74.195
TTO,Trinidad and Tobago,1997,1102.0,A,282.857,19.709,124.929,28.187
TTO,Trinidad and Tobago,1998,367.0,A,174.585,14.066,122.83,27.745
TTO,Trinidad and Tobago,1999,343.0,A,275.698,21.705,782.923,375.21
TTO,Trinidad and Tobago,2000,553.0,A,822.6560000000001,676.329,136.223,93.97
TTO,Trinidad and Tobago,2001,406.0,A,235.897,202.059,249.531,4542.125
TTO,Trinidad and Tobago,2002,247.0,A,85.81,43.469,5.281000000000001,0.892
TTO,Trinidad and Tobago,2003,586.0,A,48.396,6.09,9.476,2.865
TTO,Trinidad and Tobago,2004,109.0,A,74.457,6.549,42.394,18.936
TTO,Trinidad and Tobago,2005,350.0,E,34.493,7.058,67.566,17.293
TTO,Trinidad and Tobago,2006,720.0,X,50.859,22.37,140.76000000000002,55.824
TTO,Trinidad and Tobago,2007,60.0,X,38.574,9.153,233.894,93.385
TTO,Trinidad and Tobago,2008,60.0,X,39.432,7.1000000000000005,472.782,162.194
TTO,Trinidad and Tobago,2009,129.01,I,109.362,29.687,570.0,9546.351
TTO,Trinidad and Tobago,2010,51.27,I,28.396,20.068,538.748,220.286
TTO,Trinidad and Tobago,2011,72.72,I,68.836,14.862,654.7189999999999,290.905
TTO,Trinidad and Tobago,2012,50.78,I,105.108,56.135,609.813,199.913
TTO,Trinidad and Tobago,2013,51.25,I,45.752,5.862,840.754,323.454
TTO,Trinidad and Tobago,2014,51.16,I,21.373,2.616,666.0930000000001,256.749
TTO,Trinidad and Tobago,2015,30.79,I,18.168,3.798,663.567,278.492
TTO,Trinidad and Tobago,2016,707.0,X,19.813,2.299,639.1279999999999,240.844
TTO,Trinidad and Tobago,2017,707.0,X,40.391,9.29,828.021,251.377
TTO,Trinidad and Tobago,2018,720.0,X,38.039,7.924,849.429,303.995
TTO,Trinidad and Tobago,2019,800.0,X,107.986,9.864,741.07,299.019
TTO,Trinidad and Tobago,2020,742.33,E,536.311,159.79899999999998,717.881,312.247
TTO,Trinidad and Tobago,2021,754.11,E,653.3950000000001,153.488,1051.837,341.88300000000004
TTO,Trinidad and Tobago,2022,765.48,E,435.166,87.997,1108.362,297.618
TTO,Trinidad and Tobago,2023,753.98,E,728.792,165.336,846.7460000000001,252.998
TTO,Trinidad and Tobago,2024,757.86,E,519.053,142.11,1032.146,242.023
UGA,Uganda,1961,94100.0,A,,,,
UGA,Uganda,1962,119000.0,A,,,,
UGA,Uganda,1963,158200.0,A,,,,
UGA,Uganda,1964,172400.0,A,,,,
UGA,Uganda,1965,152100.0,A,,,,
UGA,Uganda,1966,153900.0,A,,,,
UGA,Uganda,1967,166400.0,A,,,,
UGA,Uganda,1968,133000.0,A,,,,
UGA,Uganda,1969,247200.0,A,,,,
UGA,Uganda,1970,201500.0,A,,,,
UGA,Uganda,1971,175500.0,A,,,,
UGA,Uganda,1972,183700.0,A,,,,
UGA,Uganda,1973,212600.0,A,,,,
UGA,Uganda,1974,199100.0,A,,,,
UGA,Uganda,1975,199000.0,A,,,,
UGA,Uganda,1976,137100.0,A,,,,
UGA,Uganda,1977,155900.0,A,,,,
UGA,Uganda,1978,121300.0,A,,,,
UGA,Uganda,1979,103000.0,A,,,,
UGA,Uganda,1980,135200.0,A,,,,
UGA,Uganda,1981,97500.0,A,,,,
UGA,Uganda,1982,161866.0,A,,,,
UGA,Uganda,1983,148224.0,A,,,,
UGA,Uganda,1984,145971.0,A,,,,
UGA,Uganda,1985,143995.0,A,,,,
UGA,Uganda,1986,159881.0,A,,,,
UGA,Uganda,1987,167067.0,A,,,,
UGA,Uganda,1988,151157.0,A,,,,
UGA,Uganda,1989,169042.0,A,,,,
UGA,Uganda,1990,128747.0,A,,,,
UGA,Uganda,1991,147366.0,A,,,,
UGA,Uganda,1992,110334.0,A,,,,
UGA,Uganda,1993,144551.0,A,,,,
UGA,Uganda,1994,198371.0,A,,,,
UGA,Uganda,1995,181465.0,A,559217.741,162297.27,388.547,122.898
UGA,Uganda,1996,287925.0,A,652379.282,273756.165,1235.883,643.601
UGA,Uganda,1997,219624.0,A,503030.571,250690.623,192.126,55.917
UGA,Uganda,1998,205056.0,A,431604.737,183563.763,52.851,26.102
UGA,Uganda,1999,251881.0,A,428803.104,157592.998,876.59,460.999
UGA,Uganda,2000,143475.0,A,203397.817,159438.288,251.547,151.296
UGA,Uganda,2001,197410.0,A,123504.171,142307.797,53.352,44.61
UGA,Uganda,2002,209547.0,A,131892.701,176124.141,70.706,19.691
UGA,Uganda,2003,150871.0,A,152038.927,163675.505,4098.407,4052.211
UGA,Uganda,2004,170081.0,A,173994.409,157052.501,8062.963000000001,6429.117
UGA,Uganda,2005,158100.0,A,207378.287,140997.468,1176.265,437.566
UGA,Uganda,2006,133310.0,A,193191.865,101157.37,377.002,306.558
UGA,Uganda,2007,175346.0,A,271124.337,138384.201,314.702,419.872
UGA,Uganda,2008,211726.0,A,405509.619,165600.152,532.917,304.811
UGA,Uganda,2009,195871.0,A,372728.785,184461.025,216.532,148.579
UGA,Uganda,2010,166968.0,A,329748.017,155154.165,1438.167,803.9590000000001
UGA,Uganda,2011,191371.0,A,488891.26,184929.822,884.462,324.486
UGA,Uganda,2012,186125.0,A,442806.493,157620.801,640.551,429.62
UGA,Uganda,2013,222894.0,A,465180.258,197740.091,831.965,6925.524000000001
UGA,Uganda,2014,220135.0,A,433749.43,193352.284,1641.81,935.21
UGA,Uganda,2015,229149.0,A,458683.022,204093.805,1474.069,2886.236
UGA,Uganda,2016,243061.0,A,398708.355,176269.212,2090.473,1657.104
UGA,Uganda,2017,302063.0,A,542655.475,232143.055,9406.745,4506.662
UGA,Uganda,2018,284225.0,A,504842.666,243269.127,11193.722,11820.758
UGA,Uganda,2019,313933.0,A,471489.822,252165.465,11281.518,8294.91
UGA,Uganda,2020,360103.0,A,566225.428,304772.424,14150.872,27604.922
UGA,Uganda,2021,414007.0,A,718918.9600000001,369107.159,2045.136,1579.1219999999998
UGA,Uganda,2022,507000.0,A,948141.055,359680.943,2287.128,1080.597
UGA,Uganda,2023,468000.0,A,994801.442,370712.699,2485.922,4054.003
UGA,Uganda,2024,402000.0,X,1353364.532,357255.226,810.253,1188.271
TZA,United Republic of Tanzania,1961,33000.0,E,,,,
TZA,United Republic of Tanzania,1962,35000.0,E,,,,
TZA,United Republic of Tanzania,1963,40900.0,A,,,,
TZA,United Republic of Tanzania,1964,43600.0,A,,,,
TZA,United Republic of Tanzania,1965,56400.0,A,,,,
TZA,United Republic of Tanzania,1966,66900.0,A,,,,
TZA,United Republic of Tanzania,1967,49600.0,A,,,,
TZA,United Republic of Tanzania,1968,51100.0,A,,,,
TZA,United Republic of Tanzania,1969,51545.0,A,,,,
TZA,United Republic of Tanzania,1970,46140.0,A,,,,
TZA,United Republic of Tanzania,1971,49700.0,A,,,,
TZA,United Republic of Tanzania,1972,52126.0,A,,,,
TZA,United Republic of Tanzania,1973,54997.0,A,,,,
TZA,United Republic of Tanzania,1974,59454.0,A,,,,
TZA,United Republic of Tanzania,1975,62291.0,A,,,,
TZA,United Republic of Tanzania,1976,43278.0,A,,,,
TZA,United Republic of Tanzania,1977,50216.0,A,,,,
TZA,United Republic of Tanzania,1978,51359.0,A,,,,
TZA,United Republic of Tanzania,1979,47875.0,A,,,,
TZA,United Republic of Tanzania,1980,47802.0,A,,,,
TZA,United Republic of Tanzania,1981,66441.0,A,,,,
TZA,United Republic of Tanzania,1982,53120.0,A,,,,
TZA,United Republic of Tanzania,1983,52129.0,A,,,,
TZA,United Republic of Tanzania,1984,56943.0,A,,,,
TZA,United Republic of Tanzania,1985,45808.0,A,,,,
TZA,United Republic of Tanzania,1986,54756.0,A,,,,
TZA,United Republic of Tanzania,1987,57653.0,A,,,,
TZA,United Republic of Tanzania,1988,45510.0,A,,,,
TZA,United Republic of Tanzania,1989,48800.0,A,,,,
TZA,United Republic of Tanzania,1990,53420.0,A,,,,
TZA,United Republic of Tanzania,1991,46210.0,A,,,,
TZA,United Republic of Tanzania,1992,56030.0,A,,,,
TZA,United Republic of Tanzania,1993,59574.0,A,,,,
TZA,United Republic of Tanzania,1994,34151.0,A,,,,
TZA,United Republic of Tanzania,1995,41971.0,A,140357.859,38586.45,2018.878,590.683
TZA,United Republic of Tanzania,1996,52490.0,A,129641.209,50532.045,3109.648,1478.415
TZA,United Republic of Tanzania,1997,43568.0,A,118110.836,39702.549,2384.459,2827.08
TZA,United Republic of Tanzania,1998,38002.0,A,119903.947,39287.21,2795.682,4333.045999999999
TZA,United Republic of Tanzania,1999,46670.0,A,95629.282,41273.073,8313.996,4940.578
TZA,United Republic of Tanzania,2000,47800.0,A,88959.68400000001,47397.863,873.928,741.484
TZA,United Republic of Tanzania,2001,58100.0,A,71040.922,52117.12,4773.103,5154.079
TZA,United Republic of Tanzania,2002,66170.0,A,40381.982,36997.315,195.816,210.378
TZA,United Republic of Tanzania,2003,52320.0,A,63409.317,52304.226,3067.269,3034.393
TZA,United Republic of Tanzania,2004,72440.0,A,55522.362,40694.304,10113.749000000002,5801.417
TZA,United Republic of Tanzania,2005,95390.0,A,94669.16,53608.601,404.381,257.608
TZA,United Republic of Tanzania,2006,34300.0,A,82610.944,38711.605,1431.792,848.905
TZA,United Republic of Tanzania,2007,48869.0,A,119111.74,51888.961,376.764,336.339
TZA,United Republic of Tanzania,2008,43100.0,A,117453.458,43023.149,365.133,163.25
TZA,United Republic of Tanzania,2009,62350.0,A,165619.601,63656.168000000005,429.484,163.679
TZA,United Republic of Tanzania,2010,40000.0,A,131558.234,44749.6,19.339,49.415
TZA,United Republic of Tanzania,2011,60575.0,A,210448.714,51797.246,72.041,20.944
TZA,United Republic of Tanzania,2012,66204.0,A,176218.645,46455.495,1962.03,518.6700000000001
TZA,United Republic of Tanzania,2013,71200.0,A,178107.063,65997.509,17.652,6.7330000000000005
TZA,United Republic of Tanzania,2014,48982.0,A,144443.087,47331.037,26.376,12.03
TZA,United Republic of Tanzania,2015,42674.0,A,162232.705,51694.889,6.895,12.826
TZA,United Republic of Tanzania,2016,60921.0,A,151108.215,53887.003,316.796,149.522
TZA,United Republic of Tanzania,2017,47693.0,A,141678.354,46675.98,57.726,23.153
TZA,United Republic of Tanzania,2018,45254.0,A,155503.399,50270.931,67.866,46.126000000000005
TZA,United Republic of Tanzania,2019,68147.0,A,158604.146,64469.069,11.885000000000002,1.977
TZA,United Republic of Tanzania,2020,60651.0,A,138284.192,56612.476,157.588,64.83
TZA,United Republic of Tanzania,2021,73027.0,A,178246.229,69269.549,3045.918,849.609
TZA,United Republic of Tanzania,2022,66837.0,A,249918.715,63688.474,3118.567,2171.148
TZA,United Republic of Tanzania,2023,62917.0,A,284735.765,85621.361,1386.155,931.877
TZA,United Republic of Tanzania,2024,77417.0,A,311841.084,76048.775,949.342,474.066
VUT,Vanuatu,1961,240.0,E,,,,
VUT,Vanuatu,1962,200.0,E,,,,
VUT,Vanuatu,1963,200.0,E,,,,
VUT,Vanuatu,1964,200.0,E,,,,
VUT,Vanuatu,1965,250.0,E,,,,
VUT,Vanuatu,1966,250.0,E,,,,
VUT,Vanuatu,1967,300.0,E,,,,
VUT,Vanuatu,1968,240.0,X,,,,
VUT,Vanuatu,1969,180.0,X,,,,
VUT,Vanuatu,1970,120.0,X,,,,
VUT,Vanuatu,1971,120.0,X,,,,
VUT,Vanuatu,1972,120.0,X,,,,
VUT,Vanuatu,1973,120.0,X,,,,
VUT,Vanuatu,1974,120.0,X,,,,
VUT,Vanuatu,1975,60.0,X,,,,
VUT,Vanuatu,1976,60.0,X,,,,
VUT,Vanuatu,1977,60.0,E,,,,
VUT,Vanuatu,1978,60.0,E,,,,
VUT,Vanuatu,1979,80.0,E,,,,
VUT,Vanuatu,1980,60.0,E,,,,
VUT,Vanuatu,1981,61.0,A,,,,
VUT,Vanuatu,1982,21.0,A,,,,
VUT,Vanuatu,1983,38.0,A,,,,
VUT,Vanuatu,1984,55.0,A,,,,
VUT,Vanuatu,1985,65.0,A,,,,
VUT,Vanuatu,1986,57.0,A,,,,
VUT,Vanuatu,1987,53.0,A,,,,
VUT,Vanuatu,1988,15.0,A,,,,
VUT,Vanuatu,1989,25.0,A,,,,
VUT,Vanuatu,1990,15.0,A,,,,
VUT,Vanuatu,1991,42.0,A,,,,
VUT,Vanuatu,1992,30.0,E,,,,
VUT,Vanuatu,1993,28.13,I,,,,
VUT,Vanuatu,1994,31.22,I,,,,
VUT,Vanuatu,1995,32.86,I,56.484,36.0,3.162,0.308
VUT,Vanuatu,1996,40.0,E,58.716,30.011,19.873,2.562
VUT,Vanuatu,1997,38.34,I,20.437,12.621,15.917,2.625
VUT,Vanuatu,1998,50.0,A,27.171,16.64,3.301,0.375
VUT,Vanuatu,1999,44.69,I,64.548,47.679,0.539,0.062
VUT,Vanuatu,2000,30.0,E,,,0.29,0.021
VUT,Vanuatu,2001,15.0,E,,,,
VUT,Vanuatu,2002,20.2,I,4.781,1.313,3.934,0.147
VUT,Vanuatu,2003,15.85,I,,,9.682,0.568
VUT,Vanuatu,2004,15.71,I,,,6.747,2.1
VUT,Vanuatu,2005,14.0,E,77.869,72.0,16.473000000000003,4.154999999999999
VUT,Vanuatu,2006,15.53,I,462.657,288.708,162.981,78.833
VUT,Vanuatu,2007,15.57,I,,,5.197,9.831
VUT,Vanuatu,2008,15.0,E,,,5.617,2.185
VUT,Vanuatu,2009,15.38,I,0.668,0.041,4.798,2.438
VUT,Vanuatu,2010,15.47,I,46.704,10.251,7.188999999999999,0.6749999999999999
VUT,Vanuatu,2011,15.47,I,85.047,20.589,50.1,24.743
VUT,Vanuatu,2012,15.46,I,9.429,0.763,231.769,115.302
VUT,Vanuatu,2013,15.64,I,63.606,13.555,3.214,0.433
VUT,Vanuatu,2014,15.3,I,243.527,43.308,1.035,0.032
VUT,Vanuatu,2015,15.22,I,174.319,22.557,5.414,1.0
VUT,Vanuatu,2016,15.13,I,12.681,1.0,91.721,18.699
VUT,Vanuatu,2017,15.03,I,40.98,6.22,5.089,0.074
VUT,Vanuatu,2018,14.93,I,168.401,31.827,,
VUT,Vanuatu,2019,14.59,I,26.452,3.0,1.93,0.072
VUT,Vanuatu,2020,14.37,I,107.901,17.269,65.029,17.987000000000002
VUT,Vanuatu,2021,14.44,I,78.357,12.946,22.111,2.16
VUT,Vanuatu,2022,15.0,A,79.824,13.336,47.635,5.896999999999999
VUT,Vanuatu,2023,14.49,I,43.712,6.449,152.293,34.371
VUT,Vanuatu,2024,13.43,I,,,70.96100000000001,8.85
VEN,Venezuela (Bolivarian Republic of),1961,57050.0,A,,,,
VEN,Venezuela (Bolivarian Republic of),1962,54228.0,A,,,,
VEN,Venezuela (Bolivarian Republic of),1963,60678.0,A,,,,
VEN,Venezuela (Bolivarian Republic of),1964,56141.0,A,,,,
VEN,Venezuela (Bolivarian Republic of),1965,54387.0,A,,,,
VEN,Venezuela (Bolivarian Republic of),1966,61000.0,A,,,,
VEN,Venezuela (Bolivarian Republic of),1967,61824.0,A,,,,
VEN,Venezuela (Bolivarian Republic of),1968,45886.0,A,,,,
VEN,Venezuela (Bolivarian Republic of),1969,60665.0,A,,,,
VEN,Venezuela (Bolivarian Republic of),1970,60586.0,A,,,,
VEN,Venezuela (Bolivarian Republic of),1971,58385.0,A,,,,
VEN,Venezuela (Bolivarian Republic of),1972,40406.0,A,,,,
VEN,Venezuela (Bolivarian Republic of),1973,65926.0,A,,,,
VEN,Venezuela (Bolivarian Republic of),1974,45878.0,A,,,,
VEN,Venezuela (Bolivarian Republic of),1975,64611.0,A,,,,
VEN,Venezuela (Bolivarian Republic of),1976,40350.0,A,,,,
VEN,Venezuela (Bolivarian Republic of),1977,57682.0,A,,,,
VEN,Venezuela (Bolivarian Republic of),1978,58977.0,A,,,,
VEN,Venezuela (Bolivarian Republic of),1979,53935.0,A,,,,
VEN,Venezuela (Bolivarian Republic of),1980,58173.0,A,,,,
VEN,Venezuela (Bolivarian Republic of),1981,59566.0,A,,,,
VEN,Venezuela (Bolivarian Republic of),1982,58037.0,A,,,,
VEN,Venezuela (Bolivarian Republic of),1983,58848.0,A,,,,
VEN,Venezuela (Bolivarian Republic of),1984,60861.0,A,,,,
VEN,Venezuela (Bolivarian Republic of),1985,64370.0,A,,,,
VEN,Venezuela (Bolivarian Republic of),1986,66232.0,A,,,,
VEN,Venezuela (Bolivarian Republic of),1987,70188.0,A,,,,
VEN,Venezuela (Bolivarian Republic of),1988,71040.0,A,,,,
VEN,Venezuela (Bolivarian Republic of),1989,72594.0,A,,,,
VEN,Venezuela (Bolivarian Republic of),1990,76412.0,A,,,,
VEN,Venezuela (Bolivarian Republic of),1991,68404.0,A,,,,
VEN,Venezuela (Bolivarian Republic of),1992,69340.0,A,,,,
VEN,Venezuela (Bolivarian Republic of),1993,66476.0,A,,,,
VEN,Venezuela (Bolivarian Republic of),1994,68404.0,A,,,,
VEN,Venezuela (Bolivarian Republic of),1995,65088.0,A,19251.432,6037.291,,
VEN,Venezuela (Bolivarian Republic of),1996,73026.0,A,61366.254,24010.599,,
VEN,Venezuela (Bolivarian Republic of),1997,63000.0,A,27663.239,7568.732,312.474,197.85
VEN,Venezuela (Bolivarian Republic of),1998,66840.0,A,29970.293,12234.857,,
VEN,Venezuela (Bolivarian Republic of),1999,79854.0,A,61799.038,26589.629,531.0840000000001,158.389
VEN,Venezuela (Bolivarian Republic of),2000,78440.0,A,5662.614,2408.786,305.135,359.693
VEN,Venezuela (Bolivarian Republic of),2001,91877.0,A,1553.536,1454.353,127.614,106.908
VEN,Venezuela (Bolivarian Republic of),2002,84470.0,A,14571.901,12002.769,7.874,16.038
VEN,Venezuela (Bolivarian Republic of),2003,64265.0,A,15824.661,12970.443,980.578,692.279
VEN,Venezuela (Bolivarian Republic of),2004,71503.0,A,10732.283,7252.333,4.671,1.749
VEN,Venezuela (Bolivarian Republic of),2005,64484.0,A,879.2669999999999,615.082,278.572,112.124
VEN,Venezuela (Bolivarian Republic of),2006,74332.0,A,4857.777,2341.279,90.036,21.531
VEN,Venezuela (Bolivarian Republic of),2007,70311.0,A,5974.013,2553.914,53.261,21.603
VEN,Venezuela (Bolivarian Republic of),2008,72000.0,A,13943.364,4279.001,4.604,1.479
VEN,Venezuela (Bolivarian Republic of),2009,63193.0,A,1697.187,766.377,58354.57,18074.21
VEN,Venezuela (Bolivarian Republic of),2010,71687.0,A,2005.813,819.062,61572.684,19193.144
VEN,Venezuela (Bolivarian Republic of),2011,72109.0,A,0.039,0.01,123555.198,21988.784
VEN,Venezuela (Bolivarian Republic of),2012,60917.0,A,517.166,149.006,203132.099,44934.097
VEN,Venezuela (Bolivarian Republic of),2013,62069.0,A,822.483,319.033,200275.121,39034.308
VEN,Venezuela (Bolivarian Republic of),2014,52683.0,A,13.051,1.45,62964.478,16123.394
VEN,Venezuela (Bolivarian Republic of),2015,49987.0,A,583.071,134.469,119711.276,33907.163
VEN,Venezuela (Bolivarian Republic of),2016,50947.58,A,0.001,0.0,14915.123,5412.178999999999
VEN,Venezuela (Bolivarian Republic of),2017,56630.0,A,2141.718,898.703,5700.392000000001,2389.796
VEN,Venezuela (Bolivarian Republic of),2018,58188.0,A,5571.4400000000005,4274.2570000000005,6852.589,2051.292
VEN,Venezuela (Bolivarian Republic of),2019,57015.0,A,3233.355,3159.638,4616.717,2752.204
VEN,Venezuela (Bolivarian Republic of),2020,54242.0,A,5443.023,2325.2090000000003,4834.687,3136.1600000000003
VEN,Venezuela (Bolivarian Republic of),2021,53723.0,A,12792.431,3554.952,38.815,8.189
VEN,Venezuela (Bolivarian Republic of),2022,57177.0,A,35848.909,7866.624,854.2810000000001,382.942
VEN,Venezuela (Bolivarian Republic of),2023,58625.0,A,7156.298,1904.462,992.838,366.323
VEN,Venezuela (Bolivarian Republic of),2024,58268.29,I,15094.397,3552.905,38.942,9.068
VNM,Viet Nam,1961,4100.0,A,,,,
VNM,Viet Nam,1962,4020.0,A,,,,
VNM,Viet Nam,1963,4500.0,E,,,,
VNM,Viet Nam,1964,5500.0,E,,,,
VNM,Viet Nam,1965,7500.0,A,,,,
VNM,Viet Nam,1966,6300.0,A,,,,
VNM,Viet Nam,1967,7000.0,E,,,,
VNM,Viet Nam,1968,6000.0,E,,,,
VNM,Viet Nam,1969,6500.0,E,,,,
VNM,Viet Nam,1970,7300.0,A,,,,
VNM,Viet Nam,1971,6500.0,A,,,,
VNM,Viet Nam,1972,7000.0,E,,,,
VNM,Viet Nam,1973,6600.0,E,,,,
VNM,Viet Nam,1974,6000.0,E,,,,
VNM,Viet Nam,1975,6800.0,A,,,,
VNM,Viet Nam,1976,9700.0,A,,,,
VNM,Viet Nam,1977,5600.0,A,,,,
VNM,Viet Nam,1978,5400.0,A,,,,
VNM,Viet Nam,1979,5100.0,A,,,,
VNM,Viet Nam,1980,8400.0,A,,,,
VNM,Viet Nam,1981,5300.0,A,,,,
VNM,Viet Nam,1982,5300.0,A,,,,
VNM,Viet Nam,1983,5700.0,A,,,,
VNM,Viet Nam,1984,4800.0,A,,,,
VNM,Viet Nam,1985,12300.0,A,,,,
VNM,Viet Nam,1986,25000.0,E,,,,
VNM,Viet Nam,1987,27500.0,E,,,,
VNM,Viet Nam,1988,42000.0,E,,,,
VNM,Viet Nam,1989,40900.0,A,,,,
VNM,Viet Nam,1990,92000.0,A,,,,
VNM,Viet Nam,1991,100000.0,A,,,,
VNM,Viet Nam,1992,119200.0,A,,,,
VNM,Viet Nam,1993,136100.0,A,,,,
VNM,Viet Nam,1994,180000.0,A,,,,
VNM,Viet Nam,1995,218000.0,A,712005.3250000001,250122.743,113.003,33.19
VNM,Viet Nam,1996,320100.0,A,420854.192,235270.821,979.633,513.085
VNM,Viet Nam,1997,420500.0,A,549443.233,379109.648,1041.533,834.687
VNM,Viet Nam,1998,409300.0,A,703287.022,421429.457,794.485,503.534
VNM,Viet Nam,1999,553200.0,A,633313.8489999999,432699.222,1317.925,857.12
VNM,Viet Nam,2000,802500.0,A,610977.729,578031.528,945.241,535.244
VNM,Viet Nam,2001,840600.0,A,484024.706,634625.423,7137.786,5742.505999999999
VNM,Viet Nam,2002,699500.0,A,407722.914,650671.082,3775.171,3577.965
VNM,Viet Nam,2003,793700.0,A,563941.151,655203.268,4330.303,3670.625
VNM,Viet Nam,2004,913800.0,X,693076.002,768370.135,3351.6739999999995,2343.329
VNM,Viet Nam,2005,831000.0,X,915941.36,837683.236,1573.117,939.176
VNM,Viet Nam,2006,985300.0,A,1316950.899,1008582.931,1974.495,1224.231
VNM,Viet Nam,2007,1251000.0,X,2011665.917,1183799.277,7732.908,4827.615
VNM,Viet Nam,2008,1055811.0,A,2280792.4250000003,1015944.736,9896.555,3913.836
VNM,Viet Nam,2009,1057539.6,A,1881931.879,1056538.411,13848.204,4775.342
VNM,Viet Nam,2010,1105700.0,A,1900116.259,1159480.484,10523.645,5047.412
VNM,Viet Nam,2011,1276506.0,A,2771747.629,1149699.828,26849.602,8035.048
VNM,Viet Nam,2012,1260463.0,A,3444777.965,1520344.248,30921.349,13092.68
VNM,Viet Nam,2013,1326688.0,A,2837532.494,1295436.606,47569.546,17004.653000000002
VNM,Viet Nam,2014,1406469.0,A,3160640.973,1484735.309,62356.709,16128.77
VNM,Viet Nam,2015,1452999.3,A,2593981.742,1264445.171,39672.19,15348.721
VNM,Viet Nam,2016,1460800.01,A,3109583.357,1648917.21,53967.269,32056.317
VNM,Viet Nam,2017,1542397.88,A,3218149.643,1437272.725,83480.879,36452.243
VNM,Viet Nam,2018,1616307.25,A,3254275.448,1251802.388,102660.689,33867.897000000004
VNM,Viet Nam,2019,1686765.17,A,2582443.661,1503971.052,69510.739,32206.037
VNM,Viet Nam,2020,1763476.04,A,2405204.554,1389821.596,87226.552,37805.178
VNM,Viet Nam,2021,1845032.98,A,2348027.379,1272064.872,77396.227,25023.102
VNM,Viet Nam,2022,1953990.16,A,3337660.967,1430056.251,105222.008,26762.845
VNM,Viet Nam,2023,1956782.46,A,3545600.981,1361025.088,146421.37600000002,40383.015
VNM,Viet Nam,2024,2015289.0,A,4065975.479,1092837.248,268571.322,69787.493
YEM,Yemen,1961,6300.0,X,,,,
YEM,Yemen,1962,6300.0,X,,,,
YEM,Yemen,1963,5800.0,X,,,,
YEM,Yemen,1964,5700.0,X,,,,
YEM,Yemen,1965,6300.0,X,,,,
YEM,Yemen,1966,5323.0,X,,,,
YEM,Yemen,1967,4423.0,X,,,,
YEM,Yemen,1968,4423.0,X,,,,
YEM,Yemen,1969,5013.0,X,,,,
YEM,Yemen,1970,4813.0,A,,,,
YEM,Yemen,1971,4823.0,A,,,,
YEM,Yemen,1972,4313.0,A,,,,
YEM,Yemen,1973,4313.0,A,,,,
YEM,Yemen,1974,4313.0,A,,,,
YEM,Yemen,1975,3810.0,A,,,,
YEM,Yemen,1976,3810.0,A,,,,
YEM,Yemen,1977,4710.0,A,,,,
YEM,Yemen,1978,4716.0,A,,,,
YEM,Yemen,1979,4410.0,A,,,,
YEM,Yemen,1980,4390.0,A,,,,
YEM,Yemen,1981,4405.0,A,,,,
YEM,Yemen,1982,4305.0,X,,,,
YEM,Yemen,1983,3917.0,X,,,,
YEM,Yemen,1984,5152.0,A,,,,
YEM,Yemen,1985,4913.0,A,,,,
YEM,Yemen,1986,5012.0,A,,,,
YEM,Yemen,1987,5111.0,A,,,,
YEM,Yemen,1988,6474.0,A,,,,
YEM,Yemen,1989,6807.0,A,,,,
YEM,Yemen,1990,7411.0,A,,,,
YEM,Yemen,1991,5430.0,A,,,,
YEM,Yemen,1992,8218.0,A,,,,
YEM,Yemen,1993,8727.0,A,,,,
YEM,Yemen,1994,8480.0,A,,,,
YEM,Yemen,1995,8993.0,A,20289.583,3911.662,153.36700000000002,36.726
YEM,Yemen,1996,10600.0,A,15791.929000000002,3735.0,174.381,79.43599999999999
YEM,Yemen,1997,10325.0,A,6071.834,1028.404,2617.511,939.487
YEM,Yemen,1998,11283.0,A,10321.364,3186.681,1440.534,461.773
YEM,Yemen,1999,11182.0,A,12470.164,3934.892,2090.363,746.488
YEM,Yemen,2000,11363.0,A,10343.856,4067.634,2123.365,1103.371
YEM,Yemen,2001,11906.0,A,13256.638,6166.7880000000005,1822.089,1253.4
YEM,Yemen,2002,11499.0,A,10649.354,5604.661,1096.857,821.723
YEM,Yemen,2003,11608.0,A,12840.302,6538.004999999999,961.218,668.708
YEM,Yemen,2004,10260.0,A,13227.524,5241.859,585.704,253.747
YEM,Yemen,2005,11331.0,A,19296.795,6066.317,369.115,278.596
YEM,Yemen,2006,17292.0,A,13836.308,3316.817,523.149,256.19
YEM,Yemen,2007,18330.0,A,17391.223,3917.701,1345.651,567.146
YEM,Yemen,2008,18788.0,A,17010.742,4647.986,1255.875,588.2
YEM,Yemen,2009,18924.0,A,14360.263,2542.442,697.031,333.127
YEM,Yemen,2010,19029.0,A,13644.979,2699.585,2310.287,1557.667
YEM,Yemen,2011,19275.0,A,16420.310999999998,2953.381,392.988,140.375
YEM,Yemen,2012,19828.0,A,16790.111,3570.672,1332.041,843.028
YEM,Yemen,2013,19984.0,A,17683.705,3255.892,2802.158,1582.346
YEM,Yemen,2014,20059.0,A,13853.476,3839.604,855.525,376.889
YEM,Yemen,2015,19257.0,A,12205.442,2765.76,1532.997,1112.748
YEM,Yemen,2016,18945.0,A,10063.099,2156.491,414.203,248.78
YEM,Yemen,2017,18767.0,A,15534.998,2897.512,1080.99,528.076
YEM,Yemen,2018,18642.0,A,16686.093,4008.247,1301.629,595.206
YEM,Yemen,2019,20812.0,A,12597.429999999998,2832.062,4652.773,2511.033
YEM,Yemen,2020,21443.0,X,7827.866,935.622,4203.157,1827.757
YEM,Yemen,2021,41933.49,X,11743.249,1402.132,7287.316,2341.495
YEM,Yemen,2022,23945.0,X,11194.66,1222.656,8775.175,2293.107
YEM,Yemen,2023,24640.0,X,10799.085,1397.532,6365.097,1677.318
YEM,Yemen,2024,26544.19,I,6887.698,651.638,648.388,191.584
ZMB,Zambia,1969,3.0,A,,,,
ZMB,Zambia,1970,7.0,A,,,,
ZMB,Zambia,1971,10.0,A,,,,
ZMB,Zambia,1972,7.0,A,,,,
ZMB,Zambia,1973,12.0,A,,,,
ZMB,Zambia,1974,13.0,A,,,,
ZMB,Zambia,1975,25.0,A,,,,
ZMB,Zambia,1976,37.0,A,,,,
ZMB,Zambia,1977,50.0,A,,,,
ZMB,Zambia,1978,80.0,A,,,,
ZMB,Zambia,1979,20.0,A,,,,
ZMB,Zambia,1980,30.0,A,,,,
ZMB,Zambia,1981,40.0,A,,,,
ZMB,Zambia,1982,66.0,A,,,,
ZMB,Zambia,1983,76.0,A,,,,
ZMB,Zambia,1984,200.0,E,,,,
ZMB,Zambia,1985,377.0,A,,,,
ZMB,Zambia,1986,600.0,A,,,,
ZMB,Zambia,1987,540.0,X,,,,
ZMB,Zambia,1988,540.0,X,,,,
ZMB,Zambia,1989,1500.0,X,,,,
ZMB,Zambia,1990,1380.0,X,,,,
ZMB,Zambia,1991,1329.0,A,,,,
ZMB,Zambia,1992,1792.0,A,,,,
ZMB,Zambia,1993,1531.0,A,,,,
ZMB,Zambia,1994,1582.0,A,,,,
ZMB,Zambia,1995,1232.0,A,6100.911,1826.616,3.556,1.463
ZMB,Zambia,1996,1580.0,A,6992.148,1473.418,19.484,0.0
ZMB,Zambia,1997,2167.0,A,6133.877,2031.069,879.305,369.625
ZMB,Zambia,1998,2628.0,A,10130.708,2591.435,1175.856,672.125
ZMB,Zambia,1999,3450.0,A,8840.478,3089.386,91.875,39.027
ZMB,Zambia,2000,2200.0,A,9330.611,4995.761,14.814,3.157
ZMB,Zambia,2001,5868.0,A,9453.077,6430.41,35.346,31.891
ZMB,Zambia,2002,5000.0,A,7639.637,4947.548,147.584,54.265
ZMB,Zambia,2003,6500.0,A,9902.184,6405.764999999999,63.193,39.802
ZMB,Zambia,2004,5881.0,A,14052.556,7180.56,102.723,74.84200000000001
ZMB,Zambia,2005,6684.64,A,15039.435,6743.394,32.125,12.489
ZMB,Zambia,2006,6126.7,A,12456.755,5026.69,45.859,11.084
ZMB,Zambia,2007,3431.84,A,10318.678,3622.618,68.37,22.182
ZMB,Zambia,2008,6584.09,I,10350.004,3387.187,147.168,57.731
ZMB,Zambia,2009,7140.61,I,7579.045,2616.1310000000003,102.785,49.078
ZMB,Zambia,2010,7390.95,I,5016.793,1449.961,133.189,37.479
ZMB,Zambia,2011,7120.19,I,2273.421,488.13,127.87,20.339
ZMB,Zambia,2012,7372.36,I,2205.54,504.646,122.287,30.052
ZMB,Zambia,2013,7415.12,I,2002.007,736.705,121.397,44.621
ZMB,Zambia,2014,7564.41,I,1128.921,318.747,96.282,24.789
ZMB,Zambia,2015,8051.05,I,751.4590000000001,219.923,149.251,57.222
ZMB,Zambia,2016,8732.02,I,2825.8,711.5349999999999,159.189,58.244
ZMB,Zambia,2017,8760.77,I,3727.97,1089.359,110.369,33.634
ZMB,Zambia,2018,8514.61,E,5807.473999999999,1566.298,176.41000000000005,55.391
ZMB,Zambia,2019,9003.91,I,5633.05,1713.403,132.71099999999998,50.158
ZMB,Zambia,2020,8759.76,E,7846.167,2877.335,196.542,70.268
ZMB,Zambia,2021,8759.43,E,14161.649,3061.482,163.07500000000002,48.374
ZMB,Zambia,2022,8841.03,E,19634.371,3764.767,214.387,25.228
ZMB,Zambia,2023,8786.74,E,16438.732,3430.2200000000003,92.039,18.421
ZMB,Zambia,2024,8795.73,E,22594.246,5596.192999999999,120.259,35.36
ZWE,Zimbabwe,1966,52.0,A,,,,
ZWE,Zimbabwe,1967,62.0,A,,,,
ZWE,Zimbabwe,1968,212.0,A,,,,
ZWE,Zimbabwe,1969,212.0,A,,,,
ZWE,Zimbabwe,1970,615.0,A,,,,
ZWE,Zimbabwe,1971,745.0,A,,,,
ZWE,Zimbabwe,1972,1255.0,A,,,,
ZWE,Zimbabwe,1973,1553.0,A,,,,
ZWE,Zimbabwe,1974,2581.0,A,,,,
ZWE,Zimbabwe,1975,3415.0,A,,,,
ZWE,Zimbabwe,1976,4639.0,A,,,,
ZWE,Zimbabwe,1977,4310.0,A,,,,
ZWE,Zimbabwe,1978,4977.0,A,,,,
ZWE,Zimbabwe,1979,4603.0,A,,,,
ZWE,Zimbabwe,1980,5261.0,A,,,,
ZWE,Zimbabwe,1981,5476.0,A,,,,
ZWE,Zimbabwe,1982,6073.0,A,,,,
ZWE,Zimbabwe,1983,8234.0,A,,,,
ZWE,Zimbabwe,1984,10720.0,A,,,,
ZWE,Zimbabwe,1985,11354.0,A,,,,
ZWE,Zimbabwe,1986,13486.0,A,,,,
ZWE,Zimbabwe,1987,11599.0,A,,,,
ZWE,Zimbabwe,1988,12627.0,A,,,,
ZWE,Zimbabwe,1989,14601.0,A,,,,
ZWE,Zimbabwe,1990,13569.0,A,,,,
ZWE,Zimbabwe,1991,12091.0,A,,,,
ZWE,Zimbabwe,1992,4995.0,A,,,,
ZWE,Zimbabwe,1993,4000.0,A,,,,
ZWE,Zimbabwe,1994,9420.0,X,,,,
ZWE,Zimbabwe,1995,7860.0,X,31717.836,10288.448,,
ZWE,Zimbabwe,1996,11500.0,A,18698.79,7018.196,155.195,108.0
ZWE,Zimbabwe,1997,9300.0,A,35070.774000000005,10393.617,,
ZWE,Zimbabwe,1998,10000.0,A,32414.696,8044.097,,
ZWE,Zimbabwe,1999,10000.0,A,22443.15,7433.865,,
ZWE,Zimbabwe,2000,9100.0,A,17422.547,8653.113,48.967000000000006,18.018
ZWE,Zimbabwe,2001,7518.0,A,10761.737,7108.871,40.209,27.515
ZWE,Zimbabwe,2002,8050.0,A,11269.336,6614.527,0.254,0.0789999999999999
ZWE,Zimbabwe,2003,10000.0,A,8786.54,5389.229,56.58,31.466
ZWE,Zimbabwe,2004,5800.0,X,10427.959,7347.295,111.951,63.898
ZWE,Zimbabwe,2005,3960.0,X,8870.618,4439.646,20.633,2.779
ZWE,Zimbabwe,2006,2700.0,X,6848.35,3152.669,76.174,24.092
ZWE,Zimbabwe,2007,1860.0,X,4580.812,2208.806,33.731,8.547
ZWE,Zimbabwe,2008,1440.0,X,3784.419,1386.152,147.615,49.6
ZWE,Zimbabwe,2009,1260.0,X,2903.469,1219.443,225.092,72.497
ZWE,Zimbabwe,2010,600.0,X,1316.276,448.879,252.033,53.538
ZWE,Zimbabwe,2011,540.0,X,1282.01,243.544,197.07,44.569
ZWE,Zimbabwe,2012,540.0,X,1123.272,246.156,95.741,29.18
ZWE,Zimbabwe,2013,763.9,I,599.135,149.638,80.372,26.983
ZWE,Zimbabwe,2014,850.0,E,1390.009,714.8969999999999,116.244,28.585
ZWE,Zimbabwe,2015,500.0,E,1788.221,566.579,46.74,18.951
ZWE,Zimbabwe,2016,700.0,E,2425.001,810.179,30.663000000000004,9.133
ZWE,Zimbabwe,2017,545.66,I,560.028,146.35399999999998,23.231,10.572
ZWE,Zimbabwe,2018,491.71,I,678.529,190.7,71.743,8.143
ZWE,Zimbabwe,2019,531.0,A,2386.312,448.232,281.696,37.934
ZWE,Zimbabwe,2020,579.0,A,1890.349,342.77500000000003,22.268,36.224
ZWE,Zimbabwe,2021,608.0,A,2073.099,367.972,34.741,11.363
ZWE,Zimbabwe,2022,681.0,A,1037.639,148.912,180.17,51.355
ZWE,Zimbabwe,2023,665.49,I,480.239,98.148,87.37,26.126
ZWE,Zimbabwe,2024,572.0,A,2839.201,444.39,12.075,18.526
